file	key	main_line	main_value	lc1_line	lc1_value	evidence_class
core/gpt_oss20b_tc.py	parameter:sliding_sink_attention_tc:allowed_mask	0	ABSENT	374	None	See review production default table; constants/internal defaults do not independently certify behavior
core/graft_arena.py	assignment:ArenaCache._attempt:S	2733	self._cache_len()	0	ABSENT	See review production default table; constants/internal defaults do not independently certify behavior
core/graft_arena.py	assignment:ArenaCache._finish_attempt:S	0	ABSENT	4477	self._cache_len()	See review production default table; constants/internal defaults do not independently certify behavior
core/graft_arena.py	env:ArenaCache._lsr_fixes_enabled:'GRM_LSR_FIXES'	0	ABSENT	3080	os.environ.get('GRM_LSR_FIXES', '')	See review production default table; constants/internal defaults do not independently certify behavior
core/graft_arena.py	parameter:ArenaCache.__init__:decisive_admission	0	ABSENT	76	None	See review production default table; constants/internal defaults do not independently certify behavior
core/graft_arena.py	parameter:ArenaCache.__init__:ephemeral	53	False	76	None	See review production default table; constants/internal defaults do not independently certify behavior
core/graft_arena.py	parameter:ArenaCache.__init__:revision_resolution	53	False	76	None	See review production default table; constants/internal defaults do not independently certify behavior
core/graft_arena.py	parameter:ArenaCache._attempt:suspended	0	ABSENT	4280	None	See review production default table; constants/internal defaults do not independently certify behavior
core/graft_arena.py	parameter:ArenaCache._capture_geometry:pin	0	ABSENT	550	None	See review production default table; constants/internal defaults do not independently certify behavior
core/graft_arena.py	parameter:ArenaCache._identifier_bearing_children:with_binding_flag	0	ABSENT	3266	False	See review production default table; constants/internal defaults do not independently certify behavior
core/graft_arena.py	parameter:ArenaCache._rs3_seat_plan:seat_near_live	0	ABSENT	633	None	See review production default table; constants/internal defaults do not independently certify behavior
core/graft_arena.py	parameter:ArenaCache.capture_shift_for:pin	0	ABSENT	526	None	See review production default table; constants/internal defaults do not independently certify behavior
core/graft_arena.py	parameter:ArenaCache.deposit:capture_pin	0	ABSENT	837	None	See review production default table; constants/internal defaults do not independently certify behavior
core/graft_arena.py	parameter:ArenaCache.deposit_from_cache:capture_pin	0	ABSENT	869	None	See review production default table; constants/internal defaults do not independently certify behavior
core/graft_arena.py	parameter:ArenaCache.step._demand_trip:rows	0	ABSENT	3861	None	See review production default table; constants/internal defaults do not independently certify behavior
core/graft_arena.py	parameter:ArenaCache.step.fit:plan	0	ABSENT	3481	None	See review production default table; constants/internal defaults do not independently certify behavior
core/graft_arena.py	parameter:ArenaCache.step.fit_detail:plan	0	ABSENT	3466	None	See review production default table; constants/internal defaults do not independently certify behavior
core/graft_arena.py	parameter:ArenaCache.step:demand_early_abort	0	ABSENT	3317	None	See review production default table; constants/internal defaults do not independently certify behavior
core/graft_arena.py	parameter:ArenaCache.step:demand_ngh	0	ABSENT	3317	None	See review production default table; constants/internal defaults do not independently certify behavior
core/graft_repository.py	assignment:GraftRepository:WIDTH_GUARD_PARENT_KIND	0	ABSENT	1055	'era'	See review production default table; constants/internal defaults do not independently certify behavior
core/graft_repository.py	assignment:GraftRepository:_SENTENCE_SPLIT	0	ABSENT	1085	re.compile('(?<=[.!?])\\s+|\\n+')	See review production default table; constants/internal defaults do not independently certify behavior
core/graft_repository.py	parameter:GraftRepository._guard_deposit_range:boundary	0	ABSENT	1310	'section'	See review production default table; constants/internal defaults do not independently certify behavior
core/graft_repository.py	parameter:GraftRepository._guard_deposit_width:boundary	0	ABSENT	1206	'section'	See review production default table; constants/internal defaults do not independently certify behavior
core/graft_repository.py	parameter:GraftRepository._guard_deposit_width:budget	0	ABSENT	1206	None	See review production default table; constants/internal defaults do not independently certify behavior
core/graft_repository.py	parameter:GraftRepository._width_fitting_chunks:boundary	0	ABSENT	1062	'section'	See review production default table; constants/internal defaults do not independently certify behavior
core/graft_repository.py	parameter:GraftRepository._width_guard_spans:boundary	0	ABSENT	1126	'section'	See review production default table; constants/internal defaults do not independently certify behavior
core/graft_repository.py	parameter:GraftRepository.configure_route_receipt_ledger:directory	0	ABSENT	521	None	See review production default table; constants/internal defaults do not independently certify behavior
core/graft_repository.py	parameter:GraftRepository.configure_route_receipt_ledger:enabled	0	ABSENT	521	True	See review production default table; constants/internal defaults do not independently certify behavior
core/graft_repository.py	parameter:GraftRepository.split_oversized:boundary	0	ABSENT	1332	'section'	See review production default table; constants/internal defaults do not independently certify behavior
core/graft_repository.py	parameter:GraftRepository.split_oversized:budget	0	ABSENT	1332	None	See review production default table; constants/internal defaults do not independently certify behavior
core/grm_admission.py	assignment::ABSTAIN_REASON_IDENTIFIER_UNBOUND	0	ABSENT	676	'identifier_unbound'	See review production default table; constants/internal defaults do not independently certify behavior
core/grm_admission.py	assignment::ABSTENTION_TEMPLATE	0	ABSENT	677	'Not in memory: no stored record matches {tokens}.'	See review production default table; constants/internal defaults do not independently certify behavior
core/grm_admission.py	assignment::ENV_NAME	0	ABSENT	23	'GRM_ADM_DECISIVE'	See review production default table; constants/internal defaults do not independently certify behavior
core/grm_admission.py	assignment::FROZEN_RULE_SHA256	0	ABSENT	24	'c304609f81475bd2ae3399ad180d3bb00cc5d2b44b1a49db570387c810defb91'	See review production default table; constants/internal defaults do not independently certify behavior
core/grm_admission.py	assignment::MARGIN_THRESHOLD	0	ABSENT	27	0.1385774091529802	See review production default table; constants/internal defaults do not independently certify behavior
core/grm_admission.py	assignment::RT1_ENV_NAME	0	ABSENT	180	'GRM_LSR_FIXES'	See review production default table; constants/internal defaults do not independently certify behavior
core/grm_admission.py	assignment::RT1_ONLY_ENV_NAME	0	ABSENT	189	'GRM_RT1_RULE'	See review production default table; constants/internal defaults do not independently certify behavior
core/grm_admission.py	assignment::RT1_RULE	0	ABSENT	170	"""a width-guard split child (or its index parent) that does not bind the question's identifier tokens in its OWN text never outranks a candidate that does, and a split member's binding is judged on its own text, never on the union surface inherited from its parent"""	See review production default table; constants/internal defaults do not independently certify behavior
core/grm_admission.py	assignment::_ENV_FALSE	0	ABSENT	30	frozenset(('0', 'false', 'no', 'off', ''))	See review production default table; constants/internal defaults do not independently certify behavior
core/grm_admission.py	assignment::_ENV_TRUE	0	ABSENT	29	frozenset(('1', 'true', 'yes', 'on'))	See review production default table; constants/internal defaults do not independently certify behavior
core/grm_admission.py	assignment::_RT1_OFF_TOKENS	0	ABSENT	191	('0', 'false', 'no', 'off')	See review production default table; constants/internal defaults do not independently certify behavior
core/grm_admission.py	env:env_adm_decisive_override:ENV_NAME	0	ABSENT	49	env.get(ENV_NAME, '')	See review production default table; constants/internal defaults do not independently certify behavior
core/grm_admission.py	env:rt1_enabled:RT1_ENV_NAME	0	ABSENT	217	os.environ.get(RT1_ENV_NAME, '')	See review production default table; constants/internal defaults do not independently certify behavior
core/grm_admission.py	env:rt1_enabled:RT1_ONLY_ENV_NAME	0	ABSENT	211	os.environ.get(RT1_ONLY_ENV_NAME)	See review production default table; constants/internal defaults do not independently certify behavior
core/grm_admission.py	parameter:adm_decisive_enabled:environ	0	ABSENT	57	None	See review production default table; constants/internal defaults do not independently certify behavior
core/grm_admission.py	parameter:adm_decisive_enabled:explicit	0	ABSENT	57	None	See review production default table; constants/internal defaults do not independently certify behavior
core/grm_admission.py	parameter:decisive_admission_profile:route_limit	0	ABSENT	345	None	See review production default table; constants/internal defaults do not independently certify behavior
core/grm_admission.py	parameter:env_adm_decisive_override:environ	0	ABSENT	37	None	See review production default table; constants/internal defaults do not independently certify behavior
core/grm_admission.py	parameter:fit_info_fields:served_without_plan_head	0	ABSENT	633	False	See review production default table; constants/internal defaults do not independently certify behavior
core/grm_admission.py	parameter:fit_info_fields:shuttle	0	ABSENT	633	False	See review production default table; constants/internal defaults do not independently certify behavior
core/grm_admission.py	parameter:fit_info_fields:shuttle_trips	0	ABSENT	633	()	See review production default table; constants/internal defaults do not independently certify behavior
core/grm_admission.py	parameter:mountable_budget:recency_reserve	0	ABSENT	740	0	See review production default table; constants/internal defaults do not independently certify behavior
core/grm_admission.py	parameter:policy_plan:margin_threshold	0	ABSENT	309	MARGIN_THRESHOLD	See review production default table; constants/internal defaults do not independently certify behavior
core/grm_admission.py	parameter:rt1_enabled:arena	0	ABSENT	194	None	See review production default table; constants/internal defaults do not independently certify behavior
core/grm_admission.py	parameter:rt1_info_fields:demoted	0	ABSENT	288	()	See review production default table; constants/internal defaults do not independently certify behavior
core/grm_admission.py	parameter:rt1_info_fields:ranking_before	0	ABSENT	288	()	See review production default table; constants/internal defaults do not independently certify behavior
core/grm_admission.py	parameter:rt1_info_fields:split_members	0	ABSENT	288	()	See review production default table; constants/internal defaults do not independently certify behavior
core/grm_admission.py	parameter:split_info_fields:chunk_trips	0	ABSENT	781	()	See review production default table; constants/internal defaults do not independently certify behavior
core/grm_admission.py	parameter:split_info_fields:descended_head	0	ABSENT	781	()	See review production default table; constants/internal defaults do not independently certify behavior
core/grm_admission.py	parameter:split_info_fields:split_children	0	ABSENT	781	()	See review production default table; constants/internal defaults do not independently certify behavior
core/grm_admission.py	parameter:split_info_fields:split_ephemeral	0	ABSENT	781	None	See review production default table; constants/internal defaults do not independently certify behavior
core/grm_admission.py	parameter:split_info_fields:split_parent	0	ABSENT	781	None	See review production default table; constants/internal defaults do not independently certify behavior
core/grm_demand.py	assignment::DEMAND_FETCH_SOURCE	0	ABSENT	74	'question_plus_prefix_reroute'	See review production default table; constants/internal defaults do not independently certify behavior
core/grm_demand.py	assignment::DEMAND_INFO_PREFIX	0	ABSENT	78	'demand_'	See review production default table; constants/internal defaults do not independently certify behavior
core/grm_demand.py	assignment::DEMAND_TRIP_CAP	0	ABSENT	68	1	See review production default table; constants/internal defaults do not independently certify behavior
core/grm_demand.py	assignment::ENV_EARLY_ABORT	0	ABSENT	64	'GRM_DEMAND_EARLY_ABORT'	See review production default table; constants/internal defaults do not independently certify behavior
core/grm_demand.py	assignment::ENV_NAME	0	ABSENT	49	'GRM_DEMAND_NGH'	See review production default table; constants/internal defaults do not independently certify behavior
core/grm_demand.py	assignment::REGISTERED_CONFIG_PATH	0	ABSENT	46	ROOT / 'config' / 'grm_demand_registered.json'	See review production default table; constants/internal defaults do not independently certify behavior
core/grm_demand.py	assignment::ROOT	0	ABSENT	45	Path(__file__).resolve().parents[1]	See review production default table; constants/internal defaults do not independently certify behavior
core/grm_demand.py	assignment::_ENV_FALSE	0	ABSENT	51	frozenset(('0', 'false', 'no', 'off'))	See review production default table; constants/internal defaults do not independently certify behavior
core/grm_demand.py	assignment::_ENV_TRUE	0	ABSENT	50	frozenset(('1', 'true', 'yes', 'on'))	See review production default table; constants/internal defaults do not independently certify behavior
core/grm_demand.py	env:demand_enabled:ENV_NAME	0	ABSENT	193	env.get(ENV_NAME, '')	See review production default table; constants/internal defaults do not independently certify behavior
core/grm_demand.py	env:early_abort_enabled:ENV_EARLY_ABORT	0	ABSENT	215	env.get(ENV_EARLY_ABORT, '')	See review production default table; constants/internal defaults do not independently certify behavior
core/grm_demand.py	parameter:DemandObserver.__enter__.forward_wrapper:last_only	0	ABSENT	366	True	See review production default table; constants/internal defaults do not independently certify behavior
core/grm_demand.py	parameter:DemandObserver.__enter__.sink_wrapper:attention_mask	0	ABSENT	332	None	See review production default table; constants/internal defaults do not independently certify behavior
core/grm_demand.py	parameter:DemandObserver.__enter__.sink_wrapper:num_heads_per_kv	0	ABSENT	332	1	See review production default table; constants/internal defaults do not independently certify behavior
core/grm_demand.py	parameter:DemandObserver.__enter__.sliding_wrapper:allowed_mask	0	ABSENT	349	None	See review production default table; constants/internal defaults do not independently certify behavior
core/grm_demand.py	parameter:DemandObserver.__enter__.sliding_wrapper:attn_block	0	ABSENT	349	128	See review production default table; constants/internal defaults do not independently certify behavior
core/grm_demand.py	parameter:DemandObserver.__enter__.sliding_wrapper:num_heads_per_kv	0	ABSENT	349	1	See review production default table; constants/internal defaults do not independently certify behavior
core/grm_demand.py	parameter:demand_enabled:environ	0	ABSENT	180	None	See review production default table; constants/internal defaults do not independently certify behavior
core/grm_demand.py	parameter:demand_enabled:explicit	0	ABSENT	180	None	See review production default table; constants/internal defaults do not independently certify behavior
core/grm_demand.py	parameter:demand_info_fields:abort_token_index	0	ABSENT	587	None	See review production default table; constants/internal defaults do not independently certify behavior
core/grm_demand.py	parameter:demand_info_fields:decision	0	ABSENT	587	None	See review production default table; constants/internal defaults do not independently certify behavior
core/grm_demand.py	parameter:demand_info_fields:early_abort	0	ABSENT	587	None	See review production default table; constants/internal defaults do not independently certify behavior
core/grm_demand.py	parameter:demand_info_fields:fetched	0	ABSENT	587	None	See review production default table; constants/internal defaults do not independently certify behavior
core/grm_demand.py	parameter:demand_info_fields:prefix_token_count	0	ABSENT	587	None	See review production default table; constants/internal defaults do not independently certify behavior
core/grm_demand.py	parameter:demand_info_fields:query_text_sha256	0	ABSENT	587	None	See review production default table; constants/internal defaults do not independently certify behavior
core/grm_demand.py	parameter:demand_info_fields:ranking	0	ABSENT	587	None	See review production default table; constants/internal defaults do not independently certify behavior
core/grm_demand.py	parameter:demand_info_fields:refire_token_index	0	ABSENT	587	None	See review production default table; constants/internal defaults do not independently certify behavior
core/grm_demand.py	parameter:demand_info_fields:refired	0	ABSENT	587	None	See review production default table; constants/internal defaults do not independently certify behavior
core/grm_demand.py	parameter:demand_info_fields:resumed_original	0	ABSENT	587	None	See review production default table; constants/internal defaults do not independently certify behavior
core/grm_demand.py	parameter:demand_info_fields:served	0	ABSENT	587	'original'	See review production default table; constants/internal defaults do not independently certify behavior
core/grm_demand.py	parameter:demand_info_fields:threshold	0	ABSENT	587	None	See review production default table; constants/internal defaults do not independently certify behavior
core/grm_demand.py	parameter:demand_info_fields:tokens_generated_before_abort	0	ABSENT	587	None	See review production default table; constants/internal defaults do not independently certify behavior
core/grm_demand.py	parameter:demand_info_fields:tokens_saved	0	ABSENT	587	None	See review production default table; constants/internal defaults do not independently certify behavior
core/grm_demand.py	parameter:demand_info_fields:trip_grounded	0	ABSENT	587	None	See review production default table; constants/internal defaults do not independently certify behavior
core/grm_demand.py	parameter:demand_info_fields:trip_taken	0	ABSENT	587	False	See review production default table; constants/internal defaults do not independently certify behavior
core/grm_demand.py	parameter:demand_info_fields:unsupported_reason	0	ABSENT	587	None	See review production default table; constants/internal defaults do not independently certify behavior
core/grm_demand.py	parameter:demand_info_fields:wall_ms_attempt	0	ABSENT	587	None	See review production default table; constants/internal defaults do not independently certify behavior
core/grm_demand.py	parameter:demand_info_fields:wall_ms_resume	0	ABSENT	587	None	See review production default table; constants/internal defaults do not independently certify behavior
core/grm_demand.py	parameter:demand_info_fields:wall_ms_trip	0	ABSENT	587	None	See review production default table; constants/internal defaults do not independently certify behavior
core/grm_demand.py	parameter:early_abort_enabled:environ	0	ABSENT	197	None	See review production default table; constants/internal defaults do not independently certify behavior
core/grm_demand.py	parameter:early_abort_enabled:explicit	0	ABSENT	197	None	See review production default table; constants/internal defaults do not independently certify behavior
core/grm_demand.py	parameter:load_registered:path	0	ABSENT	115	None	See review production default table; constants/internal defaults do not independently certify behavior
core/grm_demand.py	parameter:registered_threshold:path	0	ABSENT	149	None	See review production default table; constants/internal defaults do not independently certify behavior
core/grm_frame.py	assignment::CAPTURE_PINS	0	ABSENT	141	(CAPTURE_PIN_OFF, CAPTURE_PIN_MOUNT, CAPTURE_PIN_LIVE)	See review production default table; constants/internal defaults do not independently certify behavior
core/grm_frame.py	assignment::CAPTURE_PIN_ENV	0	ABSENT	122	'GRM_CAPTURE_PIN'	See review production default table; constants/internal defaults do not independently certify behavior
core/grm_frame.py	assignment::CAPTURE_PIN_LIVE	0	ABSENT	139	'live'	See review production default table; constants/internal defaults do not independently certify behavior
core/grm_frame.py	assignment::CAPTURE_PIN_MOUNT	0	ABSENT	135	'mount'	See review production default table; constants/internal defaults do not independently certify behavior
core/grm_frame.py	assignment::CAPTURE_PIN_OFF	0	ABSENT	130	'off'	See review production default table; constants/internal defaults do not independently certify behavior
core/grm_frame.py	assignment::ENV_NAME	0	ABSENT	44	'GRM_PERSISTENT_BOAT'	See review production default table; constants/internal defaults do not independently certify behavior
core/grm_frame.py	assignment::SEAT_NEAR_LIVE_ENV	0	ABSENT	126	'GRM_SEAT_NEAR_LIVE'	See review production default table; constants/internal defaults do not independently certify behavior
core/grm_frame.py	assignment::_CAPTURE_PIN_TOKENS	0	ABSENT	144	{CAPTURE_PIN_MOUNT: CAPTURE_PIN_MOUNT, CAPTURE_PIN_LIVE: CAPTURE_PIN_LIVE}	See review production default table; constants/internal defaults do not independently certify behavior
core/grm_frame.py	assignment::_ENV_FALSE	0	ABSENT	47	frozenset(('0', 'false', 'no', 'off', ''))	See review production default table; constants/internal defaults do not independently certify behavior
core/grm_frame.py	assignment::_ENV_TRUE	0	ABSENT	46	frozenset(('1', 'true', 'yes', 'on'))	See review production default table; constants/internal defaults do not independently certify behavior
core/grm_frame.py	env:env_capture_pin:CAPTURE_PIN_ENV	0	ABSENT	160	env.get(CAPTURE_PIN_ENV, '')	See review production default table; constants/internal defaults do not independently certify behavior
core/grm_frame.py	env:env_persistent_boat:ENV_NAME	0	ABSENT	61	env.get(ENV_NAME, '')	See review production default table; constants/internal defaults do not independently certify behavior
core/grm_frame.py	env:env_seat_near_live:SEAT_NEAR_LIVE_ENV	0	ABSENT	192	env.get(SEAT_NEAR_LIVE_ENV, '')	See review production default table; constants/internal defaults do not independently certify behavior
core/grm_frame.py	env:rs3_receipt:CAPTURE_PIN_ENV	0	ABSENT	213	(os.environ if environ is None else environ).get(CAPTURE_PIN_ENV)	See review production default table; constants/internal defaults do not independently certify behavior
core/grm_frame.py	env:rs3_receipt:SEAT_NEAR_LIVE_ENV	0	ABSENT	215	(os.environ if environ is None else environ).get(SEAT_NEAR_LIVE_ENV)	See review production default table; constants/internal defaults do not independently certify behavior
core/grm_frame.py	parameter:capture_pin_mode:environ	0	ABSENT	165	None	See review production default table; constants/internal defaults do not independently certify behavior
core/grm_frame.py	parameter:capture_pin_mode:explicit	0	ABSENT	165	None	See review production default table; constants/internal defaults do not independently certify behavior
core/grm_frame.py	parameter:env_capture_pin:environ	0	ABSENT	150	None	See review production default table; constants/internal defaults do not independently certify behavior
core/grm_frame.py	parameter:env_persistent_boat:environ	0	ABSENT	50	None	See review production default table; constants/internal defaults do not independently certify behavior
core/grm_frame.py	parameter:env_seat_near_live:environ	0	ABSENT	183	None	See review production default table; constants/internal defaults do not independently certify behavior
core/grm_frame.py	parameter:ephemeral_frame_enabled:environ	0	ABSENT	68	None	See review production default table; constants/internal defaults do not independently certify behavior
core/grm_frame.py	parameter:ephemeral_frame_enabled:explicit	0	ABSENT	68	None	See review production default table; constants/internal defaults do not independently certify behavior
core/grm_frame.py	parameter:frame_receipt:environ	0	ABSENT	83	None	See review production default table; constants/internal defaults do not independently certify behavior
core/grm_frame.py	parameter:rs3_receipt:environ	0	ABSENT	206	None	See review production default table; constants/internal defaults do not independently certify behavior
core/grm_frame.py	parameter:seat_near_live_enabled:environ	0	ABSENT	198	None	See review production default table; constants/internal defaults do not independently certify behavior
core/grm_frame.py	parameter:seat_near_live_enabled:explicit	0	ABSENT	198	None	See review production default table; constants/internal defaults do not independently certify behavior
core/grm_runtime.py	assignment::ROUTE_RECEIPT_INFO_KEY	0	ABSENT	17	'route_receipt_record'	See review production default table; constants/internal defaults do not independently certify behavior
core/grm_runtime.py	assignment::ROUTE_RECEIPT_SINK_INFO_KEY	0	ABSENT	18	'route_receipt_sink'	See review production default table; constants/internal defaults do not independently certify behavior
core/grm_supersession.py	assignment::ENV_NAME	0	ABSENT	15	'GRM_SUP_RESOLVE'	See review production default table; constants/internal defaults do not independently certify behavior
core/grm_supersession.py	assignment::_ENV_FALSE	0	ABSENT	17	frozenset(('0', 'false', 'no', 'off', ''))	See review production default table; constants/internal defaults do not independently certify behavior
core/grm_supersession.py	assignment::_ENV_TRUE	0	ABSENT	16	frozenset(('1', 'true', 'yes', 'on'))	See review production default table; constants/internal defaults do not independently certify behavior
core/grm_supersession.py	env:env_sup_resolve_override:ENV_NAME	0	ABSENT	32	env.get(ENV_NAME, '')	See review production default table; constants/internal defaults do not independently certify behavior
core/grm_supersession.py	parameter:env_sup_resolve_override:environ	0	ABSENT	20	None	See review production default table; constants/internal defaults do not independently certify behavior
core/grm_supersession.py	parameter:sup_resolve_enabled:environ	0	ABSENT	40	None	See review production default table; constants/internal defaults do not independently certify behavior
core/grm_supersession.py	parameter:sup_resolve_enabled:explicit	0	ABSENT	40	None	See review production default table; constants/internal defaults do not independently certify behavior
core/grm_text_norm.py	assignment::UNICODE_HYPHENS	0	ABSENT	28	('‐', '‑')	See review production default table; constants/internal defaults do not independently certify behavior
core/grm_text_norm.py	assignment::_EMPHASIS	0	ABSENT	33	re.compile('(\\*\\*|__|\\*|_)([^\\n]+?)\\1')	See review production default table; constants/internal defaults do not independently certify behavior
core/grm_three_pass.py	assignment::ROUTE_RECEIPT_INFO_KEYS	0	ABSENT	452	('served_without_plan_head',)	See review production default table; constants/internal defaults do not independently certify behavior
core/grm_three_pass.py	assignment::ROUTE_RECEIPT_INFO_PREFIXES	0	ABSENT	450	('fit_', 'abstain', 'demand_', 'grounding_', 'frame_', 'recency_', 'live_segments_')	See review production default table; constants/internal defaults do not independently certify behavior
core/grm_three_pass.py	assignment::ROUTE_RECEIPT_SCHEMA	0	ABSENT	21	'grm.route_receipt.v1'	See review production default table; constants/internal defaults do not independently certify behavior
core/grm_three_pass.py	assignment::_ROUTE_RECEIPT_CLAIMED_INFO_KEYS	0	ABSENT	456	frozenset({'route_receipt', 'route_backend', 'trip', 'clean_room', 'mounts', 'mount_plan', 'mount_fitted', 'mount_dropped_for_width', 'ranking_ids', 'no_mount_fit', 'resident', 'evicted', 'live_tokens', 'extraction', '_deferred_memory', 'driver_probe_multimount', 'driver_probe_ladder', 'driver_topk', 'point_lookup', 'precise_first', 'ungrounded_kept_first', 'admission_policy', 'admission_policy_branch', 'admission_rank_plan', 'admission_identifier_hit_count', 'admission_identified_candidates', 'admission_route_margin_1_2', 'admission_route_margin_evaluated', 'admission_margin_threshold', 'admission_rule_sha256'})	See review production default table; constants/internal defaults do not independently certify behavior
core/grm_three_pass.py	parameter:build_route_receipt:admission_profile	0	ABSENT	510	None	See review production default table; constants/internal defaults do not independently certify behavior
core/grm_three_pass.py	parameter:build_route_receipt:arena	0	ABSENT	510	None	See review production default table; constants/internal defaults do not independently certify behavior
core/grm_three_pass.py	parameter:build_route_receipt:arena_before_sha256	0	ABSENT	510	None	See review production default table; constants/internal defaults do not independently certify behavior
core/grm_three_pass.py	parameter:build_route_receipt:candidate_count	0	ABSENT	510	None	See review production default table; constants/internal defaults do not independently certify behavior
core/grm_three_pass.py	parameter:build_route_receipt:excluded_live_ids	0	ABSENT	510	None	See review production default table; constants/internal defaults do not independently certify behavior
core/grm_three_pass.py	parameter:build_route_receipt:excluded_recency_ids	0	ABSENT	510	None	See review production default table; constants/internal defaults do not independently certify behavior
core/grm_three_pass.py	parameter:build_route_receipt:info	0	ABSENT	510	None	See review production default table; constants/internal defaults do not independently certify behavior
core/grm_three_pass.py	parameter:build_route_receipt:output_sha256	0	ABSENT	510	None	See review production default table; constants/internal defaults do not independently certify behavior
core/grm_three_pass.py	parameter:build_route_receipt:output_text	0	ABSENT	510	None	See review production default table; constants/internal defaults do not independently certify behavior
core/grm_three_pass.py	parameter:build_route_receipt:ranking_ids	0	ABSENT	510	None	See review production default table; constants/internal defaults do not independently certify behavior
core/grm_three_pass.py	parameter:build_route_receipt:ranking_scores	0	ABSENT	510	None	See review production default table; constants/internal defaults do not independently certify behavior
core/grm_three_pass.py	parameter:build_route_receipt:repository	0	ABSENT	510	None	See review production default table; constants/internal defaults do not independently certify behavior
core/grm_three_pass.py	parameter:build_route_receipt:repository_size	0	ABSENT	510	None	See review production default table; constants/internal defaults do not independently certify behavior
core/grm_three_pass.py	parameter:build_route_receipt:request_sha256	0	ABSENT	510	None	See review production default table; constants/internal defaults do not independently certify behavior
core/grm_three_pass.py	parameter:build_route_receipt:request_text	0	ABSENT	510	None	See review production default table; constants/internal defaults do not independently certify behavior
core/grm_three_pass.py	parameter:build_route_receipt:route_limit	0	ABSENT	510	None	See review production default table; constants/internal defaults do not independently certify behavior
core/grm_three_pass.py	parameter:build_route_receipt:serving_path	0	ABSENT	510	'unknown'	See review production default table; constants/internal defaults do not independently certify behavior
core/grm_three_pass.py	parameter:build_route_receipt:trips	0	ABSENT	510	None	See review production default table; constants/internal defaults do not independently certify behavior
core/grm_three_pass.py	parameter:build_route_receipt:turn_kind	0	ABSENT	510	None	See review production default table; constants/internal defaults do not independently certify behavior
core/qwen38_tc.py	assignment::CALIBRATED_FIXED_PEAK_OVERHEAD_MIB	0	ABSENT	57	1185	See review production default table; constants/internal defaults do not independently certify behavior
core/qwen38_tc.py	assignment::DEFAULT_KV_BLOCK	0	ABSENT	39	256	See review production default table; constants/internal defaults do not independently certify behavior
core/qwen38_tc.py	assignment::DEFAULT_LC_LM_HEAD_CHUNK_ROWS	0	ABSENT	49	6208	See review production default table; constants/internal defaults do not independently certify behavior
core/qwen38_tc.py	assignment::DEFAULT_MAX_CONTEXT	0	ABSENT	37	4096	See review production default table; constants/internal defaults do not independently certify behavior
core/qwen38_tc.py	assignment::DEFAULT_PREFILL_CHUNK	0	ABSENT	38	64	See review production default table; constants/internal defaults do not independently certify behavior
core/qwen38_tc.py	assignment::LEGACY_ATTENTION_MAX_CONTEXT	0	ABSENT	43	DEFAULT_MAX_CONTEXT	See review production default table; constants/internal defaults do not independently certify behavior
core/qwen38_tc.py	assignment::VRAM_CEILING_MIB	0	ABSENT	52	12000	See review production default table; constants/internal defaults do not independently certify behavior
core/qwen38_tc.py	assignment:Qwen38AttentionTC.__call__:(B, L, _)	0	ABSENT	577	x.shape	See review production default table; constants/internal defaults do not independently certify behavior
core/qwen38_tc.py	assignment:Qwen38AttentionTC.__call__:(H, KV, D, R)	0	ABSENT	578	(cfg.num_heads, cfg.num_kv_heads, cfg.head_dim, cfg.partial_rotary_dim)	See review production default table; constants/internal defaults do not independently certify behavior
core/qwen38_tc.py	assignment:Qwen38AttentionTC._streaming_standard_attention:(B, H, L, D)	0	ABSENT	535	q.shape	See review production default table; constants/internal defaults do not independently certify behavior
core/qwen38_tc.py	assignment:Qwen38AttentionTC._streaming_standard_attention:KV	0	ABSENT	536	self.cfg.num_kv_heads	See review production default table; constants/internal defaults do not independently certify behavior
core/qwen38_tc.py	assignment:Qwen38DeviceKVCache.storage_bytes:(B, KV, _, D)	0	ABSENT	475	self.kb.shape	See review production default table; constants/internal defaults do not independently certify behavior
core/qwen38_tc.py	assignment:Qwen38_TC.__call__:(_, L)	578	input_ids_np.shape	0	ABSENT	See review production default table; constants/internal defaults do not independently certify behavior
core/qwen38_tc.py	assignment:Qwen38_TC._forward:(_, L)	0	ABSENT	1094	input_ids_np.shape	See review production default table; constants/internal defaults do not independently certify behavior
core/qwen38_tc.py	assignment:Qwen38_TC._forward_concat:(_, L)	0	ABSENT	1065	input_ids_np.shape	See review production default table; constants/internal defaults do not independently certify behavior
core/qwen38_tc.py	parameter:Qwen38AttentionTC.__call__:kv_cache	0	ABSENT	573	None	See review production default table; constants/internal defaults do not independently certify behavior
core/qwen38_tc.py	parameter:Qwen38AttentionTC.__call__:position_offset	0	ABSENT	573	0	See review production default table; constants/internal defaults do not independently certify behavior
core/qwen38_tc.py	parameter:Qwen38DeviceKVCache.__init__:int8	0	ABSENT	399	False	See review production default table; constants/internal defaults do not independently certify behavior
core/qwen38_tc.py	parameter:Qwen38_TC.__init__:force_tiled_attention	0	ABSENT	965	False	See review production default table; constants/internal defaults do not independently certify behavior
core/qwen38_tc.py	parameter:Qwen38_TC.__init__:kv_block_rows	0	ABSENT	965	DEFAULT_KV_BLOCK	See review production default table; constants/internal defaults do not independently certify behavior
core/qwen38_tc.py	parameter:Qwen38_TC.__init__:kv_host	0	ABSENT	965	False	See review production default table; constants/internal defaults do not independently certify behavior
core/qwen38_tc.py	parameter:Qwen38_TC.__init__:kv_int8	0	ABSENT	965	False	See review production default table; constants/internal defaults do not independently certify behavior
core/qwen38_tc.py	parameter:Qwen38_TC.__init__:lm_head_chunk_rows	561	DEFAULT_LM_HEAD_CHUNK_ROWS	965	None	See review production default table; constants/internal defaults do not independently certify behavior
core/qwen38_tc.py	parameter:Qwen38_TC.__init__:max_context	0	ABSENT	965	DEFAULT_MAX_CONTEXT	See review production default table; constants/internal defaults do not independently certify behavior
core/qwen38_tc.py	parameter:Qwen38_TC.__init__:prefill_chunk	0	ABSENT	965	DEFAULT_PREFILL_CHUNK	See review production default table; constants/internal defaults do not independently certify behavior
core/qwen38_tc.py	parameter:Qwen38_TC._forward:caches	0	ABSENT	1092	None	See review production default table; constants/internal defaults do not independently certify behavior
core/qwen38_tc.py	parameter:Qwen38_TC._forward:last_token_only	0	ABSENT	1092	False	See review production default table; constants/internal defaults do not independently certify behavior
core/qwen38_tc.py	parameter:Qwen38_TC._forward:max_layers	0	ABSENT	1092	None	See review production default table; constants/internal defaults do not independently certify behavior
core/qwen38_tc.py	parameter:Qwen38_TC._forward:position_offset	0	ABSENT	1092	0	See review production default table; constants/internal defaults do not independently certify behavior
core/qwen38_tc.py	parameter:Qwen38_TC._forward_concat:caches	0	ABSENT	1062	None	See review production default table; constants/internal defaults do not independently certify behavior
core/qwen38_tc.py	parameter:Qwen38_TC._forward_concat:last_token_only	0	ABSENT	1062	False	See review production default table; constants/internal defaults do not independently certify behavior
core/qwen38_tc.py	parameter:Qwen38_TC._forward_concat:max_layers	0	ABSENT	1062	None	See review production default table; constants/internal defaults do not independently certify behavior
core/qwen38_tc.py	parameter:Qwen38_TC._forward_concat:position_offset	0	ABSENT	1062	0	See review production default table; constants/internal defaults do not independently certify behavior
core/qwen38_tc.py	parameter:Qwen38_TC.from_pretrained:cache_read_only	0	ABSENT	1288	False	See review production default table; constants/internal defaults do not independently certify behavior
core/qwen38_tc.py	parameter:Qwen38_TC.from_pretrained:force_tiled_attention	0	ABSENT	1288	False	See review production default table; constants/internal defaults do not independently certify behavior
core/qwen38_tc.py	parameter:Qwen38_TC.from_pretrained:kv_block_rows	0	ABSENT	1288	DEFAULT_KV_BLOCK	See review production default table; constants/internal defaults do not independently certify behavior
core/qwen38_tc.py	parameter:Qwen38_TC.from_pretrained:kv_host	0	ABSENT	1288	False	See review production default table; constants/internal defaults do not independently certify behavior
core/qwen38_tc.py	parameter:Qwen38_TC.from_pretrained:kv_int8	0	ABSENT	1288	False	See review production default table; constants/internal defaults do not independently certify behavior
core/qwen38_tc.py	parameter:Qwen38_TC.from_pretrained:lm_head_chunk_rows	744	DEFAULT_LM_HEAD_CHUNK_ROWS	1288	None	See review production default table; constants/internal defaults do not independently certify behavior
core/qwen38_tc.py	parameter:Qwen38_TC.from_pretrained:max_context	0	ABSENT	1288	DEFAULT_MAX_CONTEXT	See review production default table; constants/internal defaults do not independently certify behavior
core/qwen38_tc.py	parameter:Qwen38_TC.from_pretrained:prefill_chunk	0	ABSENT	1288	DEFAULT_PREFILL_CHUNK	See review production default table; constants/internal defaults do not independently certify behavior
core/qwen38_tc.py	parameter:Qwen38_TC.load_weights:cache_read_only	0	ABSENT	1188	False	See review production default table; constants/internal defaults do not independently certify behavior
core/qwen38_tc.py	parameter:Qwen38_TC.new_caches:batch_size	0	ABSENT	1005	1	See review production default table; constants/internal defaults do not independently certify behavior
core/qwen38_tc.py	parameter:Qwen38_TC.take_preallocated_caches:batch_size	0	ABSENT	1022	1	See review production default table; constants/internal defaults do not independently certify behavior
core/qwen38_tc.py	parameter:_device_zeros:dtype	0	ABSENT	379	'bfloat16'	See review production default table; constants/internal defaults do not independently certify behavior
core/qwen38_tc.py	parameter:compute_qwen38_memory_budget:context_tokens	831	128	1390	DEFAULT_MAX_CONTEXT	See review production default table; constants/internal defaults do not independently certify behavior
core/qwen38_tc.py	parameter:compute_qwen38_memory_budget:kv_block_rows	0	ABSENT	1390	DEFAULT_KV_BLOCK	See review production default table; constants/internal defaults do not independently certify behavior
core/qwen38_tc.py	parameter:compute_qwen38_memory_budget:kv_host	0	ABSENT	1390	False	See review production default table; constants/internal defaults do not independently certify behavior
core/qwen38_tc.py	parameter:compute_qwen38_memory_budget:kv_int8	0	ABSENT	1390	False	See review production default table; constants/internal defaults do not independently certify behavior
core/qwen38_tc.py	parameter:compute_qwen38_memory_budget:lm_head_chunk_rows	0	ABSENT	1390	None	See review production default table; constants/internal defaults do not independently certify behavior
core/qwen38_tc.py	parameter:compute_qwen38_memory_budget:prefill_chunk	0	ABSENT	1390	DEFAULT_PREFILL_CHUNK	See review production default table; constants/internal defaults do not independently certify behavior
core/qwen38_tc.py	parameter:gate_kv_int8_pack:seed	0	ABSENT	152	3811	See review production default table; constants/internal defaults do not independently certify behavior
core/qwen38_tc.py	parameter:gate_online_softmax_tiled_np:seed	0	ABSENT	246	3821	See review production default table; constants/internal defaults do not independently certify behavior
core/qwen38_tc.py	parameter:online_softmax_tiled_np:position_offset	0	ABSENT	202	0	See review production default table; constants/internal defaults do not independently certify behavior
core/qwen38_tc.py	parameter:select_qwen38_attn_path:force_tiled	0	ABSENT	172	False	See review production default table; constants/internal defaults do not independently certify behavior
core/qwen38_tc.py	parameter:select_qwen38_attn_path:kv_host	0	ABSENT	172	False	See review production default table; constants/internal defaults do not independently certify behavior
core/qwen38_tc.py	parameter:select_qwen38_attn_path:kv_int8	0	ABSENT	172	False	See review production default table; constants/internal defaults do not independently certify behavior
core/qwen38_tc.py	parameter:select_qwen38_kv_cache:force_tiled	0	ABSENT	182	False	See review production default table; constants/internal defaults do not independently certify behavior
core/qwen38_tc.py	parameter:select_qwen38_kv_cache:kv_host	0	ABSENT	182	False	See review production default table; constants/internal defaults do not independently certify behavior
core/qwen38_tc.py	parameter:select_qwen38_kv_cache:kv_int8	0	ABSENT	182	False	See review production default table; constants/internal defaults do not independently certify behavior
core/qwen38_tc.py	parameter:validate_qwen38_memory_budget:ceiling_mib	0	ABSENT	1484	VRAM_CEILING_MIB	See review production default table; constants/internal defaults do not independently certify behavior
scripts/glc_p0_audit.py	assignment::PORT_CORE	0	ABSENT	36	REPO_ROOT / 'core' / 'gpt_oss20b_tc.py'	New harness/internal default: not a production adoption receipt; see file order/registration and reference inventory
scripts/glc_p0_audit.py	assignment::POSITIONS	0	ABSENT	34	(0, 511, 1023, 2047, 2559)	New harness/internal default: not a production adoption receipt; see file order/registration and reference inventory
scripts/glc_p0_audit.py	assignment::RELATIVE_EPSILON	0	ABSENT	35	1e-12	New harness/internal default: not a production adoption receipt; see file order/registration and reference inventory
scripts/glc_p0_audit.py	assignment::REPO_ROOT	0	ABSENT	25	SCRIPT_PATH.parents[1]	New harness/internal default: not a production adoption receipt; see file order/registration and reference inventory
scripts/glc_p0_audit.py	assignment::SCRIPT_DIR	0	ABSENT	24	SCRIPT_PATH.parent	New harness/internal default: not a production adoption receipt; see file order/registration and reference inventory
scripts/glc_p0_audit.py	assignment::SCRIPT_PATH	0	ABSENT	23	Path(__file__).resolve()	New harness/internal default: not a production adoption receipt; see file order/registration and reference inventory
scripts/glc_p0_audit.py	assignment::TC_FUNCTIONAL	0	ABSENT	37	Path('/mnt/ForgeRealm/Project-Tensor/tensor_cuda/tensor_cuda/functional.py')	New harness/internal default: not a production adoption receipt; see file order/registration and reference inventory
scripts/glc_p0_audit.py	assignment::TC_KERNELS	0	ABSENT	41	Path('/mnt/ForgeRealm/Project-Tensor/tensor_cuda/src/kernels.cu')	New harness/internal default: not a production adoption receipt; see file order/registration and reference inventory
scripts/glc_p0_audit.py	assignment::TC_OPS	0	ABSENT	40	Path('/mnt/ForgeRealm/Project-Tensor/tensor_cuda/src/ops.cpp')	New harness/internal default: not a production adoption receipt; see file order/registration and reference inventory
scripts/glc_p0_audit.py	cli:parse_args:'--model-dir'	0	ABSENT	47	default=common.MODEL_DIR	New harness/internal default: not a production adoption receipt; see file order/registration and reference inventory
scripts/glc_p0_audit.py	cli:parse_args:'--output-dir'	0	ABSENT	48	default=common.OUTPUT_ROOT	New harness/internal default: not a production adoption receipt; see file order/registration and reference inventory
scripts/glc_p0_audit.py	cli:parse_args:'mode'	0	ABSENT	46	choices=('audit', 'self-test'); default='audit'; nargs='?'	New harness/internal default: not a production adoption receipt; see file order/registration and reference inventory
scripts/glc_p0_audit.py	env::'HF_HUB_OFFLINE'	0	ABSENT	20	os.environ.setdefault('HF_HUB_OFFLINE', '1')	New harness/internal default: not a production adoption receipt; see file order/registration and reference inventory
scripts/glc_p0_audit.py	env::'PYTHONDONTWRITEBYTECODE'	0	ABSENT	19	os.environ.setdefault('PYTHONDONTWRITEBYTECODE', '1')	New harness/internal default: not a production adoption receipt; see file order/registration and reference inventory
scripts/glc_p0_audit.py	env::'TRANSFORMERS_OFFLINE'	0	ABSENT	21	os.environ.setdefault('TRANSFORMERS_OFFLINE', '1')	New harness/internal default: not a production adoption receipt; see file order/registration and reference inventory
scripts/glc_p0_audit.py	parameter:CpuTC.tensor:device	0	ABSENT	81	None	New harness/internal default: not a production adoption receipt; see file order/registration and reference inventory
scripts/glc_p0_audit.py	parameter:CpuTC.tensor:dtype	0	ABSENT	81	'float32'	New harness/internal default: not a production adoption receipt; see file order/registration and reference inventory
scripts/glc_p0_audit.py	parameter:CpuTensor.__init__:dtype	0	ABSENT	55	'float32'	New harness/internal default: not a production adoption receipt; see file order/registration and reference inventory
scripts/glc_p0_common.py	assignment::CONTROL_ARRAYS	0	ABSENT	34	CONTROL_ROOT / 'controls.npz'	New harness/internal default: not a production adoption receipt; see file order/registration and reference inventory
scripts/glc_p0_common.py	assignment::CONTROL_MANIFEST	0	ABSENT	33	CONTROL_ROOT / 'control_manifest.json'	New harness/internal default: not a production adoption receipt; see file order/registration and reference inventory
scripts/glc_p0_common.py	assignment::CONTROL_ROOT	0	ABSENT	32	REPO_ROOT / 'artifacts' / 'moe_e1_3b'	New harness/internal default: not a production adoption receipt; see file order/registration and reference inventory
scripts/glc_p0_common.py	assignment::EXPECTED_CONTROL_ARRAYS_SHA256	0	ABSENT	51	'27fbcebf7d176cc33fd8143c3ac20cb19d32fb3a58a6ae5f71dd89ccec4e4210'	New harness/internal default: not a production adoption receipt; see file order/registration and reference inventory
scripts/glc_p0_common.py	assignment::EXPECTED_WIKITEXT_SHA256	0	ABSENT	54	'2fde696c089735c20dd8869a31fa58374041ee5d38b81f6f2d13de656f8bdd15'	New harness/internal default: not a production adoption receipt; see file order/registration and reference inventory
scripts/glc_p0_common.py	assignment::HG1_DELTA_NATS_MAX	0	ABSENT	46	0.05	New harness/internal default: not a production adoption receipt; see file order/registration and reference inventory
scripts/glc_p0_common.py	assignment::LONG_PROBE_POSITIONS	0	ABSENT	49	(100, 500, 1100, 2100, 2500)	New harness/internal default: not a production adoption receipt; see file order/registration and reference inventory
scripts/glc_p0_common.py	assignment::LONG_SEQUENCE_LENGTH	0	ABSENT	44	2560	New harness/internal default: not a production adoption receipt; see file order/registration and reference inventory
scripts/glc_p0_common.py	assignment::LONG_TO_SHORT_DEVIATION_RATIO	0	ABSENT	47	10.0	New harness/internal default: not a production adoption receipt; see file order/registration and reference inventory
scripts/glc_p0_common.py	assignment::MODEL_DIR	0	ABSENT	36	Path('/home/vader/.cache/huggingface/hub/models--openai--gpt-oss-20b/snapshots/6cee5e81ee83917806bbde320786a8fb61efebee')	New harness/internal default: not a production adoption receipt; see file order/registration and reference inventory
scripts/glc_p0_common.py	assignment::MODEL_REVISION	0	ABSENT	40	'6cee5e81ee83917806bbde320786a8fb61efebee'	New harness/internal default: not a production adoption receipt; see file order/registration and reference inventory
scripts/glc_p0_common.py	assignment::N_TARGETS	0	ABSENT	45	511	New harness/internal default: not a production adoption receipt; see file order/registration and reference inventory
scripts/glc_p0_common.py	assignment::OUTPUT_ROOT	0	ABSENT	31	REPO_ROOT / 'artifacts' / 'glc_p0'	New harness/internal default: not a production adoption receipt; see file order/registration and reference inventory
scripts/glc_p0_common.py	assignment::PLAN_PATH	0	ABSENT	30	REPO_ROOT / 'docs' / 'GLC_LONG_CONTEXT_PLAN.md'	New harness/internal default: not a production adoption receipt; see file order/registration and reference inventory
scripts/glc_p0_common.py	assignment::PORT_RUNS	0	ABSENT	35	CONTROL_ROOT / 'runs'	New harness/internal default: not a production adoption receipt; see file order/registration and reference inventory
scripts/glc_p0_common.py	assignment::RAMP_LENGTHS	0	ABSENT	42	(1024, 1536, 2048, 2304, 2560)	New harness/internal default: not a production adoption receipt; see file order/registration and reference inventory
scripts/glc_p0_common.py	assignment::REPO_ROOT	0	ABSENT	29	SCRIPT_PATH.parents[1]	New harness/internal default: not a production adoption receipt; see file order/registration and reference inventory
scripts/glc_p0_common.py	assignment::SCRIPT_PATH	0	ABSENT	28	Path(__file__).resolve()	New harness/internal default: not a production adoption receipt; see file order/registration and reference inventory
scripts/glc_p0_common.py	assignment::SHORT_PROBE_POSITIONS	0	ABSENT	48	(100, 500)	New harness/internal default: not a production adoption receipt; see file order/registration and reference inventory
scripts/glc_p0_common.py	assignment::SHORT_SEQUENCE_LENGTH	0	ABSENT	43	512	New harness/internal default: not a production adoption receipt; see file order/registration and reference inventory
scripts/glc_p0_common.py	env::'HF_HUB_OFFLINE'	0	ABSENT	25	os.environ.setdefault('HF_HUB_OFFLINE', '1')	New harness/internal default: not a production adoption receipt; see file order/registration and reference inventory
scripts/glc_p0_common.py	env::'PYTHONDONTWRITEBYTECODE'	0	ABSENT	24	os.environ.setdefault('PYTHONDONTWRITEBYTECODE', '1')	New harness/internal default: not a production adoption receipt; see file order/registration and reference inventory
scripts/glc_p0_common.py	env::'TRANSFORMERS_OFFLINE'	0	ABSENT	26	os.environ.setdefault('TRANSFORMERS_OFFLINE', '1')	New harness/internal default: not a production adoption receipt; see file order/registration and reference inventory
scripts/glc_p0_common.py	env:load_hf_reference_model:'HF_HUB_OFFLINE'	0	ABSENT	309	os.environ.get('HF_HUB_OFFLINE')	New harness/internal default: not a production adoption receipt; see file order/registration and reference inventory
scripts/glc_p0_common.py	env:load_hf_reference_model:'TRANSFORMERS_OFFLINE'	0	ABSENT	311	os.environ.get('TRANSFORMERS_OFFLINE')	New harness/internal default: not a production adoption receipt; see file order/registration and reference inventory
scripts/glc_p0_common.py	env:runtime_facts:'CUDA_VISIBLE_DEVICES'	0	ABSENT	271	os.environ.get('CUDA_VISIBLE_DEVICES')	New harness/internal default: not a production adoption receipt; see file order/registration and reference inventory
scripts/glc_p0_common.py	env:runtime_facts:'HF_HUB_OFFLINE'	0	ABSENT	261	os.environ.get('HF_HUB_OFFLINE')	New harness/internal default: not a production adoption receipt; see file order/registration and reference inventory
scripts/glc_p0_common.py	env:runtime_facts:'TRANSFORMERS_OFFLINE'	0	ABSENT	262	os.environ.get('TRANSFORMERS_OFFLINE')	New harness/internal default: not a production adoption receipt; see file order/registration and reference inventory
scripts/glc_p0_common.py	parameter:write_once_text:executable	0	ABSENT	113	False	New harness/internal default: not a production adoption receipt; see file order/registration and reference inventory
scripts/glc_p0_divergence.py	assignment::DIV_OUTPUT	0	ABSENT	40	common.OUTPUT_ROOT / 'divergence'	New harness/internal default: not a production adoption receipt; see file order/registration and reference inventory
scripts/glc_p0_divergence.py	assignment::HIDDEN_DIM	0	ABSENT	42	2880	New harness/internal default: not a production adoption receipt; see file order/registration and reference inventory
scripts/glc_p0_divergence.py	assignment::N_LAYERS	0	ABSENT	41	24	New harness/internal default: not a production adoption receipt; see file order/registration and reference inventory
scripts/glc_p0_divergence.py	assignment::OP_NAMES	0	ABSENT	43	('layer_input', 'attention_norm', 'attention_output', 'post_attention_residual', 'mlp_norm', 'mlp_output', 'layer_output')	New harness/internal default: not a production adoption receipt; see file order/registration and reference inventory
scripts/glc_p0_divergence.py	assignment::SCRIPT_DIR	0	ABSENT	33	SCRIPT_PATH.parent	New harness/internal default: not a production adoption receipt; see file order/registration and reference inventory
scripts/glc_p0_divergence.py	assignment::SCRIPT_PATH	0	ABSENT	32	Path(__file__).resolve()	New harness/internal default: not a production adoption receipt; see file order/registration and reference inventory
scripts/glc_p0_divergence.py	cli:parse_args:'--attempt'	0	ABSENT	61	default=0	New harness/internal default: not a production adoption receipt; see file order/registration and reference inventory
scripts/glc_p0_divergence.py	cli:parse_args:'--cpu-memory'	0	ABSENT	65	default='42GiB'	New harness/internal default: not a production adoption receipt; see file order/registration and reference inventory
scripts/glc_p0_divergence.py	cli:parse_args:'--model-dir'	0	ABSENT	62	default=common.MODEL_DIR	New harness/internal default: not a production adoption receipt; see file order/registration and reference inventory
scripts/glc_p0_divergence.py	cli:parse_args:'--offload-dir'	0	ABSENT	64	default=Path('/tmp/glc_p0_hf_div_offload')	New harness/internal default: not a production adoption receipt; see file order/registration and reference inventory
scripts/glc_p0_divergence.py	cli:parse_args:'--output-dir'	0	ABSENT	63	default=common.OUTPUT_ROOT	New harness/internal default: not a production adoption receipt; see file order/registration and reference inventory
scripts/glc_p0_divergence.py	cli:parse_args:'--require-complete'	0	ABSENT	67	action='store_true'	New harness/internal default: not a production adoption receipt; see file order/registration and reference inventory
scripts/glc_p0_divergence.py	cli:parse_args:'--sequence'	0	ABSENT	60	choices=('short', 'long', 'both'); default='both'	New harness/internal default: not a production adoption receipt; see file order/registration and reference inventory
scripts/glc_p0_divergence.py	cli:parse_args:'--threads'	0	ABSENT	66	default=max(1, min(16, os.cpu_count() or 1))	New harness/internal default: not a production adoption receipt; see file order/registration and reference inventory
scripts/glc_p0_divergence.py	cli:parse_args:'mode'	0	ABSENT	56	choices=('preflight', 'self-test', 'capture-port', 'capture-hf', 'analyze')	New harness/internal default: not a production adoption receipt; see file order/registration and reference inventory
scripts/glc_p0_divergence.py	env::'HF_HUB_OFFLINE'	0	ABSENT	29	os.environ.setdefault('HF_HUB_OFFLINE', '1')	New harness/internal default: not a production adoption receipt; see file order/registration and reference inventory
scripts/glc_p0_divergence.py	env::'PYTHONDONTWRITEBYTECODE'	0	ABSENT	28	os.environ.setdefault('PYTHONDONTWRITEBYTECODE', '1')	New harness/internal default: not a production adoption receipt; see file order/registration and reference inventory
scripts/glc_p0_divergence.py	env::'TRANSFORMERS_OFFLINE'	0	ABSENT	30	os.environ.setdefault('TRANSFORMERS_OFFLINE', '1')	New harness/internal default: not a production adoption receipt; see file order/registration and reference inventory
scripts/glc_p0_divergence.py	env:cuda_probe:'CUDA_VISIBLE_DEVICES'	0	ABSENT	95	os.environ.get('CUDA_VISIBLE_DEVICES')	New harness/internal default: not a production adoption receipt; see file order/registration and reference inventory
scripts/glc_p0_divergence.py	env:require_cuda:'CUDA_VISIBLE_DEVICES'	0	ABSENT	106	os.environ.get('CUDA_VISIBLE_DEVICES')	New harness/internal default: not a production adoption receipt; see file order/registration and reference inventory
scripts/glc_p0_hf_reference.py	assignment::HF_OUTPUT	0	ABSENT	42	common.OUTPUT_ROOT / 'hf_reference'	New harness/internal default: not a production adoption receipt; see file order/registration and reference inventory
scripts/glc_p0_hf_reference.py	assignment::SCRIPT_DIR	0	ABSENT	35	SCRIPT_PATH.parent	New harness/internal default: not a production adoption receipt; see file order/registration and reference inventory
scripts/glc_p0_hf_reference.py	assignment::SCRIPT_PATH	0	ABSENT	34	Path(__file__).resolve()	New harness/internal default: not a production adoption receipt; see file order/registration and reference inventory
scripts/glc_p0_hf_reference.py	cli:parse_args:'--attempt'	0	ABSENT	51	default=0	New harness/internal default: not a production adoption receipt; see file order/registration and reference inventory
scripts/glc_p0_hf_reference.py	cli:parse_args:'--cpu-memory'	0	ABSENT	55	default='42GiB'	New harness/internal default: not a production adoption receipt; see file order/registration and reference inventory
scripts/glc_p0_hf_reference.py	cli:parse_args:'--length'	0	ABSENT	50	choices=common.RAMP_LENGTHS	New harness/internal default: not a production adoption receipt; see file order/registration and reference inventory
scripts/glc_p0_hf_reference.py	cli:parse_args:'--logit-chunk'	0	ABSENT	57	default=32	New harness/internal default: not a production adoption receipt; see file order/registration and reference inventory
scripts/glc_p0_hf_reference.py	cli:parse_args:'--model-dir'	0	ABSENT	52	default=common.MODEL_DIR	New harness/internal default: not a production adoption receipt; see file order/registration and reference inventory
scripts/glc_p0_hf_reference.py	cli:parse_args:'--offload-dir'	0	ABSENT	54	default=Path('/tmp/glc_p0_hf_offload')	New harness/internal default: not a production adoption receipt; see file order/registration and reference inventory
scripts/glc_p0_hf_reference.py	cli:parse_args:'--output-dir'	0	ABSENT	53	default=common.OUTPUT_ROOT	New harness/internal default: not a production adoption receipt; see file order/registration and reference inventory
scripts/glc_p0_hf_reference.py	cli:parse_args:'--require-complete'	0	ABSENT	58	action='store_true'	New harness/internal default: not a production adoption receipt; see file order/registration and reference inventory
scripts/glc_p0_hf_reference.py	cli:parse_args:'--threads'	0	ABSENT	56	default=max(1, min(16, os.cpu_count() or 1))	New harness/internal default: not a production adoption receipt; see file order/registration and reference inventory
scripts/glc_p0_hf_reference.py	cli:parse_args:'mode'	0	ABSENT	47	choices=('preflight', 'self-test', 'score-cell', 'analyze')	New harness/internal default: not a production adoption receipt; see file order/registration and reference inventory
scripts/glc_p0_hf_reference.py	env::'HF_HUB_OFFLINE'	0	ABSENT	31	os.environ.setdefault('HF_HUB_OFFLINE', '1')	New harness/internal default: not a production adoption receipt; see file order/registration and reference inventory
scripts/glc_p0_hf_reference.py	env::'PYTHONDONTWRITEBYTECODE'	0	ABSENT	30	os.environ.setdefault('PYTHONDONTWRITEBYTECODE', '1')	New harness/internal default: not a production adoption receipt; see file order/registration and reference inventory
scripts/glc_p0_hf_reference.py	env::'TRANSFORMERS_OFFLINE'	0	ABSENT	32	os.environ.setdefault('TRANSFORMERS_OFFLINE', '1')	New harness/internal default: not a production adoption receipt; see file order/registration and reference inventory
scripts/glc_p0_hf_reference.py	env:score_cell:'HF_HUB_OFFLINE'	0	ABSENT	275	os.environ.get('HF_HUB_OFFLINE')	New harness/internal default: not a production adoption receipt; see file order/registration and reference inventory
scripts/glc_p0_hf_reference.py	env:score_cell:'TRANSFORMERS_OFFLINE'	0	ABSENT	276	os.environ.get('TRANSFORMERS_OFFLINE')	New harness/internal default: not a production adoption receipt; see file order/registration and reference inventory
scripts/glc_p0d_harmony_discriminator.py	assignment::ADDENDUM_PATH	0	ABSENT	43	REPO_ROOT / 'docs' / 'GLC_LONG_CONTEXT_ADDENDUM_1.md'	New harness/internal default: not a production adoption receipt; see file order/registration and reference inventory
scripts/glc_p0d_harmony_discriminator.py	assignment::CHAT_TEMPLATE_PATH	0	ABSENT	49	common.MODEL_DIR / 'chat_template.jinja'	New harness/internal default: not a production adoption receipt; see file order/registration and reference inventory
scripts/glc_p0d_harmony_discriminator.py	assignment::EXPECTED_CHAT_TEMPLATE_SHA256	0	ABSENT	74	'a4c9919cbbd4acdd51ccffe22da049264b1b73e59055fa58811a99efbd7c8146'	New harness/internal default: not a production adoption receipt; see file order/registration and reference inventory
scripts/glc_p0d_harmony_discriminator.py	assignment::EXPECTED_RAW_RECEIPT_SHA256	0	ABSENT	80	{2048: '4267c35d558b3ddb8604704b80edffa8891e6c85e7e2440fc1ded84414c147cb', 2560: '2d0fc5288b0363fac457072113db67d3ee736c64c37f69ee4dbb26c7ca52e85f'}	New harness/internal default: not a production adoption receipt; see file order/registration and reference inventory
scripts/glc_p0d_harmony_discriminator.py	assignment::EXPECTED_TOKENIZER_CONFIG_SHA256	0	ABSENT	77	'9279e942392b742d633c7adbb89ebe002c98399db8926a7af5125c726f404070'	New harness/internal default: not a production adoption receipt; see file order/registration and reference inventory
scripts/glc_p0d_harmony_discriminator.py	assignment::FORMATS	0	ABSENT	53	('harmony', 'raw')	New harness/internal default: not a production adoption receipt; see file order/registration and reference inventory
scripts/glc_p0d_harmony_discriminator.py	assignment::HARMONY_OUTPUT	0	ABSENT	46	OUTPUT_ROOT / 'harmony'	New harness/internal default: not a production adoption receipt; see file order/registration and reference inventory
scripts/glc_p0d_harmony_discriminator.py	assignment::HARMONY_REFUTED_MIN_NATS	0	ABSENT	55	1.0	New harness/internal default: not a production adoption receipt; see file order/registration and reference inventory
scripts/glc_p0d_harmony_discriminator.py	assignment::HARMONY_SUPPORTED_MAX_NATS	0	ABSENT	54	0.3	New harness/internal default: not a production adoption receipt; see file order/registration and reference inventory
scripts/glc_p0d_harmony_discriminator.py	assignment::LENGTHS	0	ABSENT	52	(2048, 2560)	New harness/internal default: not a production adoption receipt; see file order/registration and reference inventory
scripts/glc_p0d_harmony_discriminator.py	assignment::ORDER_PATH	0	ABSENT	44	REPO_ROOT / 'orders' / 'GLC_P0D_FORMAT_DISCRIMINATOR.md'	New harness/internal default: not a production adoption receipt; see file order/registration and reference inventory
scripts/glc_p0d_harmony_discriminator.py	assignment::OUTPUT_ROOT	0	ABSENT	45	REPO_ROOT / 'artifacts' / 'glc_p0d'	New harness/internal default: not a production adoption receipt; see file order/registration and reference inventory
scripts/glc_p0d_harmony_discriminator.py	assignment::P0A_HF_OUTPUT	0	ABSENT	48	common.OUTPUT_ROOT / 'hf_reference'	New harness/internal default: not a production adoption receipt; see file order/registration and reference inventory
scripts/glc_p0d_harmony_discriminator.py	assignment::RAW_OUTPUT	0	ABSENT	47	OUTPUT_ROOT / 'raw'	New harness/internal default: not a production adoption receipt; see file order/registration and reference inventory
scripts/glc_p0d_harmony_discriminator.py	assignment::RAW_REQUIRED_MIN_NATS	0	ABSENT	56	2.0	New harness/internal default: not a production adoption receipt; see file order/registration and reference inventory
scripts/glc_p0d_harmony_discriminator.py	assignment::REGISTERED_SENTENCE	0	ABSENT	57	'SUPPORTED: harmony deltas ≤ 0.30 nats at both lengths (raw ≥ 2.0 reproduced/verified). REFUTED: harmony deltas ≥ 1.0 at either length. MIXED: between.'	New harness/internal default: not a production adoption receipt; see file order/registration and reference inventory
scripts/glc_p0d_harmony_discriminator.py	assignment::REPO_ROOT	0	ABSENT	42	SCRIPT_PATH.parents[1]	New harness/internal default: not a production adoption receipt; see file order/registration and reference inventory
scripts/glc_p0d_harmony_discriminator.py	assignment::SCAFFOLD_DESIGN	0	ABSENT	62	'Each arm begins with the exact tokenizer-rendered Harmony system turn and open user-message header. The sealed WikiText IDs are concatenated directly after `<|message|>` without decoding or re-tokenizing them. No role, channel, end, or other scaffold token is inserted between the WikiText history and the 511 targets: every target directly continues its true preceding WikiText token inside the same open user document block. The one-token `<|end|>` closure that a complete rendered user turn would place after the document is deferred beyond the targets and omitted from the scoring prefix, so `logits_to_keep=511` selects exactly the 511 target-predicting positions.'	New harness/internal default: not a production adoption receipt; see file order/registration and reference inventory
scripts/glc_p0d_harmony_discriminator.py	assignment::SCRIPT_DIR	0	ABSENT	34	SCRIPT_PATH.parent	New harness/internal default: not a production adoption receipt; see file order/registration and reference inventory
scripts/glc_p0d_harmony_discriminator.py	assignment::SCRIPT_PATH	0	ABSENT	33	Path(__file__).resolve()	New harness/internal default: not a production adoption receipt; see file order/registration and reference inventory
scripts/glc_p0d_harmony_discriminator.py	assignment::TOKENIZER_CONFIG_PATH	0	ABSENT	50	common.MODEL_DIR / 'tokenizer_config.json'	New harness/internal default: not a production adoption receipt; see file order/registration and reference inventory
scripts/glc_p0d_harmony_discriminator.py	cli:parse_args:'--attempt'	0	ABSENT	100	default=0	New harness/internal default: not a production adoption receipt; see file order/registration and reference inventory
scripts/glc_p0d_harmony_discriminator.py	cli:parse_args:'--cpu-memory'	0	ABSENT	106	default='30GiB'	New harness/internal default: not a production adoption receipt; see file order/registration and reference inventory
scripts/glc_p0d_harmony_discriminator.py	cli:parse_args:'--format'	0	ABSENT	98	choices=FORMATS	New harness/internal default: not a production adoption receipt; see file order/registration and reference inventory
scripts/glc_p0d_harmony_discriminator.py	cli:parse_args:'--length'	0	ABSENT	99	choices=LENGTHS	New harness/internal default: not a production adoption receipt; see file order/registration and reference inventory
scripts/glc_p0d_harmony_discriminator.py	cli:parse_args:'--logit-chunk'	0	ABSENT	108	default=32	New harness/internal default: not a production adoption receipt; see file order/registration and reference inventory
scripts/glc_p0d_harmony_discriminator.py	cli:parse_args:'--model-dir'	0	ABSENT	101	default=common.MODEL_DIR	New harness/internal default: not a production adoption receipt; see file order/registration and reference inventory
scripts/glc_p0d_harmony_discriminator.py	cli:parse_args:'--offload-dir'	0	ABSENT	103	default=Path('/tmp/glc_p0d_hf_offload')	New harness/internal default: not a production adoption receipt; see file order/registration and reference inventory
scripts/glc_p0d_harmony_discriminator.py	cli:parse_args:'--output-dir'	0	ABSENT	102	default=OUTPUT_ROOT	New harness/internal default: not a production adoption receipt; see file order/registration and reference inventory
scripts/glc_p0d_harmony_discriminator.py	cli:parse_args:'--require-complete'	0	ABSENT	109	action='store_true'	New harness/internal default: not a production adoption receipt; see file order/registration and reference inventory
scripts/glc_p0d_harmony_discriminator.py	cli:parse_args:'--threads'	0	ABSENT	107	default=12	New harness/internal default: not a production adoption receipt; see file order/registration and reference inventory
scripts/glc_p0d_harmony_discriminator.py	cli:parse_args:'mode'	0	ABSENT	95	choices=('preflight', 'self-test', 'score-cell', 'analyze')	New harness/internal default: not a production adoption receipt; see file order/registration and reference inventory
scripts/glc_p0d_harmony_discriminator.py	env::'HF_HUB_OFFLINE'	0	ABSENT	30	os.environ.setdefault('HF_HUB_OFFLINE', '1')	New harness/internal default: not a production adoption receipt; see file order/registration and reference inventory
scripts/glc_p0d_harmony_discriminator.py	env::'PYTHONDONTWRITEBYTECODE'	0	ABSENT	29	os.environ.setdefault('PYTHONDONTWRITEBYTECODE', '1')	New harness/internal default: not a production adoption receipt; see file order/registration and reference inventory
scripts/glc_p0d_harmony_discriminator.py	env::'TRANSFORMERS_OFFLINE'	0	ABSENT	31	os.environ.setdefault('TRANSFORMERS_OFFLINE', '1')	New harness/internal default: not a production adoption receipt; see file order/registration and reference inventory
scripts/glc_p0d_harmony_discriminator.py	env:load_tokenizer:'HF_HUB_OFFLINE'	0	ABSENT	165	os.environ.get('HF_HUB_OFFLINE')	New harness/internal default: not a production adoption receipt; see file order/registration and reference inventory
scripts/glc_p0d_harmony_discriminator.py	env:load_tokenizer:'TRANSFORMERS_OFFLINE'	0	ABSENT	167	os.environ.get('TRANSFORMERS_OFFLINE')	New harness/internal default: not a production adoption receipt; see file order/registration and reference inventory
scripts/glc_p0d_harmony_discriminator.py	env:score_harmony_cell:'HF_HUB_OFFLINE'	0	ABSENT	815	os.environ.get('HF_HUB_OFFLINE')	New harness/internal default: not a production adoption receipt; see file order/registration and reference inventory
scripts/glc_p0d_harmony_discriminator.py	env:score_harmony_cell:'TRANSFORMERS_OFFLINE'	0	ABSENT	816	os.environ.get('TRANSFORMERS_OFFLINE')	New harness/internal default: not a production adoption receipt; see file order/registration and reference inventory
scripts/glc_p0d_harmony_discriminator.py	parameter:_check:detail	0	ABSENT	350	None	New harness/internal default: not a production adoption receipt; see file order/registration and reference inventory
scripts/gpt_oss20b_e13b_position_controls.py	assignment::C2_LENGTH	0	ABSENT	108	768	New harness/internal default: not a production adoption receipt; see file order/registration and reference inventory
scripts/gpt_oss20b_e13b_position_controls.py	assignment::C2_REFERENCE_MEDIAN_MEAN_NLL_RATIO	0	ABSENT	124	1.25	New harness/internal default: not a production adoption receipt; see file order/registration and reference inventory
scripts/gpt_oss20b_e13b_position_controls.py	assignment::C4_WIKITEXT_PREFIX	0	ABSENT	109	256	New harness/internal default: not a production adoption receipt; see file order/registration and reference inventory
scripts/gpt_oss20b_e13b_position_controls.py	assignment::C4_WINDOW_INDEX	0	ABSENT	110	11	New harness/internal default: not a production adoption receipt; see file order/registration and reference inventory
scripts/gpt_oss20b_e13b_position_controls.py	assignment::CONTEXT_LADDER_PATH	0	ABSENT	71	SCRIPT_DIR / 'gpt_oss20b_context_ladder.py'	New harness/internal default: not a production adoption receipt; see file order/registration and reference inventory
scripts/gpt_oss20b_e13b_position_controls.py	assignment::CONTROL_ARRAYS	0	ABSENT	65	OUTPUT / 'controls.npz'	New harness/internal default: not a production adoption receipt; see file order/registration and reference inventory
scripts/gpt_oss20b_e13b_position_controls.py	assignment::CONTROL_MANIFEST	0	ABSENT	64	OUTPUT / 'control_manifest.json'	New harness/internal default: not a production adoption receipt; see file order/registration and reference inventory
scripts/gpt_oss20b_e13b_position_controls.py	assignment::CORE_PATH	0	ABSENT	73	REPO_ROOT / 'core' / 'gpt_oss20b_tc.py'	New harness/internal default: not a production adoption receipt; see file order/registration and reference inventory
scripts/gpt_oss20b_e13b_position_controls.py	assignment::DIAG_PATH	0	ABSENT	69	SCRIPT_DIR / 'gpt_oss20b_e1_diag.py'	New harness/internal default: not a production adoption receipt; see file order/registration and reference inventory
scripts/gpt_oss20b_e13b_position_controls.py	assignment::E12_GUIDE256_W11	0	ABSENT	53	REPO_ROOT / 'artifacts' / 'moe_e1_diag' / 'runs' / 'window_011' / 'e1_guide256.json'	New harness/internal default: not a production adoption receipt; see file order/registration and reference inventory
scripts/gpt_oss20b_e13b_position_controls.py	assignment::E1_BASE_W11	0	ABSENT	52	E1_OUTPUT / 'eval_e11' / 'narrative_011.json'	New harness/internal default: not a production adoption receipt; see file order/registration and reference inventory
scripts/gpt_oss20b_e13b_position_controls.py	assignment::E1_OUTPUT	0	ABSENT	51	REPO_ROOT / 'artifacts' / 'moe_e1'	New harness/internal default: not a production adoption receipt; see file order/registration and reference inventory
scripts/gpt_oss20b_e13b_position_controls.py	assignment::E1_PATH	0	ABSENT	70	SCRIPT_DIR / 'gpt_oss20b_expert_e1.py'	New harness/internal default: not a production adoption receipt; see file order/registration and reference inventory
scripts/gpt_oss20b_e13b_position_controls.py	assignment::GPU_SCRIPT	0	ABSENT	66	OUTPUT / 'GPU_E13B_COMMANDS.sh'	New harness/internal default: not a production adoption receipt; see file order/registration and reference inventory
scripts/gpt_oss20b_e13b_position_controls.py	assignment::GPU_WRAPPER	0	ABSENT	112	'flock -w 7200 /tmp/forge-gpu.lock timeout --signal=TERM --kill-after=5s 590s env CUDA_VISIBLE_DEVICES=0 PYTHONDONTWRITEBYTECODE=1 HF_HUB_OFFLINE=1 TRANSFORMERS_OFFLINE=1'	New harness/internal default: not a production adoption receipt; see file order/registration and reference inventory
scripts/gpt_oss20b_e13b_position_controls.py	assignment::H4_64K_PARENT	0	ABSENT	80	REPO_ROOT / 'artifacts' / 'gpt_oss_20b' / 'h4_context_ladder_apa_64k_sampled.json'	New harness/internal default: not a production adoption receipt; see file order/registration and reference inventory
scripts/gpt_oss20b_e13b_position_controls.py	assignment::H4_64K_RUN	0	ABSENT	83	REPO_ROOT / 'artifacts' / 'gpt_oss_20b' / 'h4_context_ladder_apa_64k_sampled' / 'apa_r0.15_65536.json'	New harness/internal default: not a production adoption receipt; see file order/registration and reference inventory
scripts/gpt_oss20b_e13b_position_controls.py	assignment::H5_96K_CAPTURE	0	ABSENT	96	REPO_ROOT / 'artifacts' / 'gpt_oss_20b' / 'h5_bulk_graft_96k_candidate_gate_rerun' / 'capture_forward.json'	New harness/internal default: not a production adoption receipt; see file order/registration and reference inventory
scripts/gpt_oss20b_e13b_position_controls.py	assignment::H5_96K_PARENT	0	ABSENT	90	REPO_ROOT / 'artifacts' / 'gpt_oss_20b' / 'h5_bulk_graft_96k_candidate_gate_rerun.json'	New harness/internal default: not a production adoption receipt; see file order/registration and reference inventory
scripts/gpt_oss20b_e13b_position_controls.py	assignment::N_TARGETS	0	ABSENT	107	511	New harness/internal default: not a production adoption receipt; see file order/registration and reference inventory
scripts/gpt_oss20b_e13b_position_controls.py	assignment::ORDER_PATH	0	ABSENT	49	REPO_ROOT / 'orders' / 'MOE_E1_3B_POSITION_CONTROLS.md'	New harness/internal default: not a production adoption receipt; see file order/registration and reference inventory
scripts/gpt_oss20b_e13b_position_controls.py	assignment::OUTPUT	0	ABSENT	50	REPO_ROOT / 'artifacts' / 'moe_e1_3b'	New harness/internal default: not a production adoption receipt; see file order/registration and reference inventory
scripts/gpt_oss20b_e13b_position_controls.py	assignment::POSITION_HOT_MEAN_NLL_RATIO	0	ABSENT	122	1.25	New harness/internal default: not a production adoption receipt; see file order/registration and reference inventory
scripts/gpt_oss20b_e13b_position_controls.py	assignment::RAMP_LENGTHS	0	ABSENT	104	(1024, 1536, 2048, 2304, 2560)	New harness/internal default: not a production adoption receipt; see file order/registration and reference inventory
scripts/gpt_oss20b_e13b_position_controls.py	assignment::REPORT	0	ABSENT	67	OUTPUT / 'MOE_E1_3B_REPORT.md'	New harness/internal default: not a production adoption receipt; see file order/registration and reference inventory
scripts/gpt_oss20b_e13b_position_controls.py	assignment::REPO_ROOT	0	ABSENT	42	SCRIPT_PATH.parents[1]	New harness/internal default: not a production adoption receipt; see file order/registration and reference inventory
scripts/gpt_oss20b_e13b_position_controls.py	assignment::RT1_MANIFEST	0	ABSENT	61	REPO_ROOT / 'artifacts' / 'moe_rt1' / 'corpora_manifest.json'	New harness/internal default: not a production adoption receipt; see file order/registration and reference inventory
scripts/gpt_oss20b_e13b_position_controls.py	assignment::RT1_WINDOWS	0	ABSENT	62	REPO_ROOT / 'artifacts' / 'moe_rt1' / 'corpus_windows.npz'	New harness/internal default: not a production adoption receipt; see file order/registration and reference inventory
scripts/gpt_oss20b_e13b_position_controls.py	assignment::SCRIPT_DIR	0	ABSENT	41	SCRIPT_PATH.parent	New harness/internal default: not a production adoption receipt; see file order/registration and reference inventory
scripts/gpt_oss20b_e13b_position_controls.py	assignment::SCRIPT_PATH	0	ABSENT	40	Path(__file__).resolve()	New harness/internal default: not a production adoption receipt; see file order/registration and reference inventory
scripts/gpt_oss20b_e13b_position_controls.py	assignment::SHORT_WINDOW_TOKENS	0	ABSENT	106	512	New harness/internal default: not a production adoption receipt; see file order/registration and reference inventory
scripts/gpt_oss20b_e13b_position_controls.py	assignment::STREAM_PATH	0	ABSENT	72	SCRIPT_DIR / 'gpt_oss20b_stream_forward_smoke.py'	New harness/internal default: not a production adoption receipt; see file order/registration and reference inventory
scripts/gpt_oss20b_e13b_position_controls.py	assignment::SUB2048_SPLICE_PPL_RATIO	0	ABSENT	123	1.5	New harness/internal default: not a production adoption receipt; see file order/registration and reference inventory
scripts/gpt_oss20b_e13b_position_controls.py	assignment::TC_INIT_PATH	0	ABSENT	74	Path('/mnt/ForgeRealm/Project-Tensor/tensor_cuda/tensor_cuda/__init__.py')	New harness/internal default: not a production adoption receipt; see file order/registration and reference inventory
scripts/gpt_oss20b_e13b_position_controls.py	assignment::TC_KERNEL_PATH	0	ABSENT	77	Path('/mnt/ForgeRealm/Project-Tensor/tensor_cuda/src/kernels.cu')	New harness/internal default: not a production adoption receipt; see file order/registration and reference inventory
scripts/gpt_oss20b_e13b_position_controls.py	assignment::WIKITEXT_STREAM_TOKENS	0	ABSENT	105	2560	New harness/internal default: not a production adoption receipt; see file order/registration and reference inventory
scripts/gpt_oss20b_e13b_position_controls.py	cli:parse_args:'--attempt'	0	ABSENT	139	default=0	New harness/internal default: not a production adoption receipt; see file order/registration and reference inventory
scripts/gpt_oss20b_e13b_position_controls.py	cli:parse_args:'--case'	0	ABSENT	136	choices=('ramp', 'c2', 'c4')	New harness/internal default: not a production adoption receipt; see file order/registration and reference inventory
scripts/gpt_oss20b_e13b_position_controls.py	cli:parse_args:'--length'	0	ABSENT	137	choices=RAMP_LENGTHS	New harness/internal default: not a production adoption receipt; see file order/registration and reference inventory
scripts/gpt_oss20b_e13b_position_controls.py	cli:parse_args:'--model-dir'	0	ABSENT	135	default=e1.SNAPSHOT	New harness/internal default: not a production adoption receipt; see file order/registration and reference inventory
scripts/gpt_oss20b_e13b_position_controls.py	cli:parse_args:'--output-dir'	0	ABSENT	134	default=OUTPUT	New harness/internal default: not a production adoption receipt; see file order/registration and reference inventory
scripts/gpt_oss20b_e13b_position_controls.py	cli:parse_args:'--require-complete'	0	ABSENT	140	action='store_true'	New harness/internal default: not a production adoption receipt; see file order/registration and reference inventory
scripts/gpt_oss20b_e13b_position_controls.py	cli:parse_args:'--view'	0	ABSENT	138	choices=('long', 'reference')	New harness/internal default: not a production adoption receipt; see file order/registration and reference inventory
scripts/gpt_oss20b_e13b_position_controls.py	cli:parse_args:'mode'	0	ABSENT	131	choices=('prepare', 'self-test', 'audit', 'score', 'analyze')	New harness/internal default: not a production adoption receipt; see file order/registration and reference inventory
scripts/gpt_oss20b_e13b_position_controls.py	env::'HF_HUB_OFFLINE'	0	ABSENT	37	os.environ.setdefault('HF_HUB_OFFLINE', '1')	New harness/internal default: not a production adoption receipt; see file order/registration and reference inventory
scripts/gpt_oss20b_e13b_position_controls.py	env::'PYTHONDONTWRITEBYTECODE'	0	ABSENT	36	os.environ.setdefault('PYTHONDONTWRITEBYTECODE', '1')	New harness/internal default: not a production adoption receipt; see file order/registration and reference inventory
scripts/gpt_oss20b_e13b_position_controls.py	env::'TRANSFORMERS_OFFLINE'	0	ABSENT	38	os.environ.setdefault('TRANSFORMERS_OFFLINE', '1')	New harness/internal default: not a production adoption receipt; see file order/registration and reference inventory
scripts/gpt_oss20b_e13b_position_controls.py	env:cuda_probe:'CUDA_VISIBLE_DEVICES'	0	ABSENT	645	os.environ.get('CUDA_VISIBLE_DEVICES', '')	New harness/internal default: not a production adoption receipt; see file order/registration and reference inventory
scripts/gpt_oss20b_e13b_position_controls.py	parameter:fmt_number:digits	0	ABSENT	1349	9	New harness/internal default: not a production adoption receipt; see file order/registration and reference inventory
scripts/gpt_oss20b_e13b_position_controls.py	parameter:source_anchor:occurrence	0	ABSENT	859	0	New harness/internal default: not a production adoption receipt; see file order/registration and reference inventory
scripts/gpt_oss20b_e14_backend_fix.py	assignment::C0_EXPLOSION_PPL_RATIO	0	ABSENT	64	diag.E13_C0_EXPLOSION_PPL_RATIO	New harness/internal default: not a production adoption receipt; see file order/registration and reference inventory
scripts/gpt_oss20b_e14_backend_fix.py	assignment::CHAIN_SCRIPT	0	ABSENT	54	e1.E14_CHAIN_PATH	New harness/internal default: not a production adoption receipt; see file order/registration and reference inventory
scripts/gpt_oss20b_e14_backend_fix.py	assignment::CONSTRUCTIONS	0	ABSENT	61	('p0', 'p1', 'p2', 'p3', 'p4')	New harness/internal default: not a production adoption receipt; see file order/registration and reference inventory
scripts/gpt_oss20b_e14_backend_fix.py	assignment::EVIDENCE_CLASS	0	ABSENT	65	'behavioral inference measurement, one model, one corpus'	New harness/internal default: not a production adoption receipt; see file order/registration and reference inventory
scripts/gpt_oss20b_e14_backend_fix.py	assignment::FG0_LENGTHS	0	ABSENT	59	(2048, 2560)	New harness/internal default: not a production adoption receipt; see file order/registration and reference inventory
scripts/gpt_oss20b_e14_backend_fix.py	assignment::FG0_MAX_MEAN_NLL_DELTA	0	ABSENT	63	0.15	New harness/internal default: not a production adoption receipt; see file order/registration and reference inventory
scripts/gpt_oss20b_e14_backend_fix.py	assignment::GPU_WRAPPER	0	ABSENT	66	'flock -w 7200 /tmp/forge-gpu.lock timeout --signal=TERM --kill-after=5s 590s env CUDA_VISIBLE_DEVICES=0 PYTHONDONTWRITEBYTECODE=1 HF_HUB_OFFLINE=1 TRANSFORMERS_OFFLINE=1'	New harness/internal default: not a production adoption receipt; see file order/registration and reference inventory
scripts/gpt_oss20b_e14_backend_fix.py	assignment::MASTER_SCRIPT	0	ABSENT	55	OUTPUT / 'GPU_E14_COMMANDS.sh'	New harness/internal default: not a production adoption receipt; see file order/registration and reference inventory
scripts/gpt_oss20b_e14_backend_fix.py	assignment::N_TARGETS	0	ABSENT	62	e1.WINDOW_TOKENS - 1	New harness/internal default: not a production adoption receipt; see file order/registration and reference inventory
scripts/gpt_oss20b_e14_backend_fix.py	assignment::OPEN_DEFECT_NOTE	0	ABSENT	57	OUTPUT / 'PROJECT_TENSOR_OPEN_DEFECT_E14.md'	New harness/internal default: not a production adoption receipt; see file order/registration and reference inventory
scripts/gpt_oss20b_e14_backend_fix.py	assignment::ORDER_PATH	0	ABSENT	48	REPO_ROOT / 'orders' / 'MOE_E1_4_BACKEND_FIX.md'	New harness/internal default: not a production adoption receipt; see file order/registration and reference inventory
scripts/gpt_oss20b_e14_backend_fix.py	assignment::OUTPUT	0	ABSENT	49	e1.E14_OUTPUT_DIR	New harness/internal default: not a production adoption receipt; see file order/registration and reference inventory
scripts/gpt_oss20b_e14_backend_fix.py	assignment::PREFIX_ARRAYS	0	ABSENT	51	e1.E14_PREFIX_ARRAYS_PATH	New harness/internal default: not a production adoption receipt; see file order/registration and reference inventory
scripts/gpt_oss20b_e14_backend_fix.py	assignment::PREFIX_MANIFEST	0	ABSENT	50	e1.E14_PREFIX_MANIFEST_PATH	New harness/internal default: not a production adoption receipt; see file order/registration and reference inventory
scripts/gpt_oss20b_e14_backend_fix.py	assignment::REPORT	0	ABSENT	56	OUTPUT / 'MOE_E1_4_REPORT.md'	New harness/internal default: not a production adoption receipt; see file order/registration and reference inventory
scripts/gpt_oss20b_e14_backend_fix.py	assignment::REPO_ROOT	0	ABSENT	39	SCRIPT_PATH.parents[1]	New harness/internal default: not a production adoption receipt; see file order/registration and reference inventory
scripts/gpt_oss20b_e14_backend_fix.py	assignment::RESWEEP_SCRIPT	0	ABSENT	53	OUTPUT / 'GPU_E14_RESWEEP_COMMANDS.sh'	New harness/internal default: not a production adoption receipt; see file order/registration and reference inventory
scripts/gpt_oss20b_e14_backend_fix.py	assignment::SCRIPT_DIR	0	ABSENT	38	SCRIPT_PATH.parent	New harness/internal default: not a production adoption receipt; see file order/registration and reference inventory
scripts/gpt_oss20b_e14_backend_fix.py	assignment::SCRIPT_PATH	0	ABSENT	37	Path(__file__).resolve()	New harness/internal default: not a production adoption receipt; see file order/registration and reference inventory
scripts/gpt_oss20b_e14_backend_fix.py	assignment::SELECTION	0	ABSENT	52	e1.E14_SELECTION_PATH	New harness/internal default: not a production adoption receipt; see file order/registration and reference inventory
scripts/gpt_oss20b_e14_backend_fix.py	assignment::TEACHER_WINDOWS	0	ABSENT	60	(11, 13, 15, 1)	New harness/internal default: not a production adoption receipt; see file order/registration and reference inventory
scripts/gpt_oss20b_e14_backend_fix.py	assignment:self_test:A	0	ABSENT	1187	rng.normal(size=(4, 8)).astype(np.float32)	New harness/internal default: not a production adoption receipt; see file order/registration and reference inventory
scripts/gpt_oss20b_e14_backend_fix.py	assignment:self_test:B	0	ABSENT	1188	rng.normal(size=(8, 4)).astype(np.float32)	New harness/internal default: not a production adoption receipt; see file order/registration and reference inventory
scripts/gpt_oss20b_e14_backend_fix.py	cli:parse_args:'--attempt'	0	ABSENT	100	default=0	New harness/internal default: not a production adoption receipt; see file order/registration and reference inventory
scripts/gpt_oss20b_e14_backend_fix.py	cli:parse_args:'--backend'	0	ABSENT	84	choices=e1.BACKENDS; default=e1.BACKEND_HISTORICAL	New harness/internal default: not a production adoption receipt; see file order/registration and reference inventory
scripts/gpt_oss20b_e14_backend_fix.py	cli:parse_args:'--construction'	0	ABSENT	99	choices=CONSTRUCTIONS	New harness/internal default: not a production adoption receipt; see file order/registration and reference inventory
scripts/gpt_oss20b_e14_backend_fix.py	cli:parse_args:'--length'	0	ABSENT	93	choices=FG0_LENGTHS	New harness/internal default: not a production adoption receipt; see file order/registration and reference inventory
scripts/gpt_oss20b_e14_backend_fix.py	cli:parse_args:'--model-dir'	0	ABSENT	83	default=e1.SNAPSHOT	New harness/internal default: not a production adoption receipt; see file order/registration and reference inventory
scripts/gpt_oss20b_e14_backend_fix.py	cli:parse_args:'--output-dir'	0	ABSENT	82	default=OUTPUT	New harness/internal default: not a production adoption receipt; see file order/registration and reference inventory
scripts/gpt_oss20b_e14_backend_fix.py	cli:parse_args:'--require-c0'	0	ABSENT	102	action='store_true'	New harness/internal default: not a production adoption receipt; see file order/registration and reference inventory
scripts/gpt_oss20b_e14_backend_fix.py	cli:parse_args:'--require-complete'	0	ABSENT	103	action='store_true'	New harness/internal default: not a production adoption receipt; see file order/registration and reference inventory
scripts/gpt_oss20b_e14_backend_fix.py	cli:parse_args:'--require-fg0'	0	ABSENT	101	action='store_true'	New harness/internal default: not a production adoption receipt; see file order/registration and reference inventory
scripts/gpt_oss20b_e14_backend_fix.py	cli:parse_args:'--score-kind'	0	ABSENT	95	choices=('reference', 'c0', 'sweep')	New harness/internal default: not a production adoption receipt; see file order/registration and reference inventory
scripts/gpt_oss20b_e14_backend_fix.py	cli:parse_args:'--view'	0	ABSENT	94	choices=('long', 'reference')	New harness/internal default: not a production adoption receipt; see file order/registration and reference inventory
scripts/gpt_oss20b_e14_backend_fix.py	cli:parse_args:'--window-index'	0	ABSENT	98	choices=TEACHER_WINDOWS	New harness/internal default: not a production adoption receipt; see file order/registration and reference inventory
scripts/gpt_oss20b_e14_backend_fix.py	cli:parse_args:'mode'	0	ABSENT	78	choices=('prepare', 'self-test', 'sanity', 'teacher-score', 'analyze')	New harness/internal default: not a production adoption receipt; see file order/registration and reference inventory
scripts/gpt_oss20b_e14_backend_fix.py	env::'HF_HUB_OFFLINE'	0	ABSENT	34	os.environ.setdefault('HF_HUB_OFFLINE', '1')	New harness/internal default: not a production adoption receipt; see file order/registration and reference inventory
scripts/gpt_oss20b_e14_backend_fix.py	env::'PYTHONDONTWRITEBYTECODE'	0	ABSENT	33	os.environ.setdefault('PYTHONDONTWRITEBYTECODE', '1')	New harness/internal default: not a production adoption receipt; see file order/registration and reference inventory
scripts/gpt_oss20b_e14_backend_fix.py	env::'TRANSFORMERS_OFFLINE'	0	ABSENT	35	os.environ.setdefault('TRANSFORMERS_OFFLINE', '1')	New harness/internal default: not a production adoption receipt; see file order/registration and reference inventory
scripts/gpt_oss20b_e14_backend_fix.py	env:cuda_probe:'CUDA_VISIBLE_DEVICES'	0	ABSENT	208	os.environ.get('CUDA_VISIBLE_DEVICES')	New harness/internal default: not a production adoption receipt; see file order/registration and reference inventory
scripts/gpt_oss20b_e14_backend_fix.py	parameter:sanity_receipt_path:attempt	0	ABSENT	724	0	New harness/internal default: not a production adoption receipt; see file order/registration and reference inventory
scripts/gpt_oss20b_e14_backend_fix.py	parameter:teacher_receipt_path:attempt	0	ABSENT	729	0	New harness/internal default: not a production adoption receipt; see file order/registration and reference inventory
scripts/gpt_oss20b_e14_backend_fix.py	parameter:teacher_receipt_path:construction	0	ABSENT	729	None	New harness/internal default: not a production adoption receipt; see file order/registration and reference inventory
scripts/gpt_oss20b_e14_backend_fix.py	parameter:teacher_receipt_path:window_index	0	ABSENT	729	None	New harness/internal default: not a production adoption receipt; see file order/registration and reference inventory
scripts/gpt_oss20b_e1_diag.py	assignment::CONTEXT_LADDER_PATH	0	ABSENT	60	SCRIPT_DIR / 'gpt_oss20b_context_ladder.py'	New harness/internal default: not a production adoption receipt; see file order/registration and reference inventory
scripts/gpt_oss20b_e1_diag.py	assignment::CORE_PATH	0	ABSENT	63	REPO_ROOT / 'core' / 'gpt_oss20b_tc.py'	New harness/internal default: not a production adoption receipt; see file order/registration and reference inventory
scripts/gpt_oss20b_e1_diag.py	assignment::D5_AUDIT_RESULT	0	ABSENT	104	'D5 STATIC AUDIT — No position-id, attention-mask, sink, or teacher-tail gather divergence was found between capture-pairs and eval-gates: both concatenate the prefix before the shared window, use position_offset=0, construct full-length GPT-OSS YARN tables, set standard sink-aware attention, and call the same GptOssDiagnosticBlockTC. capture-pairs forwards 2,560 tokens through L*=22 and captures the final 512 block outputs; eval-gates forwards 2,559 inputs through all 24 layers, slices the final 511 hidden rows, and scores them against window[1:]. The only execution-path divergence from the established stream runner is that eval-gates reuses each loaded block for teacher, base, and expert calls before synchronizing, whereas the established path calls each block once and synchronizes; D4 is required to determine whether that multi-arm scheduling/reuse is causal. The opt-in --eval-fix e12 path isolates arm forwards, writes append-only eval_e11_e12 receipts, and is guarded by a MECHANISM=BUG diagnostic; the original path remains the default. G1 proves token-ID equality only, not teacher-logit correctness.'	New harness/internal default: not a production adoption receipt; see file order/registration and reference inventory
scripts/gpt_oss20b_e1_diag.py	assignment::E13_ATX_HEADER_RE	0	ABSENT	92	re.compile('^#{1,6}(?:\\s+|$)')	New harness/internal default: not a production adoption receipt; see file order/registration and reference inventory
scripts/gpt_oss20b_e1_diag.py	assignment::E13_C0_EXPLOSION_PPL_RATIO	0	ABSENT	81	10.0	New harness/internal default: not a production adoption receipt; see file order/registration and reference inventory
scripts/gpt_oss20b_e1_diag.py	assignment::E13_C0_WINDOW	0	ABSENT	75	11	New harness/internal default: not a production adoption receipt; see file order/registration and reference inventory
scripts/gpt_oss20b_e1_diag.py	assignment::E13_CONSTRUCTIONS	0	ABSENT	74	('p1', 'p2', 'p3', 'p4')	New harness/internal default: not a production adoption receipt; see file order/registration and reference inventory
scripts/gpt_oss20b_e1_diag.py	assignment::E13_FRAME_CLOSE	0	ABSENT	78	'\n\nPassage:\n'	New harness/internal default: not a production adoption receipt; see file order/registration and reference inventory
scripts/gpt_oss20b_e1_diag.py	assignment::E13_FRAME_OPEN	0	ABSENT	77	'The following are writing-craft guidelines...\n\n'	New harness/internal default: not a production adoption receipt; see file order/registration and reference inventory
scripts/gpt_oss20b_e1_diag.py	assignment::E13_LIST_LINE_RE	0	ABSENT	89	re.compile('^(?:[-+*•‣◦–—]|\\d{1,4}[.)]|[A-Za-z][.)])\\s+')	New harness/internal default: not a production adoption receipt; see file order/registration and reference inventory
scripts/gpt_oss20b_e1_diag.py	assignment::E13_ORDER_PATH	0	ABSENT	54	REPO_ROOT / 'orders' / 'MOE_E1_3_TEACHER_REDESIGN.md'	New harness/internal default: not a production adoption receipt; see file order/registration and reference inventory
scripts/gpt_oss20b_e1_diag.py	assignment::E13_OUTPUT	0	ABSENT	57	REPO_ROOT / 'artifacts' / 'moe_e1_3'	New harness/internal default: not a production adoption receipt; see file order/registration and reference inventory
scripts/gpt_oss20b_e1_diag.py	assignment::E13_P1_CONTENT_TOKENS	0	ABSENT	79	2048	New harness/internal default: not a production adoption receipt; see file order/registration and reference inventory
scripts/gpt_oss20b_e1_diag.py	assignment::E13_P4_CONTENT_TOKENS	0	ABSENT	80	512	New harness/internal default: not a production adoption receipt; see file order/registration and reference inventory
scripts/gpt_oss20b_e1_diag.py	assignment::E13_PREFIX_ARRAYS	0	ABSENT	83	E13_OUTPUT / 'teacher_prefixes.npz'	New harness/internal default: not a production adoption receipt; see file order/registration and reference inventory
scripts/gpt_oss20b_e1_diag.py	assignment::E13_PREFIX_MANIFEST	0	ABSENT	82	E13_OUTPUT / 'prefix_manifest.json'	New harness/internal default: not a production adoption receipt; see file order/registration and reference inventory
scripts/gpt_oss20b_e1_diag.py	assignment::E13_REPORT	0	ABSENT	85	E13_OUTPUT / 'MOE_E1_3_REPORT.md'	New harness/internal default: not a production adoption receipt; see file order/registration and reference inventory
scripts/gpt_oss20b_e1_diag.py	assignment::E13_RESUME_SCRIPT	0	ABSENT	87	E13_OUTPUT / 'GPU_E13_RESUME_COMMANDS.sh'	New harness/internal default: not a production adoption receipt; see file order/registration and reference inventory
scripts/gpt_oss20b_e1_diag.py	assignment::E13_SEED	0	ABSENT	76	e1.DEFAULT_SEED	New harness/internal default: not a production adoption receipt; see file order/registration and reference inventory
scripts/gpt_oss20b_e1_diag.py	assignment::E13_SELECTION	0	ABSENT	84	E13_OUTPUT / 'selection.json'	New harness/internal default: not a production adoption receipt; see file order/registration and reference inventory
scripts/gpt_oss20b_e1_diag.py	assignment::E13_SENTENCE_END_RE	0	ABSENT	94	"re.compile('[.!?]+(?:[\\""\'”’)]*)?(?=\\s|$)')"	New harness/internal default: not a production adoption receipt; see file order/registration and reference inventory
scripts/gpt_oss20b_e1_diag.py	assignment::E13_SETEXT_OR_RULE_RE	0	ABSENT	93	re.compile('^(?:=+|-{3,}|\\*{3,}|_{3,})$')	New harness/internal default: not a production adoption receipt; see file order/registration and reference inventory
scripts/gpt_oss20b_e1_diag.py	assignment::E13_SWEEP_SCRIPT	0	ABSENT	86	E13_OUTPUT / 'GPU_E13_SWEEP_COMMANDS.sh'	New harness/internal default: not a production adoption receipt; see file order/registration and reference inventory
scripts/gpt_oss20b_e1_diag.py	assignment::E13_WINDOWS	0	ABSENT	73	(11, 13, 15, 1)	New harness/internal default: not a production adoption receipt; see file order/registration and reference inventory
scripts/gpt_oss20b_e1_diag.py	assignment::E13_WORD_RE	0	ABSENT	95	"re.compile(""[A-Za-z]+(?:[-'’][A-Za-z]+)*"")"	New harness/internal default: not a production adoption receipt; see file order/registration and reference inventory
scripts/gpt_oss20b_e1_diag.py	assignment::E1_OUTPUT	0	ABSENT	55	REPO_ROOT / 'artifacts' / 'moe_e1'	New harness/internal default: not a production adoption receipt; see file order/registration and reference inventory
scripts/gpt_oss20b_e1_diag.py	assignment::GPU_WRAPPER	0	ABSENT	97	'flock -w 7200 /tmp/forge-gpu.lock timeout --signal=TERM --kill-after=5s 590s env CUDA_VISIBLE_DEVICES=0 PYTHONDONTWRITEBYTECODE=1 HF_HUB_OFFLINE=1 TRANSFORMERS_OFFLINE=1'	New harness/internal default: not a production adoption receipt; see file order/registration and reference inventory
scripts/gpt_oss20b_e1_diag.py	assignment::MEAN_NLL_AGREEMENT_ATOL	0	ABSENT	70	0.02	New harness/internal default: not a production adoption receipt; see file order/registration and reference inventory
scripts/gpt_oss20b_e1_diag.py	assignment::NAMED_WINDOWS	0	ABSENT	65	(11, 13, 15)	New harness/internal default: not a production adoption receipt; see file order/registration and reference inventory
scripts/gpt_oss20b_e1_diag.py	assignment::N_TARGETS	0	ABSENT	69	e1.WINDOW_TOKENS - 1	New harness/internal default: not a production adoption receipt; see file order/registration and reference inventory
scripts/gpt_oss20b_e1_diag.py	assignment::ORDER_PATH	0	ABSENT	53	REPO_ROOT / 'orders' / 'MOE_E1_2_DIAG_TEACHER_ARM.md'	New harness/internal default: not a production adoption receipt; see file order/registration and reference inventory
scripts/gpt_oss20b_e1_diag.py	assignment::OUTPUT	0	ABSENT	56	REPO_ROOT / 'artifacts' / 'moe_e1_diag'	New harness/internal default: not a production adoption receipt; see file order/registration and reference inventory
scripts/gpt_oss20b_e1_diag.py	assignment::PATH_KINDS	0	ABSENT	67	('e1', 'established')	New harness/internal default: not a production adoption receipt; see file order/registration and reference inventory
scripts/gpt_oss20b_e1_diag.py	assignment::PREFIX_KINDS	0	ABSENT	66	('guide2048', 'wikitext2048', 'guide256')	New harness/internal default: not a production adoption receipt; see file order/registration and reference inventory
scripts/gpt_oss20b_e1_diag.py	assignment::PROFILE_NLL_P99_ATOL	0	ABSENT	71	0.1	New harness/internal default: not a production adoption receipt; see file order/registration and reference inventory
scripts/gpt_oss20b_e1_diag.py	assignment::REALTEXT_PATH	0	ABSENT	61	SCRIPT_DIR / 'gpt_oss20b_realtext_ppl_gate.py'	New harness/internal default: not a production adoption receipt; see file order/registration and reference inventory
scripts/gpt_oss20b_e1_diag.py	assignment::REPO_ROOT	0	ABSENT	46	SCRIPT_PATH.parents[1]	New harness/internal default: not a production adoption receipt; see file order/registration and reference inventory
scripts/gpt_oss20b_e1_diag.py	assignment::RT1_MANIFEST	0	ABSENT	58	REPO_ROOT / 'artifacts' / 'moe_rt1' / 'corpora_manifest.json'	New harness/internal default: not a production adoption receipt; see file order/registration and reference inventory
scripts/gpt_oss20b_e1_diag.py	assignment::RT1_WINDOWS	0	ABSENT	59	REPO_ROOT / 'artifacts' / 'moe_rt1' / 'corpus_windows.npz'	New harness/internal default: not a production adoption receipt; see file order/registration and reference inventory
scripts/gpt_oss20b_e1_diag.py	assignment::SAMPLE_POSITIONS	0	ABSENT	68	(1, 74, 146, 219, 291, 364, 436, 509)	New harness/internal default: not a production adoption receipt; see file order/registration and reference inventory
scripts/gpt_oss20b_e1_diag.py	assignment::SCRIPT_DIR	0	ABSENT	45	SCRIPT_PATH.parent	New harness/internal default: not a production adoption receipt; see file order/registration and reference inventory
scripts/gpt_oss20b_e1_diag.py	assignment::SCRIPT_PATH	0	ABSENT	44	Path(__file__).resolve()	New harness/internal default: not a production adoption receipt; see file order/registration and reference inventory
scripts/gpt_oss20b_e1_diag.py	assignment::STREAM_PATH	0	ABSENT	62	SCRIPT_DIR / 'gpt_oss20b_stream_forward_smoke.py'	New harness/internal default: not a production adoption receipt; see file order/registration and reference inventory
scripts/gpt_oss20b_e1_diag.py	assignment::_WIKITEXT_PREFIX_CACHE	0	ABSENT	123	None	New harness/internal default: not a production adoption receipt; see file order/registration and reference inventory
scripts/gpt_oss20b_e1_diag.py	assignment:load_wikitext_prefix:_WIKITEXT_PREFIX_CACHE	0	ABSENT	383	(prefix.copy(), dict(source))	New harness/internal default: not a production adoption receipt; see file order/registration and reference inventory
scripts/gpt_oss20b_e1_diag.py	cli:parse_args:'--attempt'	0	ABSENT	149	default=0	New harness/internal default: not a production adoption receipt; see file order/registration and reference inventory
scripts/gpt_oss20b_e1_diag.py	cli:parse_args:'--construction'	0	ABSENT	152	choices=E13_CONSTRUCTIONS	New harness/internal default: not a production adoption receipt; see file order/registration and reference inventory
scripts/gpt_oss20b_e1_diag.py	cli:parse_args:'--e13-output-dir'	0	ABSENT	150	default=E13_OUTPUT	New harness/internal default: not a production adoption receipt; see file order/registration and reference inventory
scripts/gpt_oss20b_e1_diag.py	cli:parse_args:'--e13-window-index'	0	ABSENT	151	choices=E13_WINDOWS	New harness/internal default: not a production adoption receipt; see file order/registration and reference inventory
scripts/gpt_oss20b_e1_diag.py	cli:parse_args:'--model-dir'	0	ABSENT	145	default=e1.SNAPSHOT	New harness/internal default: not a production adoption receipt; see file order/registration and reference inventory
scripts/gpt_oss20b_e1_diag.py	cli:parse_args:'--output-dir'	0	ABSENT	144	default=OUTPUT	New harness/internal default: not a production adoption receipt; see file order/registration and reference inventory
scripts/gpt_oss20b_e1_diag.py	cli:parse_args:'--path-kind'	0	ABSENT	148	choices=PATH_KINDS	New harness/internal default: not a production adoption receipt; see file order/registration and reference inventory
scripts/gpt_oss20b_e1_diag.py	cli:parse_args:'--prefix-kind'	0	ABSENT	147	choices=PREFIX_KINDS	New harness/internal default: not a production adoption receipt; see file order/registration and reference inventory
scripts/gpt_oss20b_e1_diag.py	cli:parse_args:'--require-c0'	0	ABSENT	158	action='store_true'	New harness/internal default: not a production adoption receipt; see file order/registration and reference inventory
scripts/gpt_oss20b_e1_diag.py	cli:parse_args:'--require-complete'	0	ABSENT	159	action='store_true'	New harness/internal default: not a production adoption receipt; see file order/registration and reference inventory
scripts/gpt_oss20b_e1_diag.py	cli:parse_args:'--score-kind'	0	ABSENT	153	choices=('c0', 'sweep')	New harness/internal default: not a production adoption receipt; see file order/registration and reference inventory
scripts/gpt_oss20b_e1_diag.py	cli:parse_args:'--window-index'	0	ABSENT	146	choices=NAMED_WINDOWS	New harness/internal default: not a production adoption receipt; see file order/registration and reference inventory
scripts/gpt_oss20b_e1_diag.py	cli:parse_args:'mode'	0	ABSENT	130	choices=('self-test', 'audit', 'score', 'analyze', 'analyze-e12', 'prepare-e13', 'self-test-e13', 'score-e13', 'analyze-e13')	New harness/internal default: not a production adoption receipt; see file order/registration and reference inventory
scripts/gpt_oss20b_e1_diag.py	env::'HF_HUB_OFFLINE'	0	ABSENT	41	os.environ.setdefault('HF_HUB_OFFLINE', '1')	New harness/internal default: not a production adoption receipt; see file order/registration and reference inventory
scripts/gpt_oss20b_e1_diag.py	env::'PYTHONDONTWRITEBYTECODE'	0	ABSENT	40	os.environ.setdefault('PYTHONDONTWRITEBYTECODE', '1')	New harness/internal default: not a production adoption receipt; see file order/registration and reference inventory
scripts/gpt_oss20b_e1_diag.py	env::'TRANSFORMERS_OFFLINE'	0	ABSENT	42	os.environ.setdefault('TRANSFORMERS_OFFLINE', '1')	New harness/internal default: not a production adoption receipt; see file order/registration and reference inventory
scripts/gpt_oss20b_e1_diag.py	env:cuda_probe:'CUDA_VISIBLE_DEVICES'	0	ABSENT	276	os.environ.get('CUDA_VISIBLE_DEVICES', '')	New harness/internal default: not a production adoption receipt; see file order/registration and reference inventory
scripts/gpt_oss20b_e1_diag.py	parameter:e13_score_receipt_path:attempt	0	ABSENT	1404	0	New harness/internal default: not a production adoption receipt; see file order/registration and reference inventory
scripts/gpt_oss20b_e1_diag.py	parameter:e13_score_receipt_path:construction	0	ABSENT	1404	None	New harness/internal default: not a production adoption receipt; see file order/registration and reference inventory
scripts/gpt_oss20b_e1_diag.py	parameter:e13_score_receipt_path:window_index	0	ABSENT	1404	None	New harness/internal default: not a production adoption receipt; see file order/registration and reference inventory
scripts/gpt_oss20b_e1_diag.py	parameter:load_e13_prepared:output	0	ABSENT	1369	E13_OUTPUT	New harness/internal default: not a production adoption receipt; see file order/registration and reference inventory
scripts/gpt_oss20b_e1_diag.py	parameter:p3_same_file_prefixes:secondary_files	0	ABSENT	685	()	New harness/internal default: not a production adoption receipt; see file order/registration and reference inventory
scripts/gpt_oss20b_e1_diag.py	parameter:p3_same_file_prefixes:secondary_split_label	0	ABSENT	685	None	New harness/internal default: not a production adoption receipt; see file order/registration and reference inventory
scripts/gpt_oss20b_e1_diag.py	parameter:receipt_path:attempt	0	ABSENT	309	0	New harness/internal default: not a production adoption receipt; see file order/registration and reference inventory
scripts/gpt_oss20b_expert_e1.py	assignment::ADDRESS_RULES	0	ABSENT	81	(ADDRESS_RULE_E1, ADDRESS_RULE_E11)	New harness/internal default: not a production adoption receipt; see file order/registration and reference inventory
scripts/gpt_oss20b_expert_e1.py	assignment::ADDRESS_RULE_E1	0	ABSENT	79	'e1'	New harness/internal default: not a production adoption receipt; see file order/registration and reference inventory
scripts/gpt_oss20b_expert_e1.py	assignment::ADDRESS_RULE_E11	0	ABSENT	80	'e11'	New harness/internal default: not a production adoption receipt; see file order/registration and reference inventory
scripts/gpt_oss20b_expert_e1.py	assignment::BACKENDS	0	ABSENT	91	(BACKEND_HISTORICAL, BACKEND_E14_APA)	New harness/internal default: not a production adoption receipt; see file order/registration and reference inventory
scripts/gpt_oss20b_expert_e1.py	assignment::BACKEND_E14_APA	0	ABSENT	90	'e14-apa'	New harness/internal default: not a production adoption receipt; see file order/registration and reference inventory
scripts/gpt_oss20b_expert_e1.py	assignment::BACKEND_HISTORICAL	0	ABSENT	89	'historical-standard'	New harness/internal default: not a production adoption receipt; see file order/registration and reference inventory
scripts/gpt_oss20b_expert_e1.py	assignment::CORPUS_ROOTS	0	ABSENT	100	(Path('/mnt/Shared/01 - Narrative Project/01 - Narrative Research/Methodology/GUIDELINES/Active_Guides'), Path('/mnt/Shared/01 - Narrative Project/01 - Narrative Research/Methodology/GUIDELINES/Active_J_Guides'), Path('/mnt/Shared/01 - Narrative Project/01 - Narrative Research/Methodology/GUIDELINES/Active_O_Guides'))	New harness/internal default: not a production adoption receipt; see file order/registration and reference inventory
scripts/gpt_oss20b_expert_e1.py	assignment::DEFAULT_BOOTSTRAP_RESAMPLES	0	ABSENT	153	2000	New harness/internal default: not a production adoption receipt; see file order/registration and reference inventory
scripts/gpt_oss20b_expert_e1.py	assignment::DEFAULT_OUTPUT_DIR	0	ABSENT	66	REPO_ROOT / 'artifacts' / 'moe_e1'	New harness/internal default: not a production adoption receipt; see file order/registration and reference inventory
scripts/gpt_oss20b_expert_e1.py	assignment::DEFAULT_SEED	0	ABSENT	152	20260827	New harness/internal default: not a production adoption receipt; see file order/registration and reference inventory
scripts/gpt_oss20b_expert_e1.py	assignment::E11_HIGH_FIRING_WIKITEXT_WINDOWS	0	ABSENT	151	(5, 13, 11, 15)	New harness/internal default: not a production adoption receipt; see file order/registration and reference inventory
scripts/gpt_oss20b_expert_e1.py	assignment::E11_ORDER_PATH	0	ABSENT	60	REPO_ROOT / 'orders' / 'MOE_E1_1_AMENDED_ADDRESS_GATE.md'	New harness/internal default: not a production adoption receipt; see file order/registration and reference inventory
scripts/gpt_oss20b_expert_e1.py	assignment::E12_DIAG_ANALYSIS_PATH	0	ABSENT	67	REPO_ROOT / 'artifacts' / 'moe_e1_diag' / 'analysis.json'	New harness/internal default: not a production adoption receipt; see file order/registration and reference inventory
scripts/gpt_oss20b_expert_e1.py	assignment::E13_ORDER_PATH	0	ABSENT	61	REPO_ROOT / 'orders' / 'MOE_E1_3_TEACHER_REDESIGN.md'	New harness/internal default: not a production adoption receipt; see file order/registration and reference inventory
scripts/gpt_oss20b_expert_e1.py	assignment::E13_OUTPUT_DIR	0	ABSENT	68	REPO_ROOT / 'artifacts' / 'moe_e1_3'	New harness/internal default: not a production adoption receipt; see file order/registration and reference inventory
scripts/gpt_oss20b_expert_e1.py	assignment::E13_PREFIX_ARRAYS_PATH	0	ABSENT	70	E13_OUTPUT_DIR / 'teacher_prefixes.npz'	New harness/internal default: not a production adoption receipt; see file order/registration and reference inventory
scripts/gpt_oss20b_expert_e1.py	assignment::E13_PREFIX_MANIFEST_PATH	0	ABSENT	69	E13_OUTPUT_DIR / 'prefix_manifest.json'	New harness/internal default: not a production adoption receipt; see file order/registration and reference inventory
scripts/gpt_oss20b_expert_e1.py	assignment::E13_RESUME_PATH	0	ABSENT	72	E13_OUTPUT_DIR / 'GPU_E13_RESUME_COMMANDS.sh'	New harness/internal default: not a production adoption receipt; see file order/registration and reference inventory
scripts/gpt_oss20b_expert_e1.py	assignment::E13_SELECTION_PATH	0	ABSENT	71	E13_OUTPUT_DIR / 'selection.json'	New harness/internal default: not a production adoption receipt; see file order/registration and reference inventory
scripts/gpt_oss20b_expert_e1.py	assignment::E14_APA_BULK_BITS	0	ABSENT	94	8	New harness/internal default: not a production adoption receipt; see file order/registration and reference inventory
scripts/gpt_oss20b_expert_e1.py	assignment::E14_APA_LAYER_SCOPE	0	ABSENT	92	'full'	New harness/internal default: not a production adoption receipt; see file order/registration and reference inventory
scripts/gpt_oss20b_expert_e1.py	assignment::E14_APA_REFINE_PERCENTILE	0	ABSENT	93	0.15	New harness/internal default: not a production adoption receipt; see file order/registration and reference inventory
scripts/gpt_oss20b_expert_e1.py	assignment::E14_CHAIN_PATH	0	ABSENT	77	E14_OUTPUT_DIR / 'GPU_E14_CHAIN_COMMANDS.sh'	New harness/internal default: not a production adoption receipt; see file order/registration and reference inventory
scripts/gpt_oss20b_expert_e1.py	assignment::E14_ORDER_PATH	0	ABSENT	62	REPO_ROOT / 'orders' / 'MOE_E1_4_BACKEND_FIX.md'	New harness/internal default: not a production adoption receipt; see file order/registration and reference inventory
scripts/gpt_oss20b_expert_e1.py	assignment::E14_OUTPUT_DIR	0	ABSENT	73	REPO_ROOT / 'artifacts' / 'moe_e1_4'	New harness/internal default: not a production adoption receipt; see file order/registration and reference inventory
scripts/gpt_oss20b_expert_e1.py	assignment::E14_PREFIX_ARRAYS_PATH	0	ABSENT	75	E14_OUTPUT_DIR / 'teacher_prefixes_e14.npz'	New harness/internal default: not a production adoption receipt; see file order/registration and reference inventory
scripts/gpt_oss20b_expert_e1.py	assignment::E14_PREFIX_MANIFEST_PATH	0	ABSENT	74	E14_OUTPUT_DIR / 'teacher_prefix_manifest_e14.json'	New harness/internal default: not a production adoption receipt; see file order/registration and reference inventory
scripts/gpt_oss20b_expert_e1.py	assignment::E14_SELECTION_PATH	0	ABSENT	76	E14_OUTPUT_DIR / 'teacher_selection_e14.json'	New harness/internal default: not a production adoption receipt; see file order/registration and reference inventory
scripts/gpt_oss20b_expert_e1.py	assignment::EVAL_FIXES	0	ABSENT	84	(EVAL_FIX_ORIGINAL, EVAL_FIX_E12)	New harness/internal default: not a production adoption receipt; see file order/registration and reference inventory
scripts/gpt_oss20b_expert_e1.py	assignment::EVAL_FIX_E12	0	ABSENT	83	'e12'	New harness/internal default: not a production adoption receipt; see file order/registration and reference inventory
scripts/gpt_oss20b_expert_e1.py	assignment::EVAL_FIX_ORIGINAL	0	ABSENT	82	'original'	New harness/internal default: not a production adoption receipt; see file order/registration and reference inventory
scripts/gpt_oss20b_expert_e1.py	assignment::EVAL_INDICES	0	ABSENT	132	tuple(range(1, N_KEY_WINDOWS, 2))	New harness/internal default: not a production adoption receipt; see file order/registration and reference inventory
scripts/gpt_oss20b_expert_e1.py	assignment::EXPERTPACK_DIRNAME	0	ABSENT	78	'expertpack_narrative_v0'	New harness/internal default: not a production adoption receipt; see file order/registration and reference inventory
scripts/gpt_oss20b_expert_e1.py	assignment::EXPERTS_PER_TOKEN	0	ABSENT	122	4	New harness/internal default: not a production adoption receipt; see file order/registration and reference inventory
scripts/gpt_oss20b_expert_e1.py	assignment::FIT_INDICES	0	ABSENT	131	tuple(range(0, N_KEY_WINDOWS, 2))	New harness/internal default: not a production adoption receipt; see file order/registration and reference inventory
scripts/gpt_oss20b_expert_e1.py	assignment::FORBIDDEN_DIRECTORY_TERMS	0	ABSENT	114	('consciousness', 'rcft', 'thesis')	New harness/internal default: not a production adoption receipt; see file order/registration and reference inventory
scripts/gpt_oss20b_expert_e1.py	assignment::FPR_CAPS	0	ABSENT	146	{'generic': 0.02, 'code': 0.05, 'grm': 0.05}	New harness/internal default: not a production adoption receipt; see file order/registration and reference inventory
scripts/gpt_oss20b_expert_e1.py	assignment::G3_IMPROVEMENT_FLOOR	0	ABSENT	147	0.1	New harness/internal default: not a production adoption receipt; see file order/registration and reference inventory
scripts/gpt_oss20b_expert_e1.py	assignment::G4_RECOVERY_FLOOR	0	ABSENT	148	0.25	New harness/internal default: not a production adoption receipt; see file order/registration and reference inventory
scripts/gpt_oss20b_expert_e1.py	assignment::G5_FIRE_CAPS	0	ABSENT	150	{'generic': 0.02, 'code': 0.05}	New harness/internal default: not a production adoption receipt; see file order/registration and reference inventory
scripts/gpt_oss20b_expert_e1.py	assignment::G5_WIKITEXT_PPL_DELTA_CAP_PCT	0	ABSENT	149	0.5	New harness/internal default: not a production adoption receipt; see file order/registration and reference inventory
scripts/gpt_oss20b_expert_e1.py	assignment::GPU_WRAPPER	0	ABSENT	155	'flock -w 7200 /tmp/forge-gpu.lock timeout --signal=TERM --kill-after=5s 590s env CUDA_VISIBLE_DEVICES=0 PYTHONDONTWRITEBYTECODE=1 HF_HUB_OFFLINE=1 TRANSFORMERS_OFFLINE=1'	New harness/internal default: not a production adoption receipt; see file order/registration and reference inventory
scripts/gpt_oss20b_expert_e1.py	assignment::HIDDEN_DIM	0	ABSENT	120	2880	New harness/internal default: not a production adoption receipt; see file order/registration and reference inventory
scripts/gpt_oss20b_expert_e1.py	assignment::INNER_TRAIN_INDICES	0	ABSENT	133	(0, 4, 8, 12)	New harness/internal default: not a production adoption receipt; see file order/registration and reference inventory
scripts/gpt_oss20b_expert_e1.py	assignment::INNER_VALIDATION_INDICES	0	ABSENT	134	(2, 6, 10, 14)	New harness/internal default: not a production adoption receipt; see file order/registration and reference inventory
scripts/gpt_oss20b_expert_e1.py	assignment::K4_ALPHA_GRID	0	ABSENT	144	(0.0001, 0.001, 0.01, 0.1, 1.0)	New harness/internal default: not a production adoption receipt; see file order/registration and reference inventory
scripts/gpt_oss20b_expert_e1.py	assignment::KEY_WINDOWS_PER_CHUNK	0	ABSENT	126	8	New harness/internal default: not a production adoption receipt; see file order/registration and reference inventory
scripts/gpt_oss20b_expert_e1.py	assignment::NEGATIVE_CORPORA	0	ABSENT	135	('generic', 'code', 'grm')	New harness/internal default: not a production adoption receipt; see file order/registration and reference inventory
scripts/gpt_oss20b_expert_e1.py	assignment::N_BEHAVIORAL_WINDOWS	0	ABSENT	130	16	New harness/internal default: not a production adoption receipt; see file order/registration and reference inventory
scripts/gpt_oss20b_expert_e1.py	assignment::N_EXPERTS	0	ABSENT	121	32	New harness/internal default: not a production adoption receipt; see file order/registration and reference inventory
scripts/gpt_oss20b_expert_e1.py	assignment::N_FILES	0	ABSENT	116	35	New harness/internal default: not a production adoption receipt; see file order/registration and reference inventory
scripts/gpt_oss20b_expert_e1.py	assignment::N_HELDOUT_FILES	0	ABSENT	118	10	New harness/internal default: not a production adoption receipt; see file order/registration and reference inventory
scripts/gpt_oss20b_expert_e1.py	assignment::N_KEY_WINDOWS	0	ABSENT	125	16	New harness/internal default: not a production adoption receipt; see file order/registration and reference inventory
scripts/gpt_oss20b_expert_e1.py	assignment::N_LAYERS	0	ABSENT	119	24	New harness/internal default: not a production adoption receipt; see file order/registration and reference inventory
scripts/gpt_oss20b_expert_e1.py	assignment::N_PAIR_TRAIN	0	ABSENT	127	48	New harness/internal default: not a production adoption receipt; see file order/registration and reference inventory
scripts/gpt_oss20b_expert_e1.py	assignment::N_PAIR_VALIDATION	0	ABSENT	128	16	New harness/internal default: not a production adoption receipt; see file order/registration and reference inventory
scripts/gpt_oss20b_expert_e1.py	assignment::N_PAIR_WINDOWS	0	ABSENT	129	N_PAIR_TRAIN + N_PAIR_VALIDATION	New harness/internal default: not a production adoption receipt; see file order/registration and reference inventory
scripts/gpt_oss20b_expert_e1.py	assignment::N_TRAIN_FILES	0	ABSENT	117	25	New harness/internal default: not a production adoption receipt; see file order/registration and reference inventory
scripts/gpt_oss20b_expert_e1.py	assignment::ORDER_PATH	0	ABSENT	59	REPO_ROOT / 'orders' / 'MOE_E1_NARRATIVE_EXPERT.md'	New harness/internal default: not a production adoption receipt; see file order/registration and reference inventory
scripts/gpt_oss20b_expert_e1.py	assignment::PREFIX_TOKENS	0	ABSENT	124	2048	New harness/internal default: not a production adoption receipt; see file order/registration and reference inventory
scripts/gpt_oss20b_expert_e1.py	assignment::RECALL_FLOOR	0	ABSENT	145	0.5	New harness/internal default: not a production adoption receipt; see file order/registration and reference inventory
scripts/gpt_oss20b_expert_e1.py	assignment::REPO_ROOT	0	ABSENT	55	SCRIPT_PATH.parents[1]	New harness/internal default: not a production adoption receipt; see file order/registration and reference inventory
scripts/gpt_oss20b_expert_e1.py	assignment::RT1_DIR	0	ABSENT	63	REPO_ROOT / 'artifacts' / 'moe_rt1'	New harness/internal default: not a production adoption receipt; see file order/registration and reference inventory
scripts/gpt_oss20b_expert_e1.py	assignment::RT2_1_DIR	0	ABSENT	65	REPO_ROOT / 'artifacts' / 'moe_rt2_1'	New harness/internal default: not a production adoption receipt; see file order/registration and reference inventory
scripts/gpt_oss20b_expert_e1.py	assignment::RT2_CORPUS_FOR_NEGATIVE	0	ABSENT	136	{'generic': 'generic', 'code': 'code', 'grm': 'domain'}	New harness/internal default: not a production adoption receipt; see file order/registration and reference inventory
scripts/gpt_oss20b_expert_e1.py	assignment::RT2_DIR	0	ABSENT	64	REPO_ROOT / 'artifacts' / 'moe_rt2'	New harness/internal default: not a production adoption receipt; see file order/registration and reference inventory
scripts/gpt_oss20b_expert_e1.py	assignment::SCRIPT_DIR	0	ABSENT	54	SCRIPT_PATH.parent	New harness/internal default: not a production adoption receipt; see file order/registration and reference inventory
scripts/gpt_oss20b_expert_e1.py	assignment::SCRIPT_PATH	0	ABSENT	53	Path(__file__).resolve()	New harness/internal default: not a production adoption receipt; see file order/registration and reference inventory
scripts/gpt_oss20b_expert_e1.py	assignment::SNAPSHOT	0	ABSENT	95	Path('/home/vader/.cache/huggingface/hub/models--openai--gpt-oss-20b/snapshots/6cee5e81ee83917806bbde320786a8fb61efebee')	New harness/internal default: not a production adoption receipt; see file order/registration and reference inventory
scripts/gpt_oss20b_expert_e1.py	assignment::TAU_GRID	0	ABSENT	138	(('p90', 0.9), ('p95', 0.95), ('p99', 0.99), ('p99.5', 0.995))	New harness/internal default: not a production adoption receipt; see file order/registration and reference inventory
scripts/gpt_oss20b_expert_e1.py	assignment::TEACHER_RULES	0	ABSENT	88	(TEACHER_RULE_ORIGINAL, TEACHER_RULE_E13, TEACHER_RULE_E14)	New harness/internal default: not a production adoption receipt; see file order/registration and reference inventory
scripts/gpt_oss20b_expert_e1.py	assignment::TEACHER_RULE_E13	0	ABSENT	86	'e13'	New harness/internal default: not a production adoption receipt; see file order/registration and reference inventory
scripts/gpt_oss20b_expert_e1.py	assignment::TEACHER_RULE_E14	0	ABSENT	87	'e14'	New harness/internal default: not a production adoption receipt; see file order/registration and reference inventory
scripts/gpt_oss20b_expert_e1.py	assignment::TEACHER_RULE_ORIGINAL	0	ABSENT	85	'original'	New harness/internal default: not a production adoption receipt; see file order/registration and reference inventory
scripts/gpt_oss20b_expert_e1.py	assignment::WINDOW_TOKENS	0	ABSENT	123	512	New harness/internal default: not a production adoption receipt; see file order/registration and reference inventory
scripts/gpt_oss20b_expert_e1.py	assignment:load_expert_arrays:A	0	ABSENT	3565	np.load(pack['components']['A']['path'], allow_pickle=False)	New harness/internal default: not a production adoption receipt; see file order/registration and reference inventory
scripts/gpt_oss20b_expert_e1.py	assignment:load_expert_arrays:B	0	ABSENT	3566	np.load(pack['components']['B']['path'], allow_pickle=False)	New harness/internal default: not a production adoption receipt; see file order/registration and reference inventory
scripts/gpt_oss20b_expert_e1.py	assignment:run_cpu_validation:A	0	ABSENT	926	rng.normal(scale=0.1, size=(4, 12)).astype(np.float32)	New harness/internal default: not a production adoption receipt; see file order/registration and reference inventory
scripts/gpt_oss20b_expert_e1.py	assignment:run_cpu_validation:B	0	ABSENT	930	rng.normal(scale=0.1, size=(12, 4)).astype(np.float32)	New harness/internal default: not a production adoption receipt; see file order/registration and reference inventory
scripts/gpt_oss20b_expert_e1.py	assignment:train:os.environ['CUDA_VISIBLE_DEVICES']	0	ABSENT	3262	''	New harness/internal default: not a production adoption receipt; see file order/registration and reference inventory
scripts/gpt_oss20b_expert_e1.py	cli:parse_args:'--address-rule'	0	ABSENT	181	choices=ADDRESS_RULES; default=ADDRESS_RULE_E1	New harness/internal default: not a production adoption receipt; see file order/registration and reference inventory
scripts/gpt_oss20b_expert_e1.py	cli:parse_args:'--backend'	0	ABSENT	209	choices=BACKENDS; default=BACKEND_HISTORICAL	New harness/internal default: not a production adoption receipt; see file order/registration and reference inventory
scripts/gpt_oss20b_expert_e1.py	cli:parse_args:'--bootstrap-resamples'	0	ABSENT	228	default=DEFAULT_BOOTSTRAP_RESAMPLES	New harness/internal default: not a production adoption receipt; see file order/registration and reference inventory
scripts/gpt_oss20b_expert_e1.py	cli:parse_args:'--cg-maxiter'	0	ABSENT	233	default=500	New harness/internal default: not a production adoption receipt; see file order/registration and reference inventory
scripts/gpt_oss20b_expert_e1.py	cli:parse_args:'--cg-rtol'	0	ABSENT	232	default=1e-05	New harness/internal default: not a production adoption receipt; see file order/registration and reference inventory
scripts/gpt_oss20b_expert_e1.py	cli:parse_args:'--chunk-index'	0	ABSENT	220	implicit argparse default None	New harness/internal default: not a production adoption receipt; see file order/registration and reference inventory
scripts/gpt_oss20b_expert_e1.py	cli:parse_args:'--epochs'	0	ABSENT	234	default=20	New harness/internal default: not a production adoption receipt; see file order/registration and reference inventory
scripts/gpt_oss20b_expert_e1.py	cli:parse_args:'--eval-fix'	0	ABSENT	190	choices=EVAL_FIXES; default=EVAL_FIX_ORIGINAL	New harness/internal default: not a production adoption receipt; see file order/registration and reference inventory
scripts/gpt_oss20b_expert_e1.py	cli:parse_args:'--eval-kind'	0	ABSENT	222	choices=('abi', 'narrative', 'generic', 'code')	New harness/internal default: not a production adoption receipt; see file order/registration and reference inventory
scripts/gpt_oss20b_expert_e1.py	cli:parse_args:'--learning-rate'	0	ABSENT	236	default=0.0003	New harness/internal default: not a production adoption receipt; see file order/registration and reference inventory
scripts/gpt_oss20b_expert_e1.py	cli:parse_args:'--model-dir'	0	ABSENT	219	default=SNAPSHOT	New harness/internal default: not a production adoption receipt; see file order/registration and reference inventory
scripts/gpt_oss20b_expert_e1.py	cli:parse_args:'--output-dir'	0	ABSENT	180	default=DEFAULT_OUTPUT_DIR	New harness/internal default: not a production adoption receipt; see file order/registration and reference inventory
scripts/gpt_oss20b_expert_e1.py	cli:parse_args:'--overwrite'	0	ABSENT	240	action='store_true'	New harness/internal default: not a production adoption receipt; see file order/registration and reference inventory
scripts/gpt_oss20b_expert_e1.py	cli:parse_args:'--pair-index'	0	ABSENT	221	implicit argparse default None	New harness/internal default: not a production adoption receipt; see file order/registration and reference inventory
scripts/gpt_oss20b_expert_e1.py	cli:parse_args:'--patience'	0	ABSENT	235	default=4	New harness/internal default: not a production adoption receipt; see file order/registration and reference inventory
scripts/gpt_oss20b_expert_e1.py	cli:parse_args:'--rank'	0	ABSENT	226	choices=(32, 64, 128); default=64	New harness/internal default: not a production adoption receipt; see file order/registration and reference inventory
scripts/gpt_oss20b_expert_e1.py	cli:parse_args:'--seed'	0	ABSENT	227	default=DEFAULT_SEED	New harness/internal default: not a production adoption receipt; see file order/registration and reference inventory
scripts/gpt_oss20b_expert_e1.py	cli:parse_args:'--teacher-rule'	0	ABSENT	199	choices=TEACHER_RULES; default=TEACHER_RULE_ORIGINAL	New harness/internal default: not a production adoption receipt; see file order/registration and reference inventory
scripts/gpt_oss20b_expert_e1.py	cli:parse_args:'--threads'	0	ABSENT	231	default=6	New harness/internal default: not a production adoption receipt; see file order/registration and reference inventory
scripts/gpt_oss20b_expert_e1.py	cli:parse_args:'--token-batch-size'	0	ABSENT	238	default=256	New harness/internal default: not a production adoption receipt; see file order/registration and reference inventory
scripts/gpt_oss20b_expert_e1.py	cli:parse_args:'--train-tokens-per-window'	0	ABSENT	239	default=128	New harness/internal default: not a production adoption receipt; see file order/registration and reference inventory
scripts/gpt_oss20b_expert_e1.py	cli:parse_args:'--weight-decay'	0	ABSENT	237	default=0.0001	New harness/internal default: not a production adoption receipt; see file order/registration and reference inventory
scripts/gpt_oss20b_expert_e1.py	cli:parse_args:'--window-index'	0	ABSENT	225	implicit argparse default None	New harness/internal default: not a production adoption receipt; see file order/registration and reference inventory
scripts/gpt_oss20b_expert_e1.py	cli:parse_args:'mode'	0	ABSENT	167	choices=('prepare', 'self-test', 'capture-keys', 'fit-key', 'capture-pairs', 'train', 'eval-gates', 'analyze')	New harness/internal default: not a production adoption receipt; see file order/registration and reference inventory
scripts/gpt_oss20b_expert_e1.py	env::'HF_HUB_OFFLINE'	0	ABSENT	50	os.environ.setdefault('HF_HUB_OFFLINE', '1')	New harness/internal default: not a production adoption receipt; see file order/registration and reference inventory
scripts/gpt_oss20b_expert_e1.py	env::'PYTHONDONTWRITEBYTECODE'	0	ABSENT	49	os.environ.setdefault('PYTHONDONTWRITEBYTECODE', '1')	New harness/internal default: not a production adoption receipt; see file order/registration and reference inventory
scripts/gpt_oss20b_expert_e1.py	env::'TRANSFORMERS_OFFLINE'	0	ABSENT	51	os.environ.setdefault('TRANSFORMERS_OFFLINE', '1')	New harness/internal default: not a production adoption receipt; see file order/registration and reference inventory
scripts/gpt_oss20b_expert_e1.py	env:cuda_environment_probe:'CUDA_VISIBLE_DEVICES'	0	ABSENT	553	os.environ.get('CUDA_VISIBLE_DEVICES')	New harness/internal default: not a production adoption receipt; see file order/registration and reference inventory
scripts/gpt_oss20b_expert_e1.py	parameter:analysis_path:teacher_rule	0	ABSENT	362	TEACHER_RULE_ORIGINAL	New harness/internal default: not a production adoption receipt; see file order/registration and reference inventory
scripts/gpt_oss20b_expert_e1.py	parameter:analyze_key_scores:address_rule	0	ABSENT	2278	ADDRESS_RULE_E1	New harness/internal default: not a production adoption receipt; see file order/registration and reference inventory
scripts/gpt_oss20b_expert_e1.py	parameter:blocked_path:teacher_rule	0	ABSENT	391	TEACHER_RULE_ORIGINAL	New harness/internal default: not a production adoption receipt; see file order/registration and reference inventory
scripts/gpt_oss20b_expert_e1.py	parameter:bootstrap_rate:window_indices	0	ABSENT	2177	None	New harness/internal default: not a production adoption receipt; see file order/registration and reference inventory
scripts/gpt_oss20b_expert_e1.py	parameter:bootstrap_recovery.summarize:indices	0	ABSENT	873	None	New harness/internal default: not a production adoption receipt; see file order/registration and reference inventory
scripts/gpt_oss20b_expert_e1.py	parameter:cg_fisher_solve:x0	0	ABSENT	1964	None	New harness/internal default: not a production adoption receipt; see file order/registration and reference inventory
scripts/gpt_oss20b_expert_e1.py	parameter:completed_eval_receipts:address_rule	0	ABSENT	4850	ADDRESS_RULE_E1	New harness/internal default: not a production adoption receipt; see file order/registration and reference inventory
scripts/gpt_oss20b_expert_e1.py	parameter:completed_eval_receipts:teacher_rule	0	ABSENT	4850	TEACHER_RULE_ORIGINAL	New harness/internal default: not a production adoption receipt; see file order/registration and reference inventory
scripts/gpt_oss20b_expert_e1.py	parameter:configure_block:backend	0	ABSENT	3601	BACKEND_HISTORICAL	New harness/internal default: not a production adoption receipt; see file order/registration and reference inventory
scripts/gpt_oss20b_expert_e1.py	parameter:eval_receipt_path:address_rule	0	ABSENT	3806	ADDRESS_RULE_E1	New harness/internal default: not a production adoption receipt; see file order/registration and reference inventory
scripts/gpt_oss20b_expert_e1.py	parameter:eval_receipt_path:eval_fix	0	ABSENT	3806	EVAL_FIX_ORIGINAL	New harness/internal default: not a production adoption receipt; see file order/registration and reference inventory
scripts/gpt_oss20b_expert_e1.py	parameter:eval_receipt_path:teacher_rule	0	ABSENT	3806	TEACHER_RULE_ORIGINAL	New harness/internal default: not a production adoption receipt; see file order/registration and reference inventory
scripts/gpt_oss20b_expert_e1.py	parameter:eval_root:teacher_rule	0	ABSENT	327	TEACHER_RULE_ORIGINAL	New harness/internal default: not a production adoption receipt; see file order/registration and reference inventory
scripts/gpt_oss20b_expert_e1.py	parameter:eval_root_for_fix:eval_fix	0	ABSENT	339	EVAL_FIX_ORIGINAL	New harness/internal default: not a production adoption receipt; see file order/registration and reference inventory
scripts/gpt_oss20b_expert_e1.py	parameter:eval_root_for_fix:teacher_rule	0	ABSENT	339	TEACHER_RULE_ORIGINAL	New harness/internal default: not a production adoption receipt; see file order/registration and reference inventory
scripts/gpt_oss20b_expert_e1.py	parameter:expertpack_path:teacher_rule	0	ABSENT	272	TEACHER_RULE_ORIGINAL	New harness/internal default: not a production adoption receipt; see file order/registration and reference inventory
scripts/gpt_oss20b_expert_e1.py	parameter:expertpack_root:teacher_rule	0	ABSENT	284	TEACHER_RULE_ORIGINAL	New harness/internal default: not a production adoption receipt; see file order/registration and reference inventory
scripts/gpt_oss20b_expert_e1.py	parameter:gpu_resume_commands:address_rule	0	ABSENT	4718	ADDRESS_RULE_E1	New harness/internal default: not a production adoption receipt; see file order/registration and reference inventory
scripts/gpt_oss20b_expert_e1.py	parameter:isolated_eval_arm_forward:backend	0	ABSENT	3886	BACKEND_HISTORICAL	New harness/internal default: not a production adoption receipt; see file order/registration and reference inventory
scripts/gpt_oss20b_expert_e1.py	parameter:isolated_eval_arm_forward:expert	0	ABSENT	3886	None	New harness/internal default: not a production adoption receipt; see file order/registration and reference inventory
scripts/gpt_oss20b_expert_e1.py	parameter:load_addressed_pack:address_rule	0	ABSENT	2889	ADDRESS_RULE_E1	New harness/internal default: not a production adoption receipt; see file order/registration and reference inventory
scripts/gpt_oss20b_expert_e1.py	parameter:load_addressed_pack:require_adapter	0	ABSENT	2889	False	New harness/internal default: not a production adoption receipt; see file order/registration and reference inventory
scripts/gpt_oss20b_expert_e1.py	parameter:load_addressed_pack:teacher_rule	0	ABSENT	2889	TEACHER_RULE_ORIGINAL	New harness/internal default: not a production adoption receipt; see file order/registration and reference inventory
scripts/gpt_oss20b_expert_e1.py	parameter:load_expert_arrays:address_rule	0	ABSENT	3553	ADDRESS_RULE_E1	New harness/internal default: not a production adoption receipt; see file order/registration and reference inventory
scripts/gpt_oss20b_expert_e1.py	parameter:load_expert_arrays:teacher_rule	0	ABSENT	3553	TEACHER_RULE_ORIGINAL	New harness/internal default: not a production adoption receipt; see file order/registration and reference inventory
scripts/gpt_oss20b_expert_e1.py	parameter:load_pair_capture:address_rule	0	ABSENT	3149	ADDRESS_RULE_E1	New harness/internal default: not a production adoption receipt; see file order/registration and reference inventory
scripts/gpt_oss20b_expert_e1.py	parameter:load_pair_capture:teacher_rule	0	ABSENT	3149	TEACHER_RULE_ORIGINAL	New harness/internal default: not a production adoption receipt; see file order/registration and reference inventory
scripts/gpt_oss20b_expert_e1.py	parameter:pair_paths:address_rule	0	ABSENT	2917	ADDRESS_RULE_E1	New harness/internal default: not a production adoption receipt; see file order/registration and reference inventory
scripts/gpt_oss20b_expert_e1.py	parameter:pair_paths:teacher_rule	0	ABSENT	2917	TEACHER_RULE_ORIGINAL	New harness/internal default: not a production adoption receipt; see file order/registration and reference inventory
scripts/gpt_oss20b_expert_e1.py	parameter:pair_root:teacher_rule	0	ABSENT	302	TEACHER_RULE_ORIGINAL	New harness/internal default: not a production adoption receipt; see file order/registration and reference inventory
scripts/gpt_oss20b_expert_e1.py	parameter:pending_expertpack_manifest:address_rule	0	ABSENT	1301	ADDRESS_RULE_E1	New harness/internal default: not a production adoption receipt; see file order/registration and reference inventory
scripts/gpt_oss20b_expert_e1.py	parameter:report_path:teacher_rule	0	ABSENT	375	TEACHER_RULE_ORIGINAL	New harness/internal default: not a production adoption receipt; see file order/registration and reference inventory
scripts/gpt_oss20b_expert_e1.py	parameter:run_cpu_validation:address_rule	0	ABSENT	917	ADDRESS_RULE_E1	New harness/internal default: not a production adoption receipt; see file order/registration and reference inventory
scripts/gpt_oss20b_expert_e1.py	parameter:select_tau_four:address_rule	0	ABSENT	2211	ADDRESS_RULE_E1	New harness/internal default: not a production adoption receipt; see file order/registration and reference inventory
scripts/gpt_oss20b_expert_e1.py	parameter:train_path:teacher_rule	0	ABSENT	314	TEACHER_RULE_ORIGINAL	New harness/internal default: not a production adoption receipt; see file order/registration and reference inventory
scripts/gpt_oss20b_key_refinement.py	assignment::ARMS	0	ABSENT	61	('K3', 'K4', 'K5')	New harness/internal default: not a production adoption receipt; see file order/registration and reference inventory
scripts/gpt_oss20b_key_refinement.py	assignment::CAPTURE_DTYPE	0	ABSENT	68	np.dtype('float16')	New harness/internal default: not a production adoption receipt; see file order/registration and reference inventory
scripts/gpt_oss20b_key_refinement.py	assignment::CAPTURE_SHAPE	0	ABSENT	67	(N_LAYERS, WINDOWS_PER_CHUNK, TOKENS_PER_WINDOW, HIDDEN_DIM)	New harness/internal default: not a production adoption receipt; see file order/registration and reference inventory
scripts/gpt_oss20b_key_refinement.py	assignment::CODE_FPR_CAP	0	ABSENT	84	0.05	New harness/internal default: not a production adoption receipt; see file order/registration and reference inventory
scripts/gpt_oss20b_key_refinement.py	assignment::CORPORA	0	ABSENT	60	('generic', 'code', 'domain')	New harness/internal default: not a production adoption receipt; see file order/registration and reference inventory
scripts/gpt_oss20b_key_refinement.py	assignment::DEFAULT_BOOTSTRAP_RESAMPLES	0	ABSENT	94	2000	New harness/internal default: not a production adoption receipt; see file order/registration and reference inventory
scripts/gpt_oss20b_key_refinement.py	assignment::DEFAULT_OUTPUT_DIR	0	ABSENT	57	REPO_ROOT / 'artifacts' / 'moe_rt2_1'	New harness/internal default: not a production adoption receipt; see file order/registration and reference inventory
scripts/gpt_oss20b_key_refinement.py	assignment::DEFAULT_SEED	0	ABSENT	93	20260827	New harness/internal default: not a production adoption receipt; see file order/registration and reference inventory
scripts/gpt_oss20b_key_refinement.py	assignment::DOMAIN_RECALL_FLOOR	0	ABSENT	85	0.5	New harness/internal default: not a production adoption receipt; see file order/registration and reference inventory
scripts/gpt_oss20b_key_refinement.py	assignment::EVAL_INDICES	0	ABSENT	70	tuple(range(1, N_WINDOWS, 2))	New harness/internal default: not a production adoption receipt; see file order/registration and reference inventory
scripts/gpt_oss20b_key_refinement.py	assignment::FIT_INDICES	0	ABSENT	69	tuple(range(0, N_WINDOWS, 2))	New harness/internal default: not a production adoption receipt; see file order/registration and reference inventory
scripts/gpt_oss20b_key_refinement.py	assignment::G1_REFERENCE	0	ABSENT	87	{'auc_domain_vs_generic': 0.9996, 'domain_recall_at_tau': 0.995, 'generic_fpr_at_tau': 0.011, 'code_fpr_at_tau': 0.998}	New harness/internal default: not a production adoption receipt; see file order/registration and reference inventory
scripts/gpt_oss20b_key_refinement.py	assignment::G1_TOLERANCE	0	ABSENT	86	0.001	New harness/internal default: not a production adoption receipt; see file order/registration and reference inventory
scripts/gpt_oss20b_key_refinement.py	assignment::GENERIC_FPR_CAP	0	ABSENT	83	0.02	New harness/internal default: not a production adoption receipt; see file order/registration and reference inventory
scripts/gpt_oss20b_key_refinement.py	assignment::HIDDEN_DIM	0	ABSENT	66	2880	New harness/internal default: not a production adoption receipt; see file order/registration and reference inventory
scripts/gpt_oss20b_key_refinement.py	assignment::INNER_TRAIN_INDICES	0	ABSENT	71	(0, 4, 8, 12)	New harness/internal default: not a production adoption receipt; see file order/registration and reference inventory
scripts/gpt_oss20b_key_refinement.py	assignment::INNER_VALIDATION_INDICES	0	ABSENT	72	(2, 6, 10, 14)	New harness/internal default: not a production adoption receipt; see file order/registration and reference inventory
scripts/gpt_oss20b_key_refinement.py	assignment::K4_ALPHA_GRID	0	ABSENT	80	(0.0001, 0.001, 0.01, 0.1, 1.0)	New harness/internal default: not a production adoption receipt; see file order/registration and reference inventory
scripts/gpt_oss20b_key_refinement.py	assignment::K5_C_GRID	0	ABSENT	81	(0.001, 0.01, 0.1, 1.0, 10.0)	New harness/internal default: not a production adoption receipt; see file order/registration and reference inventory
scripts/gpt_oss20b_key_refinement.py	assignment::N_LAYERS	0	ABSENT	62	24	New harness/internal default: not a production adoption receipt; see file order/registration and reference inventory
scripts/gpt_oss20b_key_refinement.py	assignment::N_WINDOWS	0	ABSENT	63	16	New harness/internal default: not a production adoption receipt; see file order/registration and reference inventory
scripts/gpt_oss20b_key_refinement.py	assignment::ORDER_PATH	0	ABSENT	55	REPO_ROOT / 'orders' / 'MOE_RT2_1_KEY_REFINEMENT.md'	New harness/internal default: not a production adoption receipt; see file order/registration and reference inventory
scripts/gpt_oss20b_key_refinement.py	assignment::REPO_ROOT	0	ABSENT	54	SCRIPT_PATH.parents[1]	New harness/internal default: not a production adoption receipt; see file order/registration and reference inventory
scripts/gpt_oss20b_key_refinement.py	assignment::RT2_ANALYSIS_PATH	0	ABSENT	58	RT2_DIR / 'analysis.json'	New harness/internal default: not a production adoption receipt; see file order/registration and reference inventory
scripts/gpt_oss20b_key_refinement.py	assignment::RT2_DIR	0	ABSENT	56	REPO_ROOT / 'artifacts' / 'moe_rt2'	New harness/internal default: not a production adoption receipt; see file order/registration and reference inventory
scripts/gpt_oss20b_key_refinement.py	assignment::SCRIPT_PATH	0	ABSENT	53	Path(__file__).resolve()	New harness/internal default: not a production adoption receipt; see file order/registration and reference inventory
scripts/gpt_oss20b_key_refinement.py	assignment::TAU_GRID	0	ABSENT	74	(('p90', 0.9), ('p95', 0.95), ('p99', 0.99), ('p99.5', 0.995))	New harness/internal default: not a production adoption receipt; see file order/registration and reference inventory
scripts/gpt_oss20b_key_refinement.py	assignment::TOKENS_PER_WINDOW	0	ABSENT	65	512	New harness/internal default: not a production adoption receipt; see file order/registration and reference inventory
scripts/gpt_oss20b_key_refinement.py	assignment::WINDOWS_PER_CHUNK	0	ABSENT	64	8	New harness/internal default: not a production adoption receipt; see file order/registration and reference inventory
scripts/gpt_oss20b_key_refinement.py	assignment::os.environ['CUDA_VISIBLE_DEVICES']	0	ABSENT	40	''	New harness/internal default: not a production adoption receipt; see file order/registration and reference inventory
scripts/gpt_oss20b_key_refinement.py	cli:parse_args:'--bootstrap-resamples'	0	ABSENT	103	default=DEFAULT_BOOTSTRAP_RESAMPLES	New harness/internal default: not a production adoption receipt; see file order/registration and reference inventory
scripts/gpt_oss20b_key_refinement.py	cli:parse_args:'--cg-maxiter'	0	ABSENT	107	default=500	New harness/internal default: not a production adoption receipt; see file order/registration and reference inventory
scripts/gpt_oss20b_key_refinement.py	cli:parse_args:'--cg-rtol'	0	ABSENT	106	default=1e-05	New harness/internal default: not a production adoption receipt; see file order/registration and reference inventory
scripts/gpt_oss20b_key_refinement.py	cli:parse_args:'--logistic-maxiter'	0	ABSENT	108	default=500	New harness/internal default: not a production adoption receipt; see file order/registration and reference inventory
scripts/gpt_oss20b_key_refinement.py	cli:parse_args:'--output-dir'	0	ABSENT	102	default=DEFAULT_OUTPUT_DIR	New harness/internal default: not a production adoption receipt; see file order/registration and reference inventory
scripts/gpt_oss20b_key_refinement.py	cli:parse_args:'--seed'	0	ABSENT	104	default=DEFAULT_SEED	New harness/internal default: not a production adoption receipt; see file order/registration and reference inventory
scripts/gpt_oss20b_key_refinement.py	cli:parse_args:'--threads'	0	ABSENT	105	default=6	New harness/internal default: not a production adoption receipt; see file order/registration and reference inventory
scripts/gpt_oss20b_key_refinement.py	cli:parse_args:'mode'	0	ABSENT	101	choices=('preflight', 'self-test', 'analyze', 'verify')	New harness/internal default: not a production adoption receipt; see file order/registration and reference inventory
scripts/gpt_oss20b_key_refinement.py	env::'PYTHONDONTWRITEBYTECODE'	0	ABSENT	41	os.environ.setdefault('PYTHONDONTWRITEBYTECODE', '1')	New harness/internal default: not a production adoption receipt; see file order/registration and reference inventory
scripts/gpt_oss20b_key_refinement.py	env:run_analysis:'CUDA_VISIBLE_DEVICES'	0	ABSENT	1441	os.environ.get('CUDA_VISIBLE_DEVICES')	New harness/internal default: not a production adoption receipt; see file order/registration and reference inventory
scripts/gpt_oss20b_key_refinement.py	env:run_preflight:'CUDA_VISIBLE_DEVICES'	0	ABSENT	1098	os.environ.get('CUDA_VISIBLE_DEVICES')	New harness/internal default: not a production adoption receipt; see file order/registration and reference inventory
scripts/gpt_oss20b_key_refinement.py	parameter:cg_fisher_solve:x0	0	ABSENT	410	None	New harness/internal default: not a production adoption receipt; see file order/registration and reference inventory
scripts/gpt_oss20b_key_refinement.py	parameter:fmt_metric:digits	0	ABSENT	1231	4	New harness/internal default: not a production adoption receipt; see file order/registration and reference inventory
scripts/gpt_oss20b_key_refinement.py	parameter:verify_inputs:hash_payloads	0	ABSENT	185	True	New harness/internal default: not a production adoption receipt; see file order/registration and reference inventory
scripts/gpt_oss20b_router_telemetry.py	assignment::CORPORA	0	ABSENT	51	('generic', 'code', 'domain')	New harness/internal default: not a production adoption receipt; see file order/registration and reference inventory
scripts/gpt_oss20b_router_telemetry.py	assignment::DEFAULT_OUTPUT_DIR	0	ABSENT	50	REPO_ROOT / 'artifacts' / 'moe_rt1'	New harness/internal default: not a production adoption receipt; see file order/registration and reference inventory
scripts/gpt_oss20b_router_telemetry.py	assignment::DEFAULT_SEED	0	ABSENT	54	20260827	New harness/internal default: not a production adoption receipt; see file order/registration and reference inventory
scripts/gpt_oss20b_router_telemetry.py	assignment::G1_ATOL	0	ABSENT	55	0.002	New harness/internal default: not a production adoption receipt; see file order/registration and reference inventory
scripts/gpt_oss20b_router_telemetry.py	assignment::G1_RTOL	0	ABSENT	56	0.0002	New harness/internal default: not a production adoption receipt; see file order/registration and reference inventory
scripts/gpt_oss20b_router_telemetry.py	assignment::PROJECT_TENSOR	0	ABSENT	40	Path('/mnt/ForgeRealm/Project-Tensor/tensor_cuda')	New harness/internal default: not a production adoption receipt; see file order/registration and reference inventory
scripts/gpt_oss20b_router_telemetry.py	assignment::QUANTILES	0	ABSENT	52	(0.05, 0.25, 0.5, 0.75, 0.95)	New harness/internal default: not a production adoption receipt; see file order/registration and reference inventory
scripts/gpt_oss20b_router_telemetry.py	assignment::QUANTILE_KEYS	0	ABSENT	53	('p05', 'p25', 'p50', 'p75', 'p95')	New harness/internal default: not a production adoption receipt; see file order/registration and reference inventory
scripts/gpt_oss20b_router_telemetry.py	assignment::REPO_ROOT	0	ABSENT	39	Path(__file__).resolve().parents[1]	New harness/internal default: not a production adoption receipt; see file order/registration and reference inventory
scripts/gpt_oss20b_router_telemetry.py	assignment::SNAPSHOT	0	ABSENT	41	Path('/home/vader/.cache/huggingface/hub/models--openai--gpt-oss-20b/snapshots/6cee5e81ee83917806bbde320786a8fb61efebee')	New harness/internal default: not a production adoption receipt; see file order/registration and reference inventory
scripts/gpt_oss20b_router_telemetry.py	assignment::WIKITEXT_SNAPSHOT	0	ABSENT	45	Path('/home/vader/.cache/huggingface/hub/datasets--wikitext/snapshots/b08601e04326c79dfdd32d625aee71d232d685c3/wikitext-2-raw-v1')	New harness/internal default: not a production adoption receipt; see file order/registration and reference inventory
scripts/gpt_oss20b_router_telemetry.py	cli:parse_args:'--bootstrap-resamples'	0	ABSENT	79	default=2000	New harness/internal default: not a production adoption receipt; see file order/registration and reference inventory
scripts/gpt_oss20b_router_telemetry.py	cli:parse_args:'--chunk-index'	0	ABSENT	73	implicit argparse default None	New harness/internal default: not a production adoption receipt; see file order/registration and reference inventory
scripts/gpt_oss20b_router_telemetry.py	cli:parse_args:'--corpus'	0	ABSENT	72	choices=CORPORA	New harness/internal default: not a production adoption receipt; see file order/registration and reference inventory
scripts/gpt_oss20b_router_telemetry.py	cli:parse_args:'--gate-tokens'	0	ABSENT	77	default=8	New harness/internal default: not a production adoption receipt; see file order/registration and reference inventory
scripts/gpt_oss20b_router_telemetry.py	cli:parse_args:'--model-dir'	0	ABSENT	70	default=SNAPSHOT	New harness/internal default: not a production adoption receipt; see file order/registration and reference inventory
scripts/gpt_oss20b_router_telemetry.py	cli:parse_args:'--n-windows'	0	ABSENT	75	default=16	New harness/internal default: not a production adoption receipt; see file order/registration and reference inventory
scripts/gpt_oss20b_router_telemetry.py	cli:parse_args:'--null-resamples'	0	ABSENT	78	default=256	New harness/internal default: not a production adoption receipt; see file order/registration and reference inventory
scripts/gpt_oss20b_router_telemetry.py	cli:parse_args:'--output-dir'	0	ABSENT	71	default=DEFAULT_OUTPUT_DIR	New harness/internal default: not a production adoption receipt; see file order/registration and reference inventory
scripts/gpt_oss20b_router_telemetry.py	cli:parse_args:'--seed'	0	ABSENT	80	default=DEFAULT_SEED	New harness/internal default: not a production adoption receipt; see file order/registration and reference inventory
scripts/gpt_oss20b_router_telemetry.py	cli:parse_args:'--window-tokens'	0	ABSENT	74	default=512	New harness/internal default: not a production adoption receipt; see file order/registration and reference inventory
scripts/gpt_oss20b_router_telemetry.py	cli:parse_args:'--windows-per-chunk'	0	ABSENT	76	default=8	New harness/internal default: not a production adoption receipt; see file order/registration and reference inventory
scripts/gpt_oss20b_router_telemetry.py	cli:parse_args:'mode'	0	ABSENT	67	choices=('prepare', 'sweep', 'gates', 'analyze', 'blocked-report')	New harness/internal default: not a production adoption receipt; see file order/registration and reference inventory
scripts/gpt_oss20b_router_telemetry.py	env:main:'HF_HUB_OFFLINE'	0	ABSENT	1584	os.environ.setdefault('HF_HUB_OFFLINE', '1')	New harness/internal default: not a production adoption receipt; see file order/registration and reference inventory
scripts/gpt_oss20b_router_telemetry.py	env:main:'TRANSFORMERS_OFFLINE'	0	ABSENT	1585	os.environ.setdefault('TRANSFORMERS_OFFLINE', '1')	New harness/internal default: not a production adoption receipt; see file order/registration and reference inventory
scripts/gpt_oss20b_router_telemetry.py	parameter:fmt:digits	0	ABSENT	950	6	New harness/internal default: not a production adoption receipt; see file order/registration and reference inventory
scripts/gpt_oss20b_router_telemetry.py	parameter:source_record:rows	0	ABSENT	105	None	New harness/internal default: not a production adoption receipt; see file order/registration and reference inventory
scripts/gpt_oss20b_synthetic_key.py	assignment::ARMS	0	ABSENT	61	('K1', 'K2')	New harness/internal default: not a production adoption receipt; see file order/registration and reference inventory
scripts/gpt_oss20b_synthetic_key.py	assignment::CORPORA	0	ABSENT	60	('generic', 'code', 'domain')	New harness/internal default: not a production adoption receipt; see file order/registration and reference inventory
scripts/gpt_oss20b_synthetic_key.py	assignment::DEFAULT_BOOTSTRAP_RESAMPLES	0	ABSENT	75	2000	New harness/internal default: not a production adoption receipt; see file order/registration and reference inventory
scripts/gpt_oss20b_synthetic_key.py	assignment::DEFAULT_OUTPUT_DIR	0	ABSENT	58	REPO_ROOT / 'artifacts' / 'moe_rt2'	New harness/internal default: not a production adoption receipt; see file order/registration and reference inventory
scripts/gpt_oss20b_synthetic_key.py	assignment::DEFAULT_RT1_DIR	0	ABSENT	57	REPO_ROOT / 'artifacts' / 'moe_rt1'	New harness/internal default: not a production adoption receipt; see file order/registration and reference inventory
scripts/gpt_oss20b_synthetic_key.py	assignment::DEFAULT_SEED	0	ABSENT	74	20260827	New harness/internal default: not a production adoption receipt; see file order/registration and reference inventory
scripts/gpt_oss20b_synthetic_key.py	assignment::EVAL_INDICES	0	ABSENT	70	tuple(range(1, N_WINDOWS, 2))	New harness/internal default: not a production adoption receipt; see file order/registration and reference inventory
scripts/gpt_oss20b_synthetic_key.py	assignment::EXPERTS_PER_TOKEN	0	ABSENT	64	4	New harness/internal default: not a production adoption receipt; see file order/registration and reference inventory
scripts/gpt_oss20b_synthetic_key.py	assignment::FIT_INDICES	0	ABSENT	69	tuple(range(0, N_WINDOWS, 2))	New harness/internal default: not a production adoption receipt; see file order/registration and reference inventory
scripts/gpt_oss20b_synthetic_key.py	assignment::G1_FP16_ATOL	0	ABSENT	81	0.01	New harness/internal default: not a production adoption receipt; see file order/registration and reference inventory
scripts/gpt_oss20b_synthetic_key.py	assignment::G1_FP16_RTOL	0	ABSENT	82	0.001	New harness/internal default: not a production adoption receipt; see file order/registration and reference inventory
scripts/gpt_oss20b_synthetic_key.py	assignment::G1_FP32_ATOL	0	ABSENT	79	rt1.G1_ATOL	New harness/internal default: not a production adoption receipt; see file order/registration and reference inventory
scripts/gpt_oss20b_synthetic_key.py	assignment::G1_FP32_RTOL	0	ABSENT	80	rt1.G1_RTOL	New harness/internal default: not a production adoption receipt; see file order/registration and reference inventory
scripts/gpt_oss20b_synthetic_key.py	assignment::GPU_WRAPPER	0	ABSENT	84	'flock -w 7200 /tmp/forge-gpu.lock timeout --signal=TERM --kill-after=5s 590s env CUDA_VISIBLE_DEVICES=0'	New harness/internal default: not a production adoption receipt; see file order/registration and reference inventory
scripts/gpt_oss20b_synthetic_key.py	assignment::HIDDEN_DIM	0	ABSENT	68	2880	New harness/internal default: not a production adoption receipt; see file order/registration and reference inventory
scripts/gpt_oss20b_synthetic_key.py	assignment::N_EXPERTS	0	ABSENT	63	32	New harness/internal default: not a production adoption receipt; see file order/registration and reference inventory
scripts/gpt_oss20b_synthetic_key.py	assignment::N_LAYERS	0	ABSENT	62	24	New harness/internal default: not a production adoption receipt; see file order/registration and reference inventory
scripts/gpt_oss20b_synthetic_key.py	assignment::N_WINDOWS	0	ABSENT	65	16	New harness/internal default: not a production adoption receipt; see file order/registration and reference inventory
scripts/gpt_oss20b_synthetic_key.py	assignment::ORDER_PATH	0	ABSENT	56	REPO_ROOT / 'orders' / 'MOE_RT2_SYNTHETIC_KEY.md'	New harness/internal default: not a production adoption receipt; see file order/registration and reference inventory
scripts/gpt_oss20b_synthetic_key.py	assignment::REPO_ROOT	0	ABSENT	55	SCRIPT_PATH.parents[1]	New harness/internal default: not a production adoption receipt; see file order/registration and reference inventory
scripts/gpt_oss20b_synthetic_key.py	assignment::SCORE_QUANTILES	0	ABSENT	72	(0.05, 0.25, 0.5, 0.75, 0.95)	New harness/internal default: not a production adoption receipt; see file order/registration and reference inventory
scripts/gpt_oss20b_synthetic_key.py	assignment::SCORE_QUANTILE_KEYS	0	ABSENT	73	('p05', 'p25', 'p50', 'p75', 'p95')	New harness/internal default: not a production adoption receipt; see file order/registration and reference inventory
scripts/gpt_oss20b_synthetic_key.py	assignment::SCRIPT_DIR	0	ABSENT	48	SCRIPT_PATH.parent	New harness/internal default: not a production adoption receipt; see file order/registration and reference inventory
scripts/gpt_oss20b_synthetic_key.py	assignment::SCRIPT_PATH	0	ABSENT	47	Path(__file__).resolve()	New harness/internal default: not a production adoption receipt; see file order/registration and reference inventory
scripts/gpt_oss20b_synthetic_key.py	assignment::WINDOWS_PER_CHUNK	0	ABSENT	67	8	New harness/internal default: not a production adoption receipt; see file order/registration and reference inventory
scripts/gpt_oss20b_synthetic_key.py	assignment::WINDOW_TOKENS	0	ABSENT	66	512	New harness/internal default: not a production adoption receipt; see file order/registration and reference inventory
scripts/gpt_oss20b_synthetic_key.py	cli:parse_args:'--bootstrap-resamples'	0	ABSENT	105	default=DEFAULT_BOOTSTRAP_RESAMPLES	New harness/internal default: not a production adoption receipt; see file order/registration and reference inventory
scripts/gpt_oss20b_synthetic_key.py	cli:parse_args:'--chunk-index'	0	ABSENT	103	implicit argparse default None	New harness/internal default: not a production adoption receipt; see file order/registration and reference inventory
scripts/gpt_oss20b_synthetic_key.py	cli:parse_args:'--corpus'	0	ABSENT	102	choices=CORPORA	New harness/internal default: not a production adoption receipt; see file order/registration and reference inventory
scripts/gpt_oss20b_synthetic_key.py	cli:parse_args:'--gate-tokens'	0	ABSENT	104	default=8	New harness/internal default: not a production adoption receipt; see file order/registration and reference inventory
scripts/gpt_oss20b_synthetic_key.py	cli:parse_args:'--model-dir'	0	ABSENT	101	default=rt1.SNAPSHOT	New harness/internal default: not a production adoption receipt; see file order/registration and reference inventory
scripts/gpt_oss20b_synthetic_key.py	cli:parse_args:'--output-dir'	0	ABSENT	100	default=DEFAULT_OUTPUT_DIR	New harness/internal default: not a production adoption receipt; see file order/registration and reference inventory
scripts/gpt_oss20b_synthetic_key.py	cli:parse_args:'--overwrite'	0	ABSENT	109	action='store_true'	New harness/internal default: not a production adoption receipt; see file order/registration and reference inventory
scripts/gpt_oss20b_synthetic_key.py	cli:parse_args:'--rt1-dir'	0	ABSENT	99	default=DEFAULT_RT1_DIR	New harness/internal default: not a production adoption receipt; see file order/registration and reference inventory
scripts/gpt_oss20b_synthetic_key.py	cli:parse_args:'--seed'	0	ABSENT	108	default=DEFAULT_SEED	New harness/internal default: not a production adoption receipt; see file order/registration and reference inventory
scripts/gpt_oss20b_synthetic_key.py	cli:parse_args:'mode'	0	ABSENT	95	choices=('preflight', 'self-test', 'g1', 'capture', 'analyze', 'blocked-report')	New harness/internal default: not a production adoption receipt; see file order/registration and reference inventory
scripts/gpt_oss20b_synthetic_key.py	env::'HF_HUB_OFFLINE'	0	ABSENT	44	os.environ.setdefault('HF_HUB_OFFLINE', '1')	New harness/internal default: not a production adoption receipt; see file order/registration and reference inventory
scripts/gpt_oss20b_synthetic_key.py	env::'TRANSFORMERS_OFFLINE'	0	ABSENT	45	os.environ.setdefault('TRANSFORMERS_OFFLINE', '1')	New harness/internal default: not a production adoption receipt; see file order/registration and reference inventory
scripts/gpt_oss20b_synthetic_key.py	parameter:check_record:critical	0	ABSENT	150	True	New harness/internal default: not a production adoption receipt; see file order/registration and reference inventory
scripts/gpt_oss20b_synthetic_key.py	parameter:construct_keys:fit_indices	0	ABSENT	1296	FIT_INDICES	New harness/internal default: not a production adoption receipt; see file order/registration and reference inventory
scripts/gpt_oss20b_synthetic_key.py	parameter:metric_fmt:digits	0	ABSENT	1727	4	New harness/internal default: not a production adoption receipt; see file order/registration and reference inventory
scripts/grm_adm1_3_dual_frame.py	assignment::E2E_WRAPPER	0	ABSENT	92	ROOT / 'scripts' / 'grm_adm1_3_prod_e2e.py'	New harness/internal default: not a production adoption receipt; see file order/registration and reference inventory
scripts/grm_adm1_3_dual_frame.py	assignment::FROZEN_RULE_SHA256	0	ABSENT	88	'c304609f81475bd2ae3399ad180d3bb00cc5d2b44b1a49db570387c810defb91'	New harness/internal default: not a production adoption receipt; see file order/registration and reference inventory
scripts/grm_adm1_3_dual_frame.py	assignment::ISO_EXPECTED	0	ABSENT	99	{'minicpm_rows.jsonl': (22, '5da8d42c8314ed4a6c3af38f3456d1b179252c8e55bf96fff1f51aca765069c3'), 'diag/adm_rows.jsonl': (9, '8585bba8fc3732d7c1220703d64e3091d30030e7cfbb9ee2e0a943b27d72d5cf'), 'e2e/adm_rows.jsonl': (11, 'aca9250e2928660a7bb9868ac072373e3f423f81c28f29fdf1fa5c6278f303e7'), 'p4/adm_rows.jsonl': (11, 'dcbc71b6c8790116309809a4a5d56a12f881855a76433c0128b512856ad90177')}	New harness/internal default: not a production adoption receipt; see file order/registration and reference inventory
scripts/grm_adm1_3_dual_frame.py	assignment::ISO_ROW_PATHS	0	ABSENT	93	(ISO_RUN_DEFAULT / 'minicpm_rows.jsonl', ISO_RUN_DEFAULT / 'diag' / 'adm_rows.jsonl', ISO_RUN_DEFAULT / 'e2e' / 'adm_rows.jsonl', ISO_RUN_DEFAULT / 'p4' / 'adm_rows.jsonl')	New harness/internal default: not a production adoption receipt; see file order/registration and reference inventory
scripts/grm_adm1_3_dual_frame.py	assignment::ISO_RUN_DEFAULT	0	ABSENT	82	ARTIFACT_DIR / 'run_20260830T093538Z_3defaa'	New harness/internal default: not a production adoption receipt; see file order/registration and reference inventory
scripts/grm_adm1_3_dual_frame.py	assignment::ORDER_PATH	0	ABSENT	81	ROOT / 'orders' / 'GRM_ADM1_3_DUAL_FRAME.md'	New harness/internal default: not a production adoption receipt; see file order/registration and reference inventory
scripts/grm_adm1_3_dual_frame.py	assignment::PROD_STAGES	0	ABSENT	91	('lookup', 'diag', 'e2e', 'p4')	New harness/internal default: not a production adoption receipt; see file order/registration and reference inventory
scripts/grm_adm1_3_dual_frame.py	assignment::ROOT	0	ABSENT	38	Path(__file__).resolve().parents[1]	New harness/internal default: not a production adoption receipt; see file order/registration and reference inventory
scripts/grm_adm1_3_dual_frame.py	assignment::RULE_DEFAULT	0	ABSENT	85	ISO_RUN_DEFAULT / 'decisiveness_rule_c304609f81475bd2.json'	New harness/internal default: not a production adoption receipt; see file order/registration and reference inventory
scripts/grm_adm1_3_dual_frame.py	assignment:main:os.environ['CUDA_VISIBLE_DEVICES']	0	ABSENT	1718	str(args.gpu)	New harness/internal default: not a production adoption receipt; see file order/registration and reference inventory
scripts/grm_adm1_3_dual_frame.py	cli:parse_args:'--artifact-dir'	0	ABSENT	1687	default=ARTIFACT_DIR	New harness/internal default: not a production adoption receipt; see file order/registration and reference inventory
scripts/grm_adm1_3_dual_frame.py	cli:parse_args:'--gpu'	0	ABSENT	1690	default='0'	New harness/internal default: not a production adoption receipt; see file order/registration and reference inventory
scripts/grm_adm1_3_dual_frame.py	cli:parse_args:'--iso-run'	0	ABSENT	1688	default=ISO_RUN_DEFAULT	New harness/internal default: not a production adoption receipt; see file order/registration and reference inventory
scripts/grm_adm1_3_dual_frame.py	cli:parse_args:'--lease-seconds'	0	ABSENT	1691	default=DEFAULT_LEASE_SECONDS	New harness/internal default: not a production adoption receipt; see file order/registration and reference inventory
scripts/grm_adm1_3_dual_frame.py	cli:parse_args:'--lock-wait-seconds'	0	ABSENT	1692	default=DEFAULT_LOCK_WAIT_SECONDS	New harness/internal default: not a production adoption receipt; see file order/registration and reference inventory
scripts/grm_adm1_3_dual_frame.py	cli:parse_args:'--rule'	0	ABSENT	1689	default=RULE_DEFAULT	New harness/internal default: not a production adoption receipt; see file order/registration and reference inventory
scripts/grm_adm1_3_dual_frame.py	cli:parse_args:'--run-dir'	0	ABSENT	1686	default=None	New harness/internal default: not a production adoption receipt; see file order/registration and reference inventory
scripts/grm_adm1_3_dual_frame.py	cli:parse_args:'--stage'	0	ABSENT	1685	choices=('all', 'selftest', 'summarize', *PROD_STAGES); default='all'	New harness/internal default: not a production adoption receipt; see file order/registration and reference inventory
scripts/grm_adm1_3_dual_frame.py	env:orchestrate:'PYTHONPATH'	0	ABSENT	1670	env.get('PYTHONPATH', '')	New harness/internal default: not a production adoption receipt; see file order/registration and reference inventory
scripts/grm_adm1_3_dual_frame.py	env:run_e2e_stage:'PYTHONPATH'	0	ABSENT	834	env.get('PYTHONPATH', '')	New harness/internal default: not a production adoption receipt; see file order/registration and reference inventory
scripts/grm_adm1_3_dual_frame.py	parameter:_metric_cell:percent	0	ABSENT	950	True	New harness/internal default: not a production adoption receipt; see file order/registration and reference inventory
scripts/grm_adm1_3_dual_frame.py	parameter:build_dec_driver_attempts:baseline_builder	0	ABSENT	333	build_probe_ladder_attempts	New harness/internal default: not a production adoption receipt; see file order/registration and reference inventory
scripts/grm_adm1_3_dual_frame.py	parameter:evaluate_core_arm:restore_after	0	ABSENT	280	True	New harness/internal default: not a production adoption receipt; see file order/registration and reference inventory
scripts/grm_adm1_3_dual_frame.py	parameter:fresh_anchor:extra	0	ABSENT	454	None	New harness/internal default: not a production adoption receipt; see file order/registration and reference inventory
scripts/grm_adm1_3_dual_frame.py	parameter:main:argv	0	ABSENT	1696	None	New harness/internal default: not a production adoption receipt; see file order/registration and reference inventory
scripts/grm_adm1_3_dual_frame.py	parameter:parse_args:argv	0	ABSENT	1683	None	New harness/internal default: not a production adoption receipt; see file order/registration and reference inventory
scripts/grm_adm1_3_prod_e2e.py	assignment::ROOT	0	ABSENT	20	Path(__file__).resolve().parents[1]	New harness/internal default: not a production adoption receipt; see file order/registration and reference inventory
scripts/grm_adm1_3_prod_e2e.py	env:main:'GRM_ADM1_3_ENABLED'	0	ABSENT	325	os.environ.get('GRM_ADM1_3_ENABLED')	New harness/internal default: not a production adoption receipt; see file order/registration and reference inventory
scripts/grm_adm1_3_prod_e2e.py	env:main:'GRM_ADM1_3_FRAME'	0	ABSENT	328	os.environ.get('GRM_ADM1_3_FRAME', '')	New harness/internal default: not a production adoption receipt; see file order/registration and reference inventory
scripts/grm_adm1_3_prod_e2e.py	env:main:'GRM_ADM1_3_RULE'	0	ABSENT	329	os.environ.get('GRM_ADM1_3_RULE')	New harness/internal default: not a production adoption receipt; see file order/registration and reference inventory
scripts/grm_adm1_3_prod_e2e.py	env:main:'GRM_ADM1_3_RUN_DIR'	0	ABSENT	327	os.environ.get('GRM_ADM1_3_RUN_DIR')	New harness/internal default: not a production adoption receipt; see file order/registration and reference inventory
scripts/grm_adm1_3_prod_e2e.py	parameter:install_patch:anchors_path	0	ABSENT	280	None	New harness/internal default: not a production adoption receipt; see file order/registration and reference inventory
scripts/grm_adm1_3_prod_e2e.py	parameter:install_patch:frame	0	ABSENT	280	'diag'	New harness/internal default: not a production adoption receipt; see file order/registration and reference inventory
scripts/grm_adm1_3_prod_e2e.py	parameter:install_patch:rows_path	0	ABSENT	280	None	New harness/internal default: not a production adoption receipt; see file order/registration and reference inventory
scripts/grm_adm1_3_prod_e2e.py	parameter:install_patch:rule_path	0	ABSENT	280	None	New harness/internal default: not a production adoption receipt; see file order/registration and reference inventory
scripts/grm_adm1_3_prod_e2e.py	parameter:main:argv	0	ABSENT	318	None	New harness/internal default: not a production adoption receipt; see file order/registration and reference inventory
scripts/grm_adm1_3_prod_e2e.py	parameter:make_probe_wrapper.wrapped:defer_memory	0	ABSENT	84	False	New harness/internal default: not a production adoption receipt; see file order/registration and reference inventory
scripts/grm_adm1_3_prod_e2e.py	parameter:make_probe_wrapper.wrapped:max_trips	0	ABSENT	84	1	New harness/internal default: not a production adoption receipt; see file order/registration and reference inventory
scripts/grm_adm1_3_prod_e2e.py	parameter:make_probe_wrapper.wrapped:probe_ladder	0	ABSENT	84	True	New harness/internal default: not a production adoption receipt; see file order/registration and reference inventory
scripts/grm_adm1_3_prod_e2e.py	parameter:make_probe_wrapper.wrapped:turn_idx	0	ABSENT	84	None	New harness/internal default: not a production adoption receipt; see file order/registration and reference inventory
scripts/grm_adm1_analysis.py	assignment::ARMS	0	ABSENT	34	('A-k1', 'A-k2', 'A-k3', 'A-DEC')	New harness/internal default: not a production adoption receipt; see file order/registration and reference inventory
scripts/grm_adm1_analysis.py	assignment::ARTIFACT_DIR	0	ABSENT	31	ROOT / 'artifacts' / 'grm_adm1'	New harness/internal default: not a production adoption receipt; see file order/registration and reference inventory
scripts/grm_adm1_analysis.py	assignment::BOOTSTRAP_CONFIDENCE	0	ABSENT	37	0.95	New harness/internal default: not a production adoption receipt; see file order/registration and reference inventory
scripts/grm_adm1_analysis.py	assignment::BOOTSTRAP_REPLICATES	0	ABSENT	36	10000	New harness/internal default: not a production adoption receipt; see file order/registration and reference inventory
scripts/grm_adm1_analysis.py	assignment::CLASSES	0	ABSENT	35	('POINT-LOOKUP', 'CROSS-FACT / SYNTHESIS', 'AMBIGUOUS')	New harness/internal default: not a production adoption receipt; see file order/registration and reference inventory
scripts/grm_adm1_analysis.py	assignment::ORDER_PATH	0	ABSENT	32	ROOT / 'orders' / 'GRM_ADM1_K_POLICY.md'	New harness/internal default: not a production adoption receipt; see file order/registration and reference inventory
scripts/grm_adm1_analysis.py	assignment::REPORT_PATH	0	ABSENT	33	ARTIFACT_DIR / 'GRM_ADM1_REPORT.md'	New harness/internal default: not a production adoption receipt; see file order/registration and reference inventory
scripts/grm_adm1_analysis.py	assignment::ROOT	0	ABSENT	30	Path(__file__).resolve().parents[1]	New harness/internal default: not a production adoption receipt; see file order/registration and reference inventory
scripts/grm_adm1_analysis.py	cli:parse_args:'--append-report'	0	ABSENT	1113	action='store_true'	New harness/internal default: not a production adoption receipt; see file order/registration and reference inventory
scripts/grm_adm1_analysis.py	cli:parse_args:'--artifact-dir'	0	ABSENT	1108	default=ARTIFACT_DIR	New harness/internal default: not a production adoption receipt; see file order/registration and reference inventory
scripts/grm_adm1_analysis.py	cli:parse_args:'--manifest'	0	ABSENT	1112	default=None	New harness/internal default: not a production adoption receipt; see file order/registration and reference inventory
scripts/grm_adm1_analysis.py	cli:parse_args:'--run-dir'	0	ABSENT	1111	required=True	New harness/internal default: not a production adoption receipt; see file order/registration and reference inventory
scripts/grm_adm1_analysis.py	cli:parse_args:'--supersedes'	0	ABSENT	1104	default=None	New harness/internal default: not a production adoption receipt; see file order/registration and reference inventory
scripts/grm_adm1_analysis.py	parameter:_metric_cell:percent	0	ABSENT	776	True	New harness/internal default: not a production adoption receipt; see file order/registration and reference inventory
scripts/grm_adm1_analysis.py	parameter:assert_finite:where	0	ABSENT	44	'$'	New harness/internal default: not a production adoption receipt; see file order/registration and reference inventory
scripts/grm_adm1_analysis.py	parameter:bootstrap_interval:replicates	0	ABSENT	558	BOOTSTRAP_REPLICATES	New harness/internal default: not a production adoption receipt; see file order/registration and reference inventory
scripts/grm_adm1_analysis.py	parameter:build_fixture_manifest:supersedes	0	ABSENT	292	None	New harness/internal default: not a production adoption receipt; see file order/registration and reference inventory
scripts/grm_adm1_analysis.py	parameter:main:argv	0	ABSENT	1117	None	New harness/internal default: not a production adoption receipt; see file order/registration and reference inventory
scripts/grm_adm1_analysis.py	parameter:parse_args:argv	0	ABSENT	1099	None	New harness/internal default: not a production adoption receipt; see file order/registration and reference inventory
scripts/grm_adm1_analysis.py	parameter:summarize_run:manifest_path	0	ABSENT	872	None	New harness/internal default: not a production adoption receipt; see file order/registration and reference inventory
scripts/grm_adm1_analysis.py	parameter:write_content_addressed:suffix	0	ABSENT	90	'.json'	New harness/internal default: not a production adoption receipt; see file order/registration and reference inventory
scripts/grm_adm1_e2e.py	assignment::ROOT	0	ABSENT	25	Path(__file__).resolve().parents[1]	New harness/internal default: not a production adoption receipt; see file order/registration and reference inventory
scripts/grm_adm1_e2e.py	env:main:'GRM_ADM1_ENABLED'	0	ABSENT	269	os.environ.get('GRM_ADM1_ENABLED')	New harness/internal default: not a production adoption receipt; see file order/registration and reference inventory
scripts/grm_adm1_e2e.py	env:main:'GRM_ADM1_FRAME'	0	ABSENT	272	os.environ.get('GRM_ADM1_FRAME', '')	New harness/internal default: not a production adoption receipt; see file order/registration and reference inventory
scripts/grm_adm1_e2e.py	env:main:'GRM_ADM1_RULE'	0	ABSENT	273	os.environ.get('GRM_ADM1_RULE')	New harness/internal default: not a production adoption receipt; see file order/registration and reference inventory
scripts/grm_adm1_e2e.py	env:main:'GRM_ADM1_RUN_DIR'	0	ABSENT	271	os.environ.get('GRM_ADM1_RUN_DIR')	New harness/internal default: not a production adoption receipt; see file order/registration and reference inventory
scripts/grm_adm1_e2e.py	parameter:install_patch:frame	0	ABSENT	223	'diag'	New harness/internal default: not a production adoption receipt; see file order/registration and reference inventory
scripts/grm_adm1_e2e.py	parameter:install_patch:rows_path	0	ABSENT	223	None	New harness/internal default: not a production adoption receipt; see file order/registration and reference inventory
scripts/grm_adm1_e2e.py	parameter:install_patch:rule_path	0	ABSENT	223	None	New harness/internal default: not a production adoption receipt; see file order/registration and reference inventory
scripts/grm_adm1_e2e.py	parameter:main:argv	0	ABSENT	257	None	New harness/internal default: not a production adoption receipt; see file order/registration and reference inventory
scripts/grm_adm1_e2e.py	parameter:make_probe_wrapper.wrapped:defer_memory	0	ABSENT	91	False	New harness/internal default: not a production adoption receipt; see file order/registration and reference inventory
scripts/grm_adm1_e2e.py	parameter:make_probe_wrapper.wrapped:max_trips	0	ABSENT	91	1	New harness/internal default: not a production adoption receipt; see file order/registration and reference inventory
scripts/grm_adm1_e2e.py	parameter:make_probe_wrapper.wrapped:probe_ladder	0	ABSENT	91	True	New harness/internal default: not a production adoption receipt; see file order/registration and reference inventory
scripts/grm_adm1_e2e.py	parameter:make_probe_wrapper.wrapped:turn_idx	0	ABSENT	91	None	New harness/internal default: not a production adoption receipt; see file order/registration and reference inventory
scripts/grm_adm1_gpu.py	assignment::DEFAULT_LEASE_SECONDS	0	ABSENT	62	580	New harness/internal default: not a production adoption receipt; see file order/registration and reference inventory
scripts/grm_adm1_gpu.py	assignment::DEFAULT_LOCK_WAIT_SECONDS	0	ABSENT	63	86400	New harness/internal default: not a production adoption receipt; see file order/registration and reference inventory
scripts/grm_adm1_gpu.py	assignment::FRAME_CONFIG	0	ABSENT	66	{'diag': {'anchor_fixture': 'DIAG-CURRENT-FULL', 'metric_fixture': 'DIAG-CURRENT-FULL', 'metric_class': 'POINT-LOOKUP', 'metric_turns': tuple(range(34))}, 'e2e': {'anchor_fixture': 'E2E-34-FULL-A-k3-ANCHOR', 'metric_fixture': 'E2E-34-CROSS-FACT', 'metric_class': 'CROSS-FACT / SYNTHESIS', 'metric_turns': (5, 13)}, 'p4': {'anchor_fixture': 'P4-REPLICATION-FULL-A-k3-ANCHOR', 'metric_fixture': 'P4-REPLICATION-CROSS-FACT', 'metric_class': 'CROSS-FACT / SYNTHESIS', 'metric_turns': (5, 13)}}	New harness/internal default: not a production adoption receipt; see file order/registration and reference inventory
scripts/grm_adm1_gpu.py	assignment::GAP_SECONDS	0	ABSENT	64	30	New harness/internal default: not a production adoption receipt; see file order/registration and reference inventory
scripts/grm_adm1_gpu.py	assignment::LIVE_STAGES	0	ABSENT	65	('minicpm', 'diag', 'e2e', 'p4')	New harness/internal default: not a production adoption receipt; see file order/registration and reference inventory
scripts/grm_adm1_gpu.py	assignment::LOCK_PATH	0	ABSENT	60	Path('/tmp/forge-gpu.lock')	New harness/internal default: not a production adoption receipt; see file order/registration and reference inventory
scripts/grm_adm1_gpu.py	assignment::MAX_LEASE_SECONDS	0	ABSENT	61	590	New harness/internal default: not a production adoption receipt; see file order/registration and reference inventory
scripts/grm_adm1_gpu.py	assignment::ROOT	0	ABSENT	31	Path(__file__).resolve().parents[1]	New harness/internal default: not a production adoption receipt; see file order/registration and reference inventory
scripts/grm_adm1_gpu.py	assignment:main:os.environ['CUDA_VISIBLE_DEVICES']	0	ABSENT	1023	str(args.gpu)	New harness/internal default: not a production adoption receipt; see file order/registration and reference inventory
scripts/grm_adm1_gpu.py	cli:parse_args:'--artifact-dir'	0	ABSENT	1005	default=ARTIFACT_DIR	New harness/internal default: not a production adoption receipt; see file order/registration and reference inventory
scripts/grm_adm1_gpu.py	cli:parse_args:'--gpu'	0	ABSENT	1007	default='0'	New harness/internal default: not a production adoption receipt; see file order/registration and reference inventory
scripts/grm_adm1_gpu.py	cli:parse_args:'--lease-seconds'	0	ABSENT	1008	default=DEFAULT_LEASE_SECONDS	New harness/internal default: not a production adoption receipt; see file order/registration and reference inventory
scripts/grm_adm1_gpu.py	cli:parse_args:'--lock-wait-seconds'	0	ABSENT	1009	default=DEFAULT_LOCK_WAIT_SECONDS	New harness/internal default: not a production adoption receipt; see file order/registration and reference inventory
scripts/grm_adm1_gpu.py	cli:parse_args:'--manifest'	0	ABSENT	1006	default=None	New harness/internal default: not a production adoption receipt; see file order/registration and reference inventory
scripts/grm_adm1_gpu.py	cli:parse_args:'--run-dir'	0	ABSENT	1004	default=None	New harness/internal default: not a production adoption receipt; see file order/registration and reference inventory
scripts/grm_adm1_gpu.py	cli:parse_args:'--stage'	0	ABSENT	1003	choices=('all', 'selftest', *LIVE_STAGES); default='all'	New harness/internal default: not a production adoption receipt; see file order/registration and reference inventory
scripts/grm_adm1_gpu.py	parameter:_one_manifest:path	0	ABSENT	140	None	New harness/internal default: not a production adoption receipt; see file order/registration and reference inventory
scripts/grm_adm1_gpu.py	parameter:append_jsonl_once:key	0	ABSENT	168	'probe_id'	New harness/internal default: not a production adoption receipt; see file order/registration and reference inventory
scripts/grm_adm1_gpu.py	parameter:build_probe_row:extra	0	ABSENT	403	None	New harness/internal default: not a production adoption receipt; see file order/registration and reference inventory
scripts/grm_adm1_gpu.py	parameter:main:argv	0	ABSENT	1013	None	New harness/internal default: not a production adoption receipt; see file order/registration and reference inventory
scripts/grm_adm1_gpu.py	parameter:parse_args:argv	0	ABSENT	1001	None	New harness/internal default: not a production adoption receipt; see file order/registration and reference inventory
scripts/grm_adm1_probe_adjudication.py	assignment::FRAME_ANCHORS	0	ABSENT	31	{'diag': {'scorecard': ROOT / 'artifacts' / 'grm_three_pass' / 'diag_unbounded_arm_b_single_r2' / 'probe_scorecard.json', 'anchor_fixture': 'DIAG-CURRENT-FULL', 'row_count': 9}, 'e2e': {'scorecard': ROOT / 'artifacts' / 'grm_e2e' / 'full_session_20260708_P2' / 'probe_scorecard.json', 'anchor_fixture': 'E2E-34-FULL-A-k3-ANCHOR', 'row_count': 11}, 'p4': {'scorecard': ROOT / 'artifacts' / 'grm_three_pass' / 'p4_ffull_three_pass' / 'probe_scorecard.json', 'anchor_fixture': 'P4-REPLICATION-FULL-A-k3-ANCHOR', 'row_count': 11}}	New harness/internal default: not a production adoption receipt; see file order/registration and reference inventory
scripts/grm_adm1_probe_adjudication.py	assignment::L2_DEFAULT_ANCHOR	0	ABSENT	63	ROOT / 'artifacts' / 'grm_supersession' / 'diag_resolve_only.jsonl'	New harness/internal default: not a production adoption receipt; see file order/registration and reference inventory
scripts/grm_adm1_probe_adjudication.py	assignment::L2_LEGACY_ANCHOR	0	ABSENT	60	ROOT / 'artifacts' / 'grm_supersession' / 'g0_baseline.jsonl'	New harness/internal default: not a production adoption receipt; see file order/registration and reference inventory
scripts/grm_adm1_probe_adjudication.py	assignment::L2_REGISTRATION	0	ABSENT	56	ROOT / 'artifacts' / 'grm_supersession' / 'l2_default_on_registration_20260830.json'	New harness/internal default: not a production adoption receipt; see file order/registration and reference inventory
scripts/grm_adm1_probe_adjudication.py	assignment::PRODUCTION_FULL_SCORECARD	0	ABSENT	52	ROOT / 'artifacts' / 'grm_three_pass' / 'ladder_on_full_default_single' / 'probe_scorecard.json'	New harness/internal default: not a production adoption receipt; see file order/registration and reference inventory
scripts/grm_adm1_probe_adjudication.py	assignment::ROOT	0	ABSENT	18	Path(__file__).resolve().parents[1]	New harness/internal default: not a production adoption receipt; see file order/registration and reference inventory
scripts/grm_adm1_probe_adjudication.py	cli:parse_args:'--run-dir'	0	ABSENT	527	required=True	New harness/internal default: not a production adoption receipt; see file order/registration and reference inventory
scripts/grm_adm1_probe_adjudication.py	parameter:main:argv	0	ABSENT	531	None	New harness/internal default: not a production adoption receipt; see file order/registration and reference inventory
scripts/grm_adm1_probe_adjudication.py	parameter:parse_args:argv	0	ABSENT	525	None	New harness/internal default: not a production adoption receipt; see file order/registration and reference inventory
scripts/grm_adm2_default_on_gate.py	assignment::ADM13_ADJUDICATION	0	ABSENT	39	ADM13_RUN / 'dual_frame_adjudication_c83a45c60e9fe50b.json'	New harness/internal default: not a production adoption receipt; see file order/registration and reference inventory
scripts/grm_adm2_default_on_gate.py	assignment::ADM13_RUN	0	ABSENT	35	ROOT / 'artifacts' / 'grm_adm1' / 'adm1_3_prod_run_20260830T161236Z_3eaccb'	New harness/internal default: not a production adoption receipt; see file order/registration and reference inventory
scripts/grm_adm2_default_on_gate.py	assignment::ADMISSION_INFO_KEYS	0	ABSENT	91	frozenset(('admission_policy', 'admission_policy_branch', 'admission_rank_plan', 'admission_identifier_hit_count', 'admission_identified_candidates', 'admission_route_margin_1_2', 'admission_route_margin_evaluated', 'admission_margin_threshold', 'admission_rule_sha256'))	New harness/internal default: not a production adoption receipt; see file order/registration and reference inventory
scripts/grm_adm2_default_on_gate.py	assignment::ARTIFACT_ROOT	0	ABSENT	34	ROOT / 'artifacts' / 'grm_adm2'	New harness/internal default: not a production adoption receipt; see file order/registration and reference inventory
scripts/grm_adm2_default_on_gate.py	assignment::CMC_ADJUDICATION	0	ABSENT	51	ROOT / 'artifacts' / 'grm_cmc2' / 'live_sweep_20260830T170021Z_4124360' / 'adjudication_ba6821ccf299ac17.json'	New harness/internal default: not a production adoption receipt; see file order/registration and reference inventory
scripts/grm_adm2_default_on_gate.py	assignment::CMC_G0	0	ABSENT	46	ROOT / 'artifacts' / 'grm_cmc1' / 'live_arms_20260830T092447Z_4056005' / 'g0_95d6dcb605db1bf0.json'	New harness/internal default: not a production adoption receipt; see file order/registration and reference inventory
scripts/grm_adm2_default_on_gate.py	assignment::DET1_ORDER	0	ABSENT	59	ROOT / 'orders' / 'GRM_DET1_DEMAND_DETECTOR_RACE.md'	New harness/internal default: not a production adoption receipt; see file order/registration and reference inventory
scripts/grm_adm2_default_on_gate.py	assignment::ENVELOPE_KEYS	0	ABSENT	90	frozenset(('schema', 'record_type', 'dialect', 'mode'))	New harness/internal default: not a production adoption receipt; see file order/registration and reference inventory
scripts/grm_adm2_default_on_gate.py	assignment::EXPECTED_HASHES	0	ABSENT	61	{FROZEN_RULE: FROZEN_RULE_SHA256, ADM13_ADJUDICATION: 'c83a45c60e9fe50b76e63fd63e680f6dab1aaab47628cf030057a8a655600da9', CMC_G0: '95d6dcb605db1bf0c16d2c54f70ba531040b6a7f799e50f0dcac0837c982e39c', CMC_ADJUDICATION: 'ba6821ccf299ac170ff27e685e91af5c76c82ba09ebc62e1150e6b40714788e3', L2_LEGACY_DEFAULT: '8053f9c3437bb6ff4c0e81533159b2e5870c32ca20f895e799ca61f8585d2a78'}	New harness/internal default: not a production adoption receipt; see file order/registration and reference inventory
scripts/grm_adm2_default_on_gate.py	assignment::FROZEN_RULE	0	ABSENT	42	ROOT / 'artifacts' / 'grm_adm1' / 'run_20260830T093538Z_3defaa' / 'decisiveness_rule_c304609f81475bd2.json'	New harness/internal default: not a production adoption receipt; see file order/registration and reference inventory
scripts/grm_adm2_default_on_gate.py	assignment::L2_LEGACY_DEFAULT	0	ABSENT	56	ROOT / 'artifacts' / 'grm_supersession' / 'diag_resolve_only.jsonl'	New harness/internal default: not a production adoption receipt; see file order/registration and reference inventory
scripts/grm_adm2_default_on_gate.py	assignment::MAX_LEASE_SECONDS	0	ABSENT	89	590	New harness/internal default: not a production adoption receipt; see file order/registration and reference inventory
scripts/grm_adm2_default_on_gate.py	assignment::ROOT	0	ABSENT	24	Path(__file__).resolve().parents[1]	New harness/internal default: not a production adoption receipt; see file order/registration and reference inventory
scripts/grm_adm2_default_on_gate.py	assignment::STAGES	0	ABSENT	77	('lookup_default', 'lookup_escape', 'supersession_default', 'supersession_escape', 'e2e_default', 'e2e_escape', 'p4_default', 'p4_escape', 'suite_shared', 'suite_full')	New harness/internal default: not a production adoption receipt; see file order/registration and reference inventory
scripts/grm_adm2_default_on_gate.py	assignment:_run_gpu_stage:os.environ['CUDA_VISIBLE_DEVICES']	0	ABSENT	842	str(args.gpu)	New harness/internal default: not a production adoption receipt; see file order/registration and reference inventory
scripts/grm_adm2_default_on_gate.py	cli:parse_args:'--gpu'	0	ABSENT	1018	default='0'	New harness/internal default: not a production adoption receipt; see file order/registration and reference inventory
scripts/grm_adm2_default_on_gate.py	cli:parse_args:'--lease-seconds'	0	ABSENT	1019	default=580	New harness/internal default: not a production adoption receipt; see file order/registration and reference inventory
scripts/grm_adm2_default_on_gate.py	cli:parse_args:'--lock-wait-seconds'	0	ABSENT	1020	default=21600	New harness/internal default: not a production adoption receipt; see file order/registration and reference inventory
scripts/grm_adm2_default_on_gate.py	cli:parse_args:'--run-dir'	0	ABSENT	1017	implicit argparse default None	New harness/internal default: not a production adoption receipt; see file order/registration and reference inventory
scripts/grm_adm2_default_on_gate.py	cli:parse_args:'--stage'	0	ABSENT	1015	choices=('cpu', 'all', 'summarize', *STAGES); default='cpu'	New harness/internal default: not a production adoption receipt; see file order/registration and reference inventory
scripts/grm_adm2_default_on_gate.py	env:_base_env:'PYTHONPATH'	0	ABSENT	794	env.get('PYTHONPATH', '')	New harness/internal default: not a production adoption receipt; see file order/registration and reference inventory
scripts/grm_adm2_default_on_gate.py	parameter:main:argv	0	ABSENT	1024	None	New harness/internal default: not a production adoption receipt; see file order/registration and reference inventory
scripts/grm_adm2_default_on_gate.py	parameter:parse_args:argv	0	ABSENT	1013	None	New harness/internal default: not a production adoption receipt; see file order/registration and reference inventory
scripts/grm_cmc1_gpu_arms.py	assignment::AMENDMENT_PATH	0	ABSENT	63	ROOT / 'orders' / 'GRM_CMC1_1_PER_FIXTURE.md'	New harness/internal default: not a production adoption receipt; see file order/registration and reference inventory
scripts/grm_cmc1_gpu_arms.py	assignment::DEFAULT_ARTIFACT_DIR	0	ABSENT	56	ROOT / 'artifacts' / 'grm_cmc1'	New harness/internal default: not a production adoption receipt; see file order/registration and reference inventory
scripts/grm_cmc1_gpu_arms.py	assignment::DEFAULT_LEASE_SECONDS	0	ABSENT	66	580	New harness/internal default: not a production adoption receipt; see file order/registration and reference inventory
scripts/grm_cmc1_gpu_arms.py	assignment::FIXTURE_PATH	0	ABSENT	57	ROOT / 'tests' / 'fixtures' / 'supersession_battery' / 'fresh_fact_controls.json'	New harness/internal default: not a production adoption receipt; see file order/registration and reference inventory
scripts/grm_cmc1_gpu_arms.py	assignment::G2_TOLERANCE	0	ABSENT	70	0.002	New harness/internal default: not a production adoption receipt; see file order/registration and reference inventory
scripts/grm_cmc1_gpu_arms.py	assignment::GAP_SECONDS	0	ABSENT	67	30	New harness/internal default: not a production adoption receipt; see file order/registration and reference inventory
scripts/grm_cmc1_gpu_arms.py	assignment::HARNESS_PATH	0	ABSENT	61	ROOT / 'tests' / 'test_grm_supersession_battery.py'	New harness/internal default: not a production adoption receipt; see file order/registration and reference inventory
scripts/grm_cmc1_gpu_arms.py	assignment::LOCK_PATH	0	ABSENT	64	Path('/tmp/forge-gpu.lock')	New harness/internal default: not a production adoption receipt; see file order/registration and reference inventory
scripts/grm_cmc1_gpu_arms.py	assignment::MAX_LEASE_SECONDS	0	ABSENT	65	590	New harness/internal default: not a production adoption receipt; see file order/registration and reference inventory
scripts/grm_cmc1_gpu_arms.py	assignment::ORDER_PATH	0	ABSENT	62	ROOT / 'orders' / 'GRM_CMC1_COMOUNT_MECHANISM.md'	New harness/internal default: not a production adoption receipt; see file order/registration and reference inventory
scripts/grm_cmc1_gpu_arms.py	assignment::ROOT	0	ABSENT	42	Path(__file__).resolve().parents[1]	New harness/internal default: not a production adoption receipt; see file order/registration and reference inventory
scripts/grm_cmc1_gpu_arms.py	assignment::STAGES	0	ABSENT	68	('g0', 'g1', 't1', 't2', 't3', 't4')	New harness/internal default: not a production adoption receipt; see file order/registration and reference inventory
scripts/grm_cmc1_gpu_arms.py	assignment::T4_DELTAS	0	ABSENT	69	(0.0, 0.05, 0.1, 0.2, 0.5, 1.0)	New harness/internal default: not a production adoption receipt; see file order/registration and reference inventory
scripts/grm_cmc1_gpu_arms.py	assignment:main:os.environ['CUDA_VISIBLE_DEVICES']	0	ABSENT	1103	gpu	New harness/internal default: not a production adoption receipt; see file order/registration and reference inventory
scripts/grm_cmc1_gpu_arms.py	cli:parse_args:'--artifact-dir'	0	ABSENT	1074	default=DEFAULT_ARTIFACT_DIR	New harness/internal default: not a production adoption receipt; see file order/registration and reference inventory
scripts/grm_cmc1_gpu_arms.py	cli:parse_args:'--gpu'	0	ABSENT	1076	default='0'	New harness/internal default: not a production adoption receipt; see file order/registration and reference inventory
scripts/grm_cmc1_gpu_arms.py	cli:parse_args:'--lease-seconds'	0	ABSENT	1077	default=DEFAULT_LEASE_SECONDS	New harness/internal default: not a production adoption receipt; see file order/registration and reference inventory
scripts/grm_cmc1_gpu_arms.py	cli:parse_args:'--lock-wait-seconds'	0	ABSENT	1078	default=7200	New harness/internal default: not a production adoption receipt; see file order/registration and reference inventory
scripts/grm_cmc1_gpu_arms.py	cli:parse_args:'--run-dir'	0	ABSENT	1075	implicit argparse default None	New harness/internal default: not a production adoption receipt; see file order/registration and reference inventory
scripts/grm_cmc1_gpu_arms.py	cli:parse_args:'--self-test'	0	ABSENT	1079	action='store_true'	New harness/internal default: not a production adoption receipt; see file order/registration and reference inventory
scripts/grm_cmc1_gpu_arms.py	cli:parse_args:'--stage'	0	ABSENT	1073	choices=('all',) + STAGES; default='all'	New harness/internal default: not a production adoption receipt; see file order/registration and reference inventory
scripts/grm_cmc1_gpu_arms.py	parameter:LiveFixture.run_attempt:interceptor	0	ABSENT	277	None	New harness/internal default: not a production adoption receipt; see file order/registration and reference inventory
scripts/grm_cmc1_gpu_arms.py	parameter:LiveFixture.run_attempt:ngen	0	ABSENT	277	32	New harness/internal default: not a production adoption receipt; see file order/registration and reference inventory
scripts/grm_cmc1_gpu_arms.py	parameter:SDPAInterceptor.__init__:delta	0	ABSENT	341	None	New harness/internal default: not a production adoption receipt; see file order/registration and reference inventory
scripts/grm_cmc1_gpu_arms.py	parameter:SDPAInterceptor.__init__:percentile	0	ABSENT	341	None	New harness/internal default: not a production adoption receipt; see file order/registration and reference inventory
scripts/grm_cmc1_gpu_arms.py	parameter:main:argv	0	ABSENT	1083	None	New harness/internal default: not a production adoption receipt; see file order/registration and reference inventory
scripts/grm_cmc1_gpu_arms.py	parameter:parse_args:argv	0	ABSENT	1071	None	New harness/internal default: not a production adoption receipt; see file order/registration and reference inventory
scripts/grm_cmc1_gpu_gate.py	assignment::DEFAULT_LEASE_SECONDS	0	ABSENT	34	580	New harness/internal default: not a production adoption receipt; see file order/registration and reference inventory
scripts/grm_cmc1_gpu_gate.py	assignment::DEFAULT_OUT	0	ABSENT	31	ROOT / 'artifacts' / 'grm_cmc1'	New harness/internal default: not a production adoption receipt; see file order/registration and reference inventory
scripts/grm_cmc1_gpu_gate.py	assignment::GAP_SECONDS	0	ABSENT	35	30	New harness/internal default: not a production adoption receipt; see file order/registration and reference inventory
scripts/grm_cmc1_gpu_gate.py	assignment::LOCK_PATH	0	ABSENT	32	Path('/tmp/forge-gpu.lock')	New harness/internal default: not a production adoption receipt; see file order/registration and reference inventory
scripts/grm_cmc1_gpu_gate.py	assignment::MAX_LEASE_SECONDS	0	ABSENT	33	590	New harness/internal default: not a production adoption receipt; see file order/registration and reference inventory
scripts/grm_cmc1_gpu_gate.py	assignment::ROOT	0	ABSENT	30	Path(__file__).resolve().parents[1]	New harness/internal default: not a production adoption receipt; see file order/registration and reference inventory
scripts/grm_cmc1_gpu_gate.py	assignment:main:os.environ['CUDA_VISIBLE_DEVICES']	0	ABSENT	386	gpu	New harness/internal default: not a production adoption receipt; see file order/registration and reference inventory
scripts/grm_cmc1_gpu_gate.py	assignment:run_diag_prefix:os.environ['GRM_GQA_CUDA_ROUTE']	0	ABSENT	222	'1'	New harness/internal default: not a production adoption receipt; see file order/registration and reference inventory
scripts/grm_cmc1_gpu_gate.py	assignment:run_diag_prefix:os.environ['GRM_GRAFT_STORAGE_BITS']	0	ABSENT	223	'8'	New harness/internal default: not a production adoption receipt; see file order/registration and reference inventory
scripts/grm_cmc1_gpu_gate.py	cli:parse_args:'--artifact-dir'	0	ABSENT	368	default=DEFAULT_OUT	New harness/internal default: not a production adoption receipt; see file order/registration and reference inventory
scripts/grm_cmc1_gpu_gate.py	cli:parse_args:'--fixture'	0	ABSENT	364	choices=('all', 'supersession', 'diag'); default='supersession'	New harness/internal default: not a production adoption receipt; see file order/registration and reference inventory
scripts/grm_cmc1_gpu_gate.py	cli:parse_args:'--gpu'	0	ABSENT	369	default='0'	New harness/internal default: not a production adoption receipt; see file order/registration and reference inventory
scripts/grm_cmc1_gpu_gate.py	cli:parse_args:'--lease-seconds'	0	ABSENT	370	default=DEFAULT_LEASE_SECONDS	New harness/internal default: not a production adoption receipt; see file order/registration and reference inventory
scripts/grm_cmc1_gpu_gate.py	cli:parse_args:'--lock-wait-seconds'	0	ABSENT	371	default=7200	New harness/internal default: not a production adoption receipt; see file order/registration and reference inventory
scripts/grm_cmc1_gpu_gate.py	cli:parse_args:'--self-test'	0	ABSENT	372	action='store_true'	New harness/internal default: not a production adoption receipt; see file order/registration and reference inventory
scripts/grm_cmc1_gpu_gate.py	env:run_diag_prefix:'GRM_PROBE_LADDER'	0	ABSENT	221	os.environ.pop('GRM_PROBE_LADDER', None)	New harness/internal default: not a production adoption receipt; see file order/registration and reference inventory
scripts/grm_cmc1_gpu_gate.py	parameter:_finite:where	0	ABSENT	42	'$'	New harness/internal default: not a production adoption receipt; see file order/registration and reference inventory
scripts/grm_cmc1_gpu_gate.py	parameter:main:argv	0	ABSENT	376	None	New harness/internal default: not a production adoption receipt; see file order/registration and reference inventory
scripts/grm_cmc1_gpu_gate.py	parameter:parse_args:argv	0	ABSENT	362	None	New harness/internal default: not a production adoption receipt; see file order/registration and reference inventory
scripts/grm_cmc1_mechanism.py	assignment::DECISIVE_HEAD_LIMIT	0	ABSENT	26	8	New harness/internal default: not a production adoption receipt; see file order/registration and reference inventory
scripts/grm_cmc1_mechanism.py	assignment::DEFAULT_ARTIFACT_DIR	0	ABSENT	24	ROOT / 'artifacts' / 'grm_cmc1'	New harness/internal default: not a production adoption receipt; see file order/registration and reference inventory
scripts/grm_cmc1_mechanism.py	assignment::REPORT	0	ABSENT	25	DEFAULT_ARTIFACT_DIR / 'GRM_CMC1_REPORT.md'	New harness/internal default: not a production adoption receipt; see file order/registration and reference inventory
scripts/grm_cmc1_mechanism.py	assignment::ROOT	0	ABSENT	23	Path(__file__).resolve().parents[1]	New harness/internal default: not a production adoption receipt; see file order/registration and reference inventory
scripts/grm_cmc1_mechanism.py	assignment::SMALL_DELTA_MAX	0	ABSENT	27	0.5	New harness/internal default: not a production adoption receipt; see file order/registration and reference inventory
scripts/grm_cmc1_mechanism.py	cli:parse_args:'--append-report'	0	ABSENT	783	action='store_true'	New harness/internal default: not a production adoption receipt; see file order/registration and reference inventory
scripts/grm_cmc1_mechanism.py	cli:parse_args:'--artifact-dir'	0	ABSENT	780	default=DEFAULT_ARTIFACT_DIR	New harness/internal default: not a production adoption receipt; see file order/registration and reference inventory
scripts/grm_cmc1_mechanism.py	cli:parse_args:'--run-dir'	0	ABSENT	782	required=True	New harness/internal default: not a production adoption receipt; see file order/registration and reference inventory
scripts/grm_cmc1_mechanism.py	parameter:_fmt:digits	0	ABSENT	497	6	New harness/internal default: not a production adoption receipt; see file order/registration and reference inventory
scripts/grm_cmc1_mechanism.py	parameter:assert_finite:where	0	ABSENT	34	'$'	New harness/internal default: not a production adoption receipt; see file order/registration and reference inventory
scripts/grm_cmc1_mechanism.py	parameter:main:argv	0	ABSENT	787	None	New harness/internal default: not a production adoption receipt; see file order/registration and reference inventory
scripts/grm_cmc1_mechanism.py	parameter:parse_args:argv	0	ABSENT	776	None	New harness/internal default: not a production adoption receipt; see file order/registration and reference inventory
scripts/grm_cmc1_mechanism.py	parameter:softmax_fp32:axis	0	ABSENT	89	-1	New harness/internal default: not a production adoption receipt; see file order/registration and reference inventory
scripts/grm_cmc1_mechanism.py	parameter:summarize_attention_capture:decisive_limit	0	ABSENT	152	DECISIVE_HEAD_LIMIT	New harness/internal default: not a production adoption receipt; see file order/registration and reference inventory
scripts/grm_cmc1_mechanism.py	parameter:write_content_addressed:suffix	0	ABSENT	69	'.json'	New harness/internal default: not a production adoption receipt; see file order/registration and reference inventory
scripts/grm_cmc1_preflight.py	assignment::AMENDMENT	0	ABSENT	28	ROOT / 'orders' / 'GRM_CMC1_1_PER_FIXTURE.md'	New harness/internal default: not a production adoption receipt; see file order/registration and reference inventory
scripts/grm_cmc1_preflight.py	assignment::CMC_REPORT	0	ABSENT	46	DEFAULT_ARTIFACT_DIR / 'GRM_CMC1_REPORT.md'	New harness/internal default: not a production adoption receipt; see file order/registration and reference inventory
scripts/grm_cmc1_preflight.py	assignment::DEFAULT_ARTIFACT_DIR	0	ABSENT	25	ROOT / 'artifacts' / 'grm_cmc1'	New harness/internal default: not a production adoption receipt; see file order/registration and reference inventory
scripts/grm_cmc1_preflight.py	assignment::DIAG_CURRENT_DEFAULT	0	ABSENT	41	ROOT / 'artifacts' / 'grm_three_pass' / 'ladder_on_full_default_single' / 'probe_scorecard.json'	New harness/internal default: not a production adoption receipt; see file order/registration and reference inventory
scripts/grm_cmc1_preflight.py	assignment::DIAG_LEGACY	0	ABSENT	37	ROOT / 'artifacts' / 'grm_three_pass' / 'diag_unbounded_arm_b_single_r2' / 'probe_scorecard.json'	New harness/internal default: not a production adoption receipt; see file order/registration and reference inventory
scripts/grm_cmc1_preflight.py	assignment::DIAG_REPORT	0	ABSENT	45	ROOT / 'docs' / 'GRM3P_DIAG_UNBOUNDED_REPORT.md'	New harness/internal default: not a production adoption receipt; see file order/registration and reference inventory
scripts/grm_cmc1_preflight.py	assignment::E2E_DRIVER	0	ABSENT	30	ROOT / 'scripts' / 'grm_e2e_session.py'	New harness/internal default: not a production adoption receipt; see file order/registration and reference inventory
scripts/grm_cmc1_preflight.py	assignment::ORDER	0	ABSENT	27	ROOT / 'orders' / 'GRM_CMC1_COMOUNT_MECHANISM.md'	New harness/internal default: not a production adoption receipt; see file order/registration and reference inventory
scripts/grm_cmc1_preflight.py	assignment::PROBE_LADDER	0	ABSENT	29	ROOT / 'scripts' / 'grm_probe_ladder.py'	New harness/internal default: not a production adoption receipt; see file order/registration and reference inventory
scripts/grm_cmc1_preflight.py	assignment::PROVENANCE_FILES	0	ABSENT	48	(ORDER, AMENDMENT, PROBE_LADDER, E2E_DRIVER, SUP_HARNESS, SUP_FIXTURE, SUP_BASELINE, DIAG_LEGACY, DIAG_CURRENT_DEFAULT, DIAG_REPORT)	New harness/internal default: not a production adoption receipt; see file order/registration and reference inventory
scripts/grm_cmc1_preflight.py	assignment::ROOT	0	ABSENT	24	Path(__file__).resolve().parents[1]	New harness/internal default: not a production adoption receipt; see file order/registration and reference inventory
scripts/grm_cmc1_preflight.py	assignment::SUP_BASELINE	0	ABSENT	36	ROOT / 'artifacts' / 'grm_supersession' / 'g0_baseline.jsonl'	New harness/internal default: not a production adoption receipt; see file order/registration and reference inventory
scripts/grm_cmc1_preflight.py	assignment::SUP_FIXTURE	0	ABSENT	32	ROOT / 'tests' / 'fixtures' / 'supersession_battery' / 'fresh_fact_controls.json'	New harness/internal default: not a production adoption receipt; see file order/registration and reference inventory
scripts/grm_cmc1_preflight.py	assignment::SUP_HARNESS	0	ABSENT	31	ROOT / 'tests' / 'test_grm_supersession_battery.py'	New harness/internal default: not a production adoption receipt; see file order/registration and reference inventory
scripts/grm_cmc1_preflight.py	assignment:current_probe_ladder_default:os.environ['GRM_PROBE_LADDER']	0	ABSENT	136	str(previous)	New harness/internal default: not a production adoption receipt; see file order/registration and reference inventory
scripts/grm_cmc1_preflight.py	cli:parse_args:'--artifact-dir'	0	ABSENT	332	default=DEFAULT_ARTIFACT_DIR	New harness/internal default: not a production adoption receipt; see file order/registration and reference inventory
scripts/grm_cmc1_preflight.py	cli:parse_args:'--json'	0	ABSENT	338	action='store_true'	New harness/internal default: not a production adoption receipt; see file order/registration and reference inventory
scripts/grm_cmc1_preflight.py	cli:parse_args:'--require-repro'	0	ABSENT	335	action='store_true'	New harness/internal default: not a production adoption receipt; see file order/registration and reference inventory
scripts/grm_cmc1_preflight.py	env:current_probe_ladder_default:'GRM_PROBE_LADDER'	0	ABSENT	134	os.environ.pop('GRM_PROBE_LADDER', None)	New harness/internal default: not a production adoption receipt; see file order/registration and reference inventory
scripts/grm_cmc1_preflight.py	parameter:_assert_finite:where	0	ABSENT	214	'$'	New harness/internal default: not a production adoption receipt; see file order/registration and reference inventory
scripts/grm_cmc1_preflight.py	parameter:main:argv	0	ABSENT	342	None	New harness/internal default: not a production adoption receipt; see file order/registration and reference inventory
scripts/grm_cmc1_preflight.py	parameter:parse_args:argv	0	ABSENT	330	None	New harness/internal default: not a production adoption receipt; see file order/registration and reference inventory
scripts/grm_cmc2_depth_sweep.py	assignment::ADDENDUM	0	ABSENT	53	ROOT / 'orders' / 'GRM_CMC2_ADDENDUM.md'	New harness/internal default: not a production adoption receipt; see file order/registration and reference inventory
scripts/grm_cmc2_depth_sweep.py	assignment::DEFAULT_ARTIFACT_DIR	0	ABSENT	50	ROOT / 'artifacts' / 'grm_cmc2'	New harness/internal default: not a production adoption receipt; see file order/registration and reference inventory
scripts/grm_cmc2_depth_sweep.py	assignment::DEPTHS	0	ABSENT	56	(('bf16', 16), ('int8', 8), ('int6', 6), ('int4', 4), ('int3', 3), ('int2', 2))	New harness/internal default: not a production adoption receipt; see file order/registration and reference inventory
scripts/grm_cmc2_depth_sweep.py	assignment::DEPTH_LABELS	0	ABSENT	64	tuple((label for label, _bits in DEPTHS))	New harness/internal default: not a production adoption receipt; see file order/registration and reference inventory
scripts/grm_cmc2_depth_sweep.py	assignment::ORDER	0	ABSENT	52	ROOT / 'orders' / 'GRM_CMC2_DEPTH_SWEEP.md'	New harness/internal default: not a production adoption receipt; see file order/registration and reference inventory
scripts/grm_cmc2_depth_sweep.py	assignment::P1_DEPTHS	0	ABSENT	65	('int8', 'int6')	New harness/internal default: not a production adoption receipt; see file order/registration and reference inventory
scripts/grm_cmc2_depth_sweep.py	assignment::P2_DEPTHS	0	ABSENT	66	('int3', 'int2')	New harness/internal default: not a production adoption receipt; see file order/registration and reference inventory
scripts/grm_cmc2_depth_sweep.py	assignment::PRODUCTION_FRAME	0	ABSENT	68	{'name': 'F-PROD-LADDER-ON-L2-ON', 'probe_ladder': True, 'supersession_l2': True, 'probe_ladder_pin': 'explicit_on', 'supersession_l2_pin': 'explicit_on', 'alignment': 'GRM-ADM1.2 production-default alignment'}	New harness/internal default: not a production adoption receipt; see file order/registration and reference inventory
scripts/grm_cmc2_depth_sweep.py	assignment::QUANT_LEDGER	0	ABSENT	54	ROOT / 'docs' / 'GRM_GRAFT_QUANT_LEDGER.md'	New harness/internal default: not a production adoption receipt; see file order/registration and reference inventory
scripts/grm_cmc2_depth_sweep.py	assignment::REPORT	0	ABSENT	51	DEFAULT_ARTIFACT_DIR / 'GRM_CMC2_REPORT.md'	New harness/internal default: not a production adoption receipt; see file order/registration and reference inventory
scripts/grm_cmc2_depth_sweep.py	assignment::ROOT	0	ABSENT	31	Path(__file__).resolve().parents[1]	New harness/internal default: not a production adoption receipt; see file order/registration and reference inventory
scripts/grm_cmc2_depth_sweep.py	cli:parse_args:'--append-report'	0	ABSENT	731	action='store_true'	New harness/internal default: not a production adoption receipt; see file order/registration and reference inventory
scripts/grm_cmc2_depth_sweep.py	cli:parse_args:'--artifact-dir'	0	ABSENT	728	default=DEFAULT_ARTIFACT_DIR	New harness/internal default: not a production adoption receipt; see file order/registration and reference inventory
scripts/grm_cmc2_depth_sweep.py	cli:parse_args:'--run-dir'	0	ABSENT	730	required=True	New harness/internal default: not a production adoption receipt; see file order/registration and reference inventory
scripts/grm_cmc2_depth_sweep.py	parameter:_fmt:digits	0	ABSENT	480	6	New harness/internal default: not a production adoption receipt; see file order/registration and reference inventory
scripts/grm_cmc2_depth_sweep.py	parameter:main:argv	0	ABSENT	735	None	New harness/internal default: not a production adoption receipt; see file order/registration and reference inventory
scripts/grm_cmc2_depth_sweep.py	parameter:parse_args:argv	0	ABSENT	724	None	New harness/internal default: not a production adoption receipt; see file order/registration and reference inventory
scripts/grm_cmc2_depth_sweep.py	parameter:roundtrip_arrays:group_size	0	ABSENT	98	GROUP_SIZE	New harness/internal default: not a production adoption receipt; see file order/registration and reference inventory
scripts/grm_cmc2_gpu_sweep.py	assignment::BASE_STAGES	0	ABSENT	82	('g0', 'g1')	New harness/internal default: not a production adoption receipt; see file order/registration and reference inventory
scripts/grm_cmc2_gpu_sweep.py	assignment::CMC_FIXTURE	0	ABSENT	69	ROOT / 'tests' / 'fixtures' / 'supersession_battery' / 'fresh_fact_controls.json'	New harness/internal default: not a production adoption receipt; see file order/registration and reference inventory
scripts/grm_cmc2_gpu_sweep.py	assignment::DEFAULT_ARTIFACT_DIR	0	ABSENT	68	ROOT / 'artifacts' / 'grm_cmc2'	New harness/internal default: not a production adoption receipt; see file order/registration and reference inventory
scripts/grm_cmc2_gpu_sweep.py	assignment::DEFAULT_LEASE_SECONDS	0	ABSENT	80	580	New harness/internal default: not a production adoption receipt; see file order/registration and reference inventory
scripts/grm_cmc2_gpu_sweep.py	assignment::DEPTH_STAGES	0	ABSENT	83	tuple((f'depth_{label}' for label in DEPTH_LABELS))	New harness/internal default: not a production adoption receipt; see file order/registration and reference inventory
scripts/grm_cmc2_gpu_sweep.py	assignment::GAP_SECONDS	0	ABSENT	81	30	New harness/internal default: not a production adoption receipt; see file order/registration and reference inventory
scripts/grm_cmc2_gpu_sweep.py	assignment::LOCK_PATH	0	ABSENT	78	Path('/tmp/forge-gpu.lock')	New harness/internal default: not a production adoption receipt; see file order/registration and reference inventory
scripts/grm_cmc2_gpu_sweep.py	assignment::MAX_LEASE_SECONDS	0	ABSENT	79	590	New harness/internal default: not a production adoption receipt; see file order/registration and reference inventory
scripts/grm_cmc2_gpu_sweep.py	assignment::ROOT	0	ABSENT	39	Path(__file__).resolve().parents[1]	New harness/internal default: not a production adoption receipt; see file order/registration and reference inventory
scripts/grm_cmc2_gpu_sweep.py	assignment::STAGES	0	ABSENT	85	BASE_STAGES + tuple((stage for label in DEPTH_LABELS for stage in (f'depth_{label}', f'sup_{label}')))	New harness/internal default: not a production adoption receipt; see file order/registration and reference inventory
scripts/grm_cmc2_gpu_sweep.py	assignment::SUP_FIXTURE	0	ABSENT	73	ROOT / 'tests' / 'fixtures' / 'supersession_battery' / 'short_correction_long_competitor.json'	New harness/internal default: not a production adoption receipt; see file order/registration and reference inventory
scripts/grm_cmc2_gpu_sweep.py	assignment::SUP_HARNESS	0	ABSENT	77	ROOT / 'tests' / 'test_grm_supersession_battery.py'	New harness/internal default: not a production adoption receipt; see file order/registration and reference inventory
scripts/grm_cmc2_gpu_sweep.py	assignment::SUP_STAGES	0	ABSENT	84	tuple((f'sup_{label}' for label in DEPTH_LABELS))	New harness/internal default: not a production adoption receipt; see file order/registration and reference inventory
scripts/grm_cmc2_gpu_sweep.py	assignment:main:os.environ['CUDA_VISIBLE_DEVICES']	0	ABSENT	669	gpu	New harness/internal default: not a production adoption receipt; see file order/registration and reference inventory
scripts/grm_cmc2_gpu_sweep.py	cli:parse_args:'--artifact-dir'	0	ABSENT	640	default=DEFAULT_ARTIFACT_DIR	New harness/internal default: not a production adoption receipt; see file order/registration and reference inventory
scripts/grm_cmc2_gpu_sweep.py	cli:parse_args:'--gpu'	0	ABSENT	642	default='0'	New harness/internal default: not a production adoption receipt; see file order/registration and reference inventory
scripts/grm_cmc2_gpu_sweep.py	cli:parse_args:'--lease-seconds'	0	ABSENT	643	default=DEFAULT_LEASE_SECONDS	New harness/internal default: not a production adoption receipt; see file order/registration and reference inventory
scripts/grm_cmc2_gpu_sweep.py	cli:parse_args:'--lock-wait-seconds'	0	ABSENT	644	default=7200	New harness/internal default: not a production adoption receipt; see file order/registration and reference inventory
scripts/grm_cmc2_gpu_sweep.py	cli:parse_args:'--run-dir'	0	ABSENT	641	implicit argparse default None	New harness/internal default: not a production adoption receipt; see file order/registration and reference inventory
scripts/grm_cmc2_gpu_sweep.py	cli:parse_args:'--self-test'	0	ABSENT	645	action='store_true'	New harness/internal default: not a production adoption receipt; see file order/registration and reference inventory
scripts/grm_cmc2_gpu_sweep.py	cli:parse_args:'--stage'	0	ABSENT	639	choices=('all',) + STAGES; default='all'	New harness/internal default: not a production adoption receipt; see file order/registration and reference inventory
scripts/grm_cmc2_gpu_sweep.py	parameter:_require_gates:g1	0	ABSENT	191	True	New harness/internal default: not a production adoption receipt; see file order/registration and reference inventory
scripts/grm_cmc2_gpu_sweep.py	parameter:main:argv	0	ABSENT	649	None	New harness/internal default: not a production adoption receipt; see file order/registration and reference inventory
scripts/grm_cmc2_gpu_sweep.py	parameter:parse_args:argv	0	ABSENT	637	None	New harness/internal default: not a production adoption receipt; see file order/registration and reference inventory
scripts/grm_det1_11_census.py	assignment::CENSUS_DIR	0	ABSENT	81	FROZEN_RUN / 'det1_11/census'	New harness/internal default: not a production adoption receipt; see file order/registration and reference inventory
scripts/grm_det1_11_census.py	assignment::CLASSES	0	ABSENT	114	(CLASS_LAWFUL, CLASS_REFUSAL, CLASS_WRONG_VALUE)	New harness/internal default: not a production adoption receipt; see file order/registration and reference inventory
scripts/grm_det1_11_census.py	assignment::CLASS_LAWFUL	0	ABSENT	111	'LAWFUL'	New harness/internal default: not a production adoption receipt; see file order/registration and reference inventory
scripts/grm_det1_11_census.py	assignment::CLASS_REFUSAL	0	ABSENT	112	'REFUSAL'	New harness/internal default: not a production adoption receipt; see file order/registration and reference inventory
scripts/grm_det1_11_census.py	assignment::CLASS_WRONG_VALUE	0	ABSENT	113	'WRONG_VALUE'	New harness/internal default: not a production adoption receipt; see file order/registration and reference inventory
scripts/grm_det1_11_census.py	assignment::DEFECT_CLASS_NOTE	0	ABSENT	129	'The WRONG_VALUE class is distinct from co-mount blending: each such probe served a confident value with its CORRECT single graft mounted, so no competing mount was present to blend with.'	New harness/internal default: not a production adoption receipt; see file order/registration and reference inventory
scripts/grm_det1_11_census.py	assignment::EVIDENCE_FIELDS	0	ABSENT	96	('schema', 'title', 'order', 'run_id', 'status', 'counts', 'rows', 'attempt_history', 'markdown', 'cause_investigated', 'scope_note', 'defect_class_note')	New harness/internal default: not a production adoption receipt; see file order/registration and reference inventory
scripts/grm_det1_11_census.py	assignment::FROZEN_RUN	0	ABSENT	75	ROOT / 'artifacts/grm_det1/run_20260831T160525Z_2'	New harness/internal default: not a production adoption receipt; see file order/registration and reference inventory
scripts/grm_det1_11_census.py	assignment::ORDER	0	ABSENT	76	ROOT / 'orders/GRM_DET1_11_ACHIEVED_COUNT.md'	New harness/internal default: not a production adoption receipt; see file order/registration and reference inventory
scripts/grm_det1_11_census.py	assignment::ORDER_ID	0	ABSENT	85	'GRM-DET1.11'	New harness/internal default: not a production adoption receipt; see file order/registration and reference inventory
scripts/grm_det1_11_census.py	assignment::REGISTRATION	0	ABSENT	77	FROZEN_RUN / 'registration_62cb6c09cbec211d.json'	New harness/internal default: not a production adoption receipt; see file order/registration and reference inventory
scripts/grm_det1_11_census.py	assignment::ROOT	0	ABSENT	59	Path(__file__).resolve().parents[1]	New harness/internal default: not a production adoption receipt; see file order/registration and reference inventory
scripts/grm_det1_11_census.py	assignment::RUN_ID	0	ABSENT	86	'run_20260831T160525Z_2'	New harness/internal default: not a production adoption receipt; see file order/registration and reference inventory
scripts/grm_det1_11_census.py	assignment::SCHEMA	0	ABSENT	83	'grm.det1_11.lived_serving_reliability_census.v1'	New harness/internal default: not a production adoption receipt; see file order/registration and reference inventory
scripts/grm_det1_11_census.py	assignment::SCOPE_NOTE	0	ABSENT	122	'Receipts only.  This census records WHAT each lived served control returned and how it classifies.  It does not investigate WHY, propose a mechanism, or recommend a remedy; the DET1.11 order reserves cause analysis for the successor investigation.'	New harness/internal default: not a production adoption receipt; see file order/registration and reference inventory
scripts/grm_det1_11_census.py	assignment::SHARD_ROOT	0	ABSENT	78	FROZEN_RUN / 'det1_4/campaign/det1_7/plant_registration/shards'	New harness/internal default: not a production adoption receipt; see file order/registration and reference inventory
scripts/grm_det1_11_census.py	assignment::STATUS	0	ABSENT	87	'RECEIPTS_ONLY_CAUSE_NOT_INVESTIGATED'	New harness/internal default: not a production adoption receipt; see file order/registration and reference inventory
scripts/grm_det1_11_census.py	assignment::SUBCLASS_EXACT	0	ABSENT	116	'exact'	New harness/internal default: not a production adoption receipt; see file order/registration and reference inventory
scripts/grm_det1_11_census.py	assignment::SUBCLASS_SEPARATOR	0	ABSENT	117	'separator_variant'	New harness/internal default: not a production adoption receipt; see file order/registration and reference inventory
scripts/grm_det1_11_census.py	assignment::TITLE	0	ABSENT	84	'GRM lived-serving reliability census'	New harness/internal default: not a production adoption receipt; see file order/registration and reference inventory
scripts/grm_det1_11_census.py	assignment::UNPLANTABLE_REASON	0	ABSENT	88	'LIVED_SERVED_CONTROL_INCORRECT_OR_REFUSAL'	New harness/internal default: not a production adoption receipt; see file order/registration and reference inventory
scripts/grm_det1_11_census.py	cli:_parser:'--markdown'	0	ABSENT	664	action='store_true'	New harness/internal default: not a production adoption receipt; see file order/registration and reference inventory
scripts/grm_det1_11_census.py	cli:_parser:'--out-dir'	0	ABSENT	663	default=CENSUS_DIR	New harness/internal default: not a production adoption receipt; see file order/registration and reference inventory
scripts/grm_det1_11_census.py	cli:_parser:'--shard-root'	0	ABSENT	662	default=SHARD_ROOT	New harness/internal default: not a production adoption receipt; see file order/registration and reference inventory
scripts/grm_det1_11_census.py	cli:_parser:'command'	0	ABSENT	660	choices=('report', 'write', 'selftest', 'lineage')	New harness/internal default: not a production adoption receipt; see file order/registration and reference inventory
scripts/grm_det1_11_census.py	parameter:build_census:generation	0	ABSENT	381	1	New harness/internal default: not a production adoption receipt; see file order/registration and reference inventory
scripts/grm_det1_11_census.py	parameter:build_census:record_root	0	ABSENT	381	None	New harness/internal default: not a production adoption receipt; see file order/registration and reference inventory
scripts/grm_det1_11_census.py	parameter:build_census:shard_root	0	ABSENT	381	SHARD_ROOT	New harness/internal default: not a production adoption receipt; see file order/registration and reference inventory
scripts/grm_det1_11_census.py	parameter:build_census:supersedes	0	ABSENT	381	None	New harness/internal default: not a production adoption receipt; see file order/registration and reference inventory
scripts/grm_det1_11_census.py	parameter:census_lineage:directory	0	ABSENT	450	CENSUS_DIR	New harness/internal default: not a production adoption receipt; see file order/registration and reference inventory
scripts/grm_det1_11_census.py	parameter:collect_latest_observations:shard_root	0	ABSENT	150	SHARD_ROOT	New harness/internal default: not a production adoption receipt; see file order/registration and reference inventory
scripts/grm_det1_11_census.py	parameter:current_census:directory	0	ABSENT	527	CENSUS_DIR	New harness/internal default: not a production adoption receipt; see file order/registration and reference inventory
scripts/grm_det1_11_census.py	parameter:main:argv	0	ABSENT	668	None	New harness/internal default: not a production adoption receipt; see file order/registration and reference inventory
scripts/grm_det1_11_census.py	parameter:write_census:directory	0	ABSENT	535	CENSUS_DIR	New harness/internal default: not a production adoption receipt; see file order/registration and reference inventory
scripts/grm_det1_11_census.py	parameter:write_census:record_root	0	ABSENT	535	None	New harness/internal default: not a production adoption receipt; see file order/registration and reference inventory
scripts/grm_det1_11_census.py	parameter:write_census:shard_root	0	ABSENT	535	SHARD_ROOT	New harness/internal default: not a production adoption receipt; see file order/registration and reference inventory
scripts/grm_det1_2_gpu.py	assignment::ALL_ARMS	0	ABSENT	150	{**BASE_ARMS, **PROFILE_HOOK_ARMS, **PAIR_ARMS, **PROFILE_PAIR_ARMS}	New harness/internal default: not a production adoption receipt; see file order/registration and reference inventory
scripts/grm_det1_2_gpu.py	assignment::BASE_ARMS	0	ABSENT	89	{'control_a': {'profile': False, 'hooks': (), 'shell': False, 'verbal': False}, 'control_b': {'profile': False, 'hooks': (), 'shell': False, 'verbal': False}, 'profile_only': {'profile': True, 'hooks': (), 'shell': False, 'verbal': False}, 'observer_shell': {'profile': False, 'hooks': (), 'shell': True, 'verbal': False}, 'profile_observer_shell': {'profile': True, 'hooks': (), 'shell': True, 'verbal': False}, 'd_lqr': {'profile': False, 'hooks': ('D-LQR',), 'shell': False, 'verbal': False}, 'd_ngh': {'profile': False, 'hooks': ('D-NGH',), 'shell': False, 'verbal': False}, 'd_ent': {'profile': False, 'hooks': ('D-ENT',), 'shell': False, 'verbal': False}, 'd_verb': {'profile': False, 'hooks': (), 'shell': False, 'verbal': True}, 'all_mechanistic_no_profile': {'profile': False, 'hooks': tuple(MECHANISTIC), 'shell': False, 'verbal': False}, 'all_legacy': {'profile': True, 'hooks': tuple(MECHANISTIC), 'shell': False, 'verbal': True}}	New harness/internal default: not a production adoption receipt; see file order/registration and reference inventory
scripts/grm_det1_2_gpu.py	assignment::DET1_1_AMENDMENT	0	ABSENT	74	'det1_1_source_amendment.json'	New harness/internal default: not a production adoption receipt; see file order/registration and reference inventory
scripts/grm_det1_2_gpu.py	assignment::DET1_2_ADDED	0	ABSENT	81	frozenset(('scripts/grm_det1_2_gpu.py',))	New harness/internal default: not a production adoption receipt; see file order/registration and reference inventory
scripts/grm_det1_2_gpu.py	assignment::DET1_2_AMENDMENT	0	ABSENT	75	'det1_2_source_amendment.json'	New harness/internal default: not a production adoption receipt; see file order/registration and reference inventory
scripts/grm_det1_2_gpu.py	assignment::DET1_2_CHANGED	0	ABSENT	77	frozenset(('scripts/grm_det1_common.py', 'scripts/grm_det1_e2e.py'))	New harness/internal default: not a production adoption receipt; see file order/registration and reference inventory
scripts/grm_det1_2_gpu.py	assignment::DET1_2_REPLAY_AMENDMENT	0	ABSENT	76	'det1_2_replay_gate_source_amendment.json'	New harness/internal default: not a production adoption receipt; see file order/registration and reference inventory
scripts/grm_det1_2_gpu.py	assignment::DET1_2_REPLAY_CHANGED	0	ABSENT	82	frozenset(('scripts/grm_det1_2_gpu.py',))	New harness/internal default: not a production adoption receipt; see file order/registration and reference inventory
scripts/grm_det1_2_gpu.py	assignment::FIXTURE_ID	0	ABSENT	87	'sup_harbor_restatement'	New harness/internal default: not a production adoption receipt; see file order/registration and reference inventory
scripts/grm_det1_2_gpu.py	assignment::FIXTURE_SOURCE	0	ABSENT	83	ROOT / 'tests' / 'fixtures' / 'supersession_battery' / 'correction_then_restatement.json'	New harness/internal default: not a production adoption receipt; see file order/registration and reference inventory
scripts/grm_det1_2_gpu.py	assignment::HOOK_TO_ARM	0	ABSENT	116	{'D-LQR': 'd_lqr', 'D-NGH': 'd_ngh', 'D-ENT': 'd_ent', 'D-VERB': 'd_verb'}	New harness/internal default: not a production adoption receipt; see file order/registration and reference inventory
scripts/grm_det1_2_gpu.py	assignment::INCIDENT_GLOB	0	ABSENT	88	'det1_1_guard_failure_fefc72a057a8dcb4.json'	New harness/internal default: not a production adoption receipt; see file order/registration and reference inventory
scripts/grm_det1_2_gpu.py	assignment::INITIAL_ARMS	0	ABSENT	156	('control_a', 'control_b', 'profile_only', 'observer_shell', 'profile_observer_shell', 'd_lqr', 'd_ngh', 'd_ent', 'd_verb', 'profile_d_lqr', 'profile_d_ngh', 'profile_d_ent', 'profile_d_verb', 'all_mechanistic_no_profile', 'all_legacy')	New harness/internal default: not a production adoption receipt; see file order/registration and reference inventory
scripts/grm_det1_2_gpu.py	assignment::ORDER	0	ABSENT	73	ROOT / 'orders' / 'GRM_DET1_2_OBSERVER_LEAK.md'	New harness/internal default: not a production adoption receipt; see file order/registration and reference inventory
scripts/grm_det1_2_gpu.py	assignment::PAIR_ARMS	0	ABSENT	138	{_pair_name(left, right): _pair_arm(left, right) for left, right in itertools.combinations(MECHANISTIC, 2)}	New harness/internal default: not a production adoption receipt; see file order/registration and reference inventory
scripts/grm_det1_2_gpu.py	assignment::PAIR_STAGE_ARMS	0	ABSENT	173	(*PAIR_ARMS, *PROFILE_PAIR_ARMS)	New harness/internal default: not a production adoption receipt; see file order/registration and reference inventory
scripts/grm_det1_2_gpu.py	assignment::PROFILE_HOOK_ARMS	0	ABSENT	142	{'profile_' + arm: {**BASE_ARMS[arm], 'profile': True} for arm in HOOK_TO_ARM.values()}	New harness/internal default: not a production adoption receipt; see file order/registration and reference inventory
scripts/grm_det1_2_gpu.py	assignment::PROFILE_PAIR_ARMS	0	ABSENT	146	{'profile_' + arm: {**spec, 'profile': True} for arm, spec in PAIR_ARMS.items()}	New harness/internal default: not a production adoption receipt; see file order/registration and reference inventory
scripts/grm_det1_2_gpu.py	assignment::ROOT	0	ABSENT	27	Path(__file__).resolve().parents[1]	New harness/internal default: not a production adoption receipt; see file order/registration and reference inventory
scripts/grm_det1_2_gpu.py	cli:parse_args:'--child-arm'	0	ABSENT	1206	choices=tuple(ALL_ARMS)	New harness/internal default: not a production adoption receipt; see file order/registration and reference inventory
scripts/grm_det1_2_gpu.py	cli:parse_args:'--lease-seconds'	0	ABSENT	1207	default=DEFAULT_LEASE_SECONDS	New harness/internal default: not a production adoption receipt; see file order/registration and reference inventory
scripts/grm_det1_2_gpu.py	cli:parse_args:'--lock-wait-seconds'	0	ABSENT	1208	default=7200	New harness/internal default: not a production adoption receipt; see file order/registration and reference inventory
scripts/grm_det1_2_gpu.py	cli:parse_args:'--run-dir'	0	ABSENT	1205	implicit argparse default None	New harness/internal default: not a production adoption receipt; see file order/registration and reference inventory
scripts/grm_det1_2_gpu.py	cli:parse_args:'--selftest'	0	ABSENT	1209	action='store_true'	New harness/internal default: not a production adoption receipt; see file order/registration and reference inventory
scripts/grm_det1_2_gpu.py	env:run_arm:_runtime_env(runtime_frame)	0	ABSENT	625	os.environ.update(_runtime_env(runtime_frame))	New harness/internal default: not a production adoption receipt; see file order/registration and reference inventory
scripts/grm_det1_2_gpu.py	parameter:main:argv	0	ABSENT	1213	None	New harness/internal default: not a production adoption receipt; see file order/registration and reference inventory
scripts/grm_det1_2_gpu.py	parameter:parse_args:argv	0	ABSENT	1203	None	New harness/internal default: not a production adoption receipt; see file order/registration and reference inventory
scripts/grm_det1_3_gpu.py	assignment::AMENDMENT_NAME	0	ABSENT	53	'det1_3_source_amendment.json'	New harness/internal default: not a production adoption receipt; see file order/registration and reference inventory
scripts/grm_det1_3_gpu.py	assignment::EXPECTED_ADDED	0	ABSENT	66	frozenset(('scripts/grm_det1_3_snapshot.py', 'scripts/grm_det1_3_gpu.py'))	New harness/internal default: not a production adoption receipt; see file order/registration and reference inventory
scripts/grm_det1_3_gpu.py	assignment::EXPECTED_CHANGED	0	ABSENT	70	frozenset(('scripts/grm_det1_e2e.py',))	New harness/internal default: not a production adoption receipt; see file order/registration and reference inventory
scripts/grm_det1_3_gpu.py	assignment::EXPECTED_TESTS	0	ABSENT	71	frozenset(('tests/test_grm_det1_3_snapshot.py',))	New harness/internal default: not a production adoption receipt; see file order/registration and reference inventory
scripts/grm_det1_3_gpu.py	assignment::FIXTURE	0	ABSENT	54	ROOT / 'tests' / 'fixtures' / 'supersession_battery' / 'correction_then_restatement.json'	New harness/internal default: not a production adoption receipt; see file order/registration and reference inventory
scripts/grm_det1_3_gpu.py	assignment::ORDER	0	ABSENT	52	ROOT / 'orders' / 'GRM_DET1_3_REPLAY_FIDELITY.md'	New harness/internal default: not a production adoption receipt; see file order/registration and reference inventory
scripts/grm_det1_3_gpu.py	assignment::PRIOR_AMENDMENTS	0	ABSENT	58	(('det1_1_source_amendment.json', 'grm.det1.source_amendment.v1'), ('det1_2_source_amendment.json', 'grm.det1_2.source_amendment.v1'), ('det1_2_replay_gate_source_amendment.json', 'grm.det1_2.replay_gate_source_amendment.v1'))	New harness/internal default: not a production adoption receipt; see file order/registration and reference inventory
scripts/grm_det1_3_gpu.py	assignment::ROOT	0	ABSENT	31	Path(__file__).resolve().parents[1]	New harness/internal default: not a production adoption receipt; see file order/registration and reference inventory
scripts/grm_det1_3_gpu.py	cli:parse_args:'--arm'	0	ABSENT	1149	choices=('lived', 'replay')	New harness/internal default: not a production adoption receipt; see file order/registration and reference inventory
scripts/grm_det1_3_gpu.py	cli:parse_args:'--lease-seconds'	0	ABSENT	1155	default=580	New harness/internal default: not a production adoption receipt; see file order/registration and reference inventory
scripts/grm_det1_3_gpu.py	cli:parse_args:'--left'	0	ABSENT	1150	implicit argparse default None	New harness/internal default: not a production adoption receipt; see file order/registration and reference inventory
scripts/grm_det1_3_gpu.py	cli:parse_args:'--lived-control'	0	ABSENT	1152	implicit argparse default None	New harness/internal default: not a production adoption receipt; see file order/registration and reference inventory
scripts/grm_det1_3_gpu.py	cli:parse_args:'--lock-wait-seconds'	0	ABSENT	1156	default=7200	New harness/internal default: not a production adoption receipt; see file order/registration and reference inventory
scripts/grm_det1_3_gpu.py	cli:parse_args:'--output'	0	ABSENT	1154	implicit argparse default None	New harness/internal default: not a production adoption receipt; see file order/registration and reference inventory
scripts/grm_det1_3_gpu.py	cli:parse_args:'--replay-control'	0	ABSENT	1153	implicit argparse default None	New harness/internal default: not a production adoption receipt; see file order/registration and reference inventory
scripts/grm_det1_3_gpu.py	cli:parse_args:'--right'	0	ABSENT	1151	implicit argparse default None	New harness/internal default: not a production adoption receipt; see file order/registration and reference inventory
scripts/grm_det1_3_gpu.py	cli:parse_args:'--run-dir'	0	ABSENT	1148	required=True	New harness/internal default: not a production adoption receipt; see file order/registration and reference inventory
scripts/grm_det1_3_gpu.py	cli:parse_args:'command'	0	ABSENT	1146	choices=('preflight', 'capture', 'answer', 'compare')	New harness/internal default: not a production adoption receipt; see file order/registration and reference inventory
scripts/grm_det1_3_gpu.py	env:_run_protocol:_runtime_env(runtime)	0	ABSENT	827	os.environ.update(_runtime_env(runtime))	New harness/internal default: not a production adoption receipt; see file order/registration and reference inventory
scripts/grm_det1_3_gpu.py	parameter:compare_with_observer_controls:output_path	0	ABSENT	411	None	New harness/internal default: not a production adoption receipt; see file order/registration and reference inventory
scripts/grm_det1_3_gpu.py	parameter:main:argv	0	ABSENT	1160	None	New harness/internal default: not a production adoption receipt; see file order/registration and reference inventory
scripts/grm_det1_3_gpu.py	parameter:parse_args:argv	0	ABSENT	1144	None	New harness/internal default: not a production adoption receipt; see file order/registration and reference inventory
scripts/grm_det1_3_snapshot.py	assignment::ARM_PROTOCOLS	0	ABSENT	37	{'lived': 'same_model_chronological_harmony_feed_v1', 'replay': 'det1_independent_deposit_counterfactual_replay_v1', 'fork': 'det1_lived_snapshot_fork_v1'}	New harness/internal default: not a production adoption receipt; see file order/registration and reference inventory
scripts/grm_det1_3_snapshot.py	assignment::BYTE_SEMANTICS	0	ABSENT	42	{'comparison_bytes': 'C_contiguous_host_value_bytes', 'literal_device_storage_bytes': False, 'tensor_cuda_bfloat16_export': 'host_float32_value_preserving', 'qualification': 'byte equality means canonical exported value-byte equality until TensorCUDA provides a raw device-storage byte exporter'}	New harness/internal default: not a production adoption receipt; see file order/registration and reference inventory
scripts/grm_det1_3_snapshot.py	assignment::CAPTURE_PHASE	0	ABSENT	36	'before_probe_prefill'	New harness/internal default: not a production adoption receipt; see file order/registration and reference inventory
scripts/grm_det1_3_snapshot.py	assignment::COMMON_PROVENANCE_FIELDS	0	ABSENT	114	tuple((field for field in REQUIRED_PROVENANCE_FIELDS if field not in {'arm', 'protocol', 'protocol_source_sha256', 'process_instance_sha256', 'process_pid', 'process_start_ticks', 'attempt_ordinal'}))	New harness/internal default: not a production adoption receipt; see file order/registration and reference inventory
scripts/grm_det1_3_snapshot.py	assignment::COMPARISON_SCHEMA	0	ABSENT	34	'grm.det1_3.dual_snapshot_comparison.v2'	New harness/internal default: not a production adoption receipt; see file order/registration and reference inventory
scripts/grm_det1_3_snapshot.py	assignment::MEMBER_COVERAGE_SCHEMA	0	ABSENT	35	'grm.det1_8.snapshot_member_coverage.v1'	New harness/internal default: not a production adoption receipt; see file order/registration and reference inventory
scripts/grm_det1_3_snapshot.py	assignment::REQUIRED_ADMISSION_FIELDS	0	ABSENT	70	('schema', 'probe_key_sha256', 'ranking', 'identifier_tokens', 'identified_candidates', 'policy_branch', 'rank_plan', 'ladder_attempts', 'current_attempt_ordinal', 'current_planned', 'current_clean_room', 'current_fitted', 'current_dropped', 'selection_state', 'final_mounts')	New harness/internal default: not a production adoption receipt; see file order/registration and reference inventory
scripts/grm_det1_3_snapshot.py	assignment::REQUIRED_GROUPS	0	ABSENT	51	('provenance', 'identity', 'arena_kv', 'positions_rope', 'sink_rows', 'masks', 'text_tokens', 'live_tokens', 'admission_plan')	New harness/internal default: not a production adoption receipt; see file order/registration and reference inventory
scripts/grm_det1_3_snapshot.py	assignment::REQUIRED_IDENTITY_FIELDS	0	ABSENT	62	('model_revision', 'model_weights_inventory_sha256', 'tokenizer_sha256', 'engine_build_sha256', 'prompt_template_sha256', 'dialect')	New harness/internal default: not a production adoption receipt; see file order/registration and reference inventory
scripts/grm_det1_3_snapshot.py	assignment::REQUIRED_PROVENANCE_FIELDS	0	ABSENT	87	('schema', 'arm', 'protocol', 'protocol_source_sha256', 'run_id', 'order_sha256', 'source_amendment_sha256', 'registration_sha256', 'runtime_frame_sha256', 'fixture_sha256', 'fixture_id', 'probe_id', 'probe_question_sha256', 'capture_boundary', 'probe_driver', 'topk', 'max_trips', 'probe_ladder', 'defer_memory', 'attempt_ordinal', 'selection_boundary', 'process_instance_sha256', 'process_pid', 'process_start_ticks', 'boot_id')	New harness/internal default: not a production adoption receipt; see file order/registration and reference inventory
scripts/grm_det1_3_snapshot.py	assignment::SNAPSHOT_SCHEMA	0	ABSENT	33	'grm.det1_3.model_visible_snapshot.v2'	New harness/internal default: not a production adoption receipt; see file order/registration and reference inventory
scripts/grm_det1_3_snapshot.py	assignment::_PLANTED_DELTA_PATTERNS	0	ABSENT	1475	tuple((re.compile(value) for value in ('arrays\\.(?:cache|injection)\\.layer_\\d{2}\\.(?:k|v)', 'arrays\\.mask\\.layer_\\d{2}\\.allowed', 'state\\.arena\\.cur_mounts', 'state\\.arena\\.cur_mount_n', 'state\\.attention\\.layer_\\d{2}\\.graft_seats', 'state\\.positions\\.physical_sections\\.mounted_payload', 'state\\.cache\\.lengths_by_layer', 'state\\.mask\\.layer_\\d{2}\\.inputs\\.(?:cache_length|injection_length|key_length)', 'state\\.admission\\.(?:authoritative_mounts|rank_plan|current_planned|current_fitted|current_dropped|final_mounts)', 'state\\.admission\\.ladder_attempts\\[\\d+\\]\\.planned')))	New harness/internal default: not a production adoption receipt; see file order/registration and reference inventory
scripts/grm_det1_3_snapshot.py	cli:parse_args:'--output'	0	ABSENT	2867	implicit argparse default None	New harness/internal default: not a production adoption receipt; see file order/registration and reference inventory
scripts/grm_det1_3_snapshot.py	cli:parse_args:'left'	0	ABSENT	2865	implicit argparse default None	New harness/internal default: not a production adoption receipt; see file order/registration and reference inventory
scripts/grm_det1_3_snapshot.py	cli:parse_args:'right'	0	ABSENT	2866	implicit argparse default None	New harness/internal default: not a production adoption receipt; see file order/registration and reference inventory
scripts/grm_det1_3_snapshot.py	parameter:SnapshotBuilder.unavailable_field:required	0	ABSENT	294	True	New harness/internal default: not a production adoption receipt; see file order/registration and reference inventory
scripts/grm_det1_3_snapshot.py	parameter:_fork_upload:tensor_factory	0	ABSENT	1432	None	New harness/internal default: not a production adoption receipt; see file order/registration and reference inventory
scripts/grm_det1_3_snapshot.py	parameter:capture_arena_snapshot:explicit_identity	0	ABSENT	436	None	New harness/internal default: not a production adoption receipt; see file order/registration and reference inventory
scripts/grm_det1_3_snapshot.py	parameter:capture_arena_snapshot:phase	0	ABSENT	436	CAPTURE_PHASE	New harness/internal default: not a production adoption receipt; see file order/registration and reference inventory
scripts/grm_det1_3_snapshot.py	parameter:capture_arena_snapshot:sink_text	0	ABSENT	436	None	New harness/internal default: not a production adoption receipt; see file order/registration and reference inventory
scripts/grm_det1_3_snapshot.py	parameter:capture_arena_snapshot:sink_token_ids	0	ABSENT	436	None	New harness/internal default: not a production adoption receipt; see file order/registration and reference inventory
scripts/grm_det1_3_snapshot.py	parameter:compare_snapshots.provenance_row:detail	0	ABSENT	2565	None	New harness/internal default: not a production adoption receipt; see file order/registration and reference inventory
scripts/grm_det1_3_snapshot.py	parameter:compare_snapshots:output_path	0	ABSENT	2548	None	New harness/internal default: not a production adoption receipt; see file order/registration and reference inventory
scripts/grm_det1_3_snapshot.py	parameter:infer_frame_identity:explicit	0	ABSENT	206	None	New harness/internal default: not a production adoption receipt; see file order/registration and reference inventory
scripts/grm_det1_3_snapshot.py	parameter:main:argv	0	ABSENT	2871	None	New harness/internal default: not a production adoption receipt; see file order/registration and reference inventory
scripts/grm_det1_3_snapshot.py	parameter:parse_args:argv	0	ABSENT	2861	None	New harness/internal default: not a production adoption receipt; see file order/registration and reference inventory
scripts/grm_det1_3_snapshot.py	parameter:restore_prefill_fork.restored_array:axis	0	ABSENT	2156	None	New harness/internal default: not a production adoption receipt; see file order/registration and reference inventory
scripts/grm_det1_3_snapshot.py	parameter:restore_prefill_fork:expected_frame_sha256	0	ABSENT	1953	None	New harness/internal default: not a production adoption receipt; see file order/registration and reference inventory
scripts/grm_det1_3_snapshot.py	parameter:restore_prefill_fork:require_finalized_source	0	ABSENT	1953	True	New harness/internal default: not a production adoption receipt; see file order/registration and reference inventory
scripts/grm_det1_3_snapshot.py	parameter:restore_prefill_fork:require_same_process_index	0	ABSENT	1953	True	New harness/internal default: not a production adoption receipt; see file order/registration and reference inventory
scripts/grm_det1_3_snapshot.py	parameter:restore_prefill_fork:tensor_factory	0	ABSENT	1953	None	New harness/internal default: not a production adoption receipt; see file order/registration and reference inventory
scripts/grm_det1_3_snapshot.py	parameter:restore_prefill_fork:withheld_mounts	0	ABSENT	1953	()	New harness/internal default: not a production adoption receipt; see file order/registration and reference inventory
scripts/grm_det1_3_snapshot.py	parameter:stop_at_next_forward.wrapped.restore:withheld	0	ABSENT	999	()	New harness/internal default: not a production adoption receipt; see file order/registration and reference inventory
scripts/grm_det1_3_snapshot.py	parameter:stop_at_next_forward:fork_callback	0	ABSENT	943	None	New harness/internal default: not a production adoption receipt; see file order/registration and reference inventory
scripts/grm_det1_4_gpu.py	assignment::CAPTURE_RECEIPT	0	ABSENT	49	FROZEN_RUN / 'det1_3/snapshots/lived/attempt_005/capture_receipt.json'	New harness/internal default: not a production adoption receipt; see file order/registration and reference inventory
scripts/grm_det1_4_gpu.py	assignment::DET1_4_AMENDMENT	0	ABSENT	48	FROZEN_RUN / 'det1_4_source_amendment.json'	New harness/internal default: not a production adoption receipt; see file order/registration and reference inventory
scripts/grm_det1_4_gpu.py	assignment::FIXTURE	0	ABSENT	57	ROOT / 'tests/fixtures/supersession_battery/correction_then_restatement.json'	New harness/internal default: not a production adoption receipt; see file order/registration and reference inventory
scripts/grm_det1_4_gpu.py	assignment::FORK_LAW	0	ABSENT	81	"""a counterfactual replay may only fork from a lived snapshot's actual bytes; reconstruction is not a valid counterfactual substrate."""	New harness/internal default: not a production adoption receipt; see file order/registration and reference inventory
scripts/grm_det1_4_gpu.py	assignment::FROZEN_RECORDS	0	ABSENT	106	{ORDER: (2018, '7123a2bcc17046a5eb3e9d03d6816c503fc53e5379d8a7de6fbd57683bc2b764'), REGISTRATION: (21406, '62cb6c09cbec211d8cf897b1e67975ff7cbcd30f6d949f2c0b7d65dcc121fcc7'), RUNTIME_FRAME: (2180, '28b3196f8fb04a4123fcf21b1e61f8bb1b8a0e64fadcfc6643801f3e19c4ac02'), RUN_MANIFEST: (434, 'c12a17363d4d38eee68db24e634b7ba434f45ec14c74f204aa1cf813e2a1eb7f'), PRIOR_AMENDMENT: (4658, '671aff9d29a4b7751d24d7c5170bbf31d6285cab4e91b6b00e6521338128b256'), CAPTURE_RECEIPT: (2184, '8dd524fa6c814edf2c4eca028324de20b7f451890ff768994997a22739acceaa'), LIVED_MANIFEST: (140808, 'b8ee7257ec3eebb2888b707849af4acc1c0d55845d793560cafdb58bc816cbec'), OLD_COMPARE: (465551, '1b1e9b087aba33acd7028ed282d2231b43c47291a6bf2001aa459027d88ef344'), TENSOR_CUDA_EXTENSION: (10798464, '7f438cc7ceb66a16b492d59185f2bd9940f0ecfa44d05514499c89ac2195b250')}	New harness/internal default: not a production adoption receipt; see file order/registration and reference inventory
scripts/grm_det1_4_gpu.py	assignment::FROZEN_RUN	0	ABSENT	42	ROOT / 'artifacts' / 'grm_det1' / 'run_20260831T160525Z_2'	New harness/internal default: not a production adoption receipt; see file order/registration and reference inventory
scripts/grm_det1_4_gpu.py	assignment::HISTORICAL_ANCHORS	0	ABSENT	145	{'g1_flags_off_only': (FROZEN_RUN / 'g1/g1_receipt_d83aff09c3478d0d.json', 1619, 'd83aff09c3478d0d480e7c48382c3a8deb9c00c3449e4d755c8410c59cf330d0'), 'calibration_rows': (FROZEN_RUN / 'calibration/e2e_rows.jsonl', 23840, '96dff529784e4b448e8c2ca4af1558919a299126c73aa409ee5e341ba52f8eab'), 'thresholds': (FROZEN_RUN / 'thresholds_e5a0298a2486af7b.json', 2207, 'e5a0298a2486af7b2b7a906625125be640bfe8690f250fe7947fa6186dde67c3'), 'eval_e2e_rows': (FROZEN_RUN / 'eval/e2e_rows.jsonl', 160823, 'd055741fc4288f7d39aa57ca645d2e10b23b7c913fc388a5a68b1cd741def495')}	New harness/internal default: not a production adoption receipt; see file order/registration and reference inventory
scripts/grm_det1_4_gpu.py	assignment::HISTORICAL_DISPOSITION	0	ABSENT	90	'HISTORICAL_ONLY_REJECTED_AS_DET1_4_EVIDENCE'	New harness/internal default: not a production adoption receipt; see file order/registration and reference inventory
scripts/grm_det1_4_gpu.py	assignment::LIVED_MANIFEST	0	ABSENT	53	FROZEN_RUN / 'det1_3/snapshots/lived/attempt_005/snapshot/manifest.json'	New harness/internal default: not a production adoption receipt; see file order/registration and reference inventory
scripts/grm_det1_4_gpu.py	assignment::OLD_COMPARE	0	ABSENT	60	FROZEN_RUN / 'det1_3/comparisons/compare_result.json'	New harness/internal default: not a production adoption receipt; see file order/registration and reference inventory
scripts/grm_det1_4_gpu.py	assignment::OLD_COMPARE_LAW	0	ABSENT	85	'replay may serve as a counterfactual only when both complete same-frame snapshots have equal canonical bytes and independent bare-answer controls prove that capture did not move behavior'	New harness/internal default: not a production adoption receipt; see file order/registration and reference inventory
scripts/grm_det1_4_gpu.py	assignment::ORDER	0	ABSENT	43	ROOT / 'orders' / 'GRM_DET1_4_FORK_FROM_SNAPSHOT.md'	New harness/internal default: not a production adoption receipt; see file order/registration and reference inventory
scripts/grm_det1_4_gpu.py	assignment::PRIOR_AMENDMENT	0	ABSENT	47	FROZEN_RUN / 'det1_3_source_amendment.json'	New harness/internal default: not a production adoption receipt; see file order/registration and reference inventory
scripts/grm_det1_4_gpu.py	assignment::REGISTRATION	0	ABSENT	44	FROZEN_RUN / 'registration_62cb6c09cbec211d.json'	New harness/internal default: not a production adoption receipt; see file order/registration and reference inventory
scripts/grm_det1_4_gpu.py	assignment::REQUIRED_AMENDMENT_SOURCES	0	ABSENT	91	('core/gpt_oss20b_tc.py', 'scripts/grm_det1_3_gpu.py', 'scripts/grm_det1_3_snapshot.py', 'scripts/grm_det1_4_gpu.py', 'scripts/grm_det1_baseline_registry.py', 'scripts/grm_det1_common.py', 'scripts/grm_det1_e2e.py', 'tests/test_grm_det1_3_snapshot.py', 'tests/test_grm_det1_baseline_registry.py')	New harness/internal default: not a production adoption receipt; see file order/registration and reference inventory
scripts/grm_det1_4_gpu.py	assignment::REQUIRED_DEVICE_NODES	0	ABSENT	76	(Path('/dev/nvidia0'), Path('/dev/nvidiactl'), Path('/dev/nvidia-uvm'))	New harness/internal default: not a production adoption receipt; see file order/registration and reference inventory
scripts/grm_det1_4_gpu.py	assignment::RUNTIME_FRAME	0	ABSENT	45	FROZEN_RUN / 'runtime_frame_28b3196f8fb04a41.json'	New harness/internal default: not a production adoption receipt; see file order/registration and reference inventory
scripts/grm_det1_4_gpu.py	assignment::RUN_MANIFEST	0	ABSENT	46	FROZEN_RUN / 'run_manifest.json'	New harness/internal default: not a production adoption receipt; see file order/registration and reference inventory
scripts/grm_det1_4_gpu.py	assignment::STAGE_ORDER	0	ABSENT	67	('zero_gate', 'det_g0', 'all_hooks_g1', 'calibration', 'eval_e2e', 'eval_sup', 'report')	New harness/internal default: not a production adoption receipt; see file order/registration and reference inventory
scripts/grm_det1_4_gpu.py	assignment::TENSOR_CUDA_EXTENSION	0	ABSENT	62	TENSOR_CUDA_ROOT / 'tensor_cuda/_tensor_cuda.cpython-312-x86_64-linux-gnu.so'	New harness/internal default: not a production adoption receipt; see file order/registration and reference inventory
scripts/grm_det1_4_gpu.py	assignment::TENSOR_CUDA_ROOT	0	ABSENT	61	Path('/mnt/ForgeRealm/Project-Tensor/tensor_cuda')	New harness/internal default: not a production adoption receipt; see file order/registration and reference inventory
scripts/grm_det1_4_gpu.py	cli:_parser:'--lease-seconds'	0	ABSENT	1060	default=580	New harness/internal default: not a production adoption receipt; see file order/registration and reference inventory
scripts/grm_det1_4_gpu.py	cli:_parser:'--lock-wait-seconds'	0	ABSENT	1061	default=7200	New harness/internal default: not a production adoption receipt; see file order/registration and reference inventory
scripts/grm_det1_4_gpu.py	cli:_parser:'--require-amendment'	0	ABSENT	1048	action='store_true'	New harness/internal default: not a production adoption receipt; see file order/registration and reference inventory
scripts/grm_det1_4_gpu.py	cli:_parser:'--run-dir'	0	ABSENT	1047	default=FROZEN_RUN	New harness/internal default: not a production adoption receipt; see file order/registration and reference inventory
scripts/grm_det1_4_gpu.py	cli:_parser:'--write-receipt'	0	ABSENT	1054	action='store_true'	New harness/internal default: not a production adoption receipt; see file order/registration and reference inventory
scripts/grm_det1_4_gpu.py	env:_run_zero_gate:_runtime_env(runtime)	0	ABSENT	850	os.environ.update(_runtime_env(runtime))	New harness/internal default: not a production adoption receipt; see file order/registration and reference inventory
scripts/grm_det1_4_gpu.py	parameter:_validate_det1_4_amendment:source_rebindings	0	ABSENT	316	None	New harness/internal default: not a production adoption receipt; see file order/registration and reference inventory
scripts/grm_det1_5_analyze.py	assignment::AMENDMENT_NAME	0	ABSENT	72	'det1_5_race_authorization_amendment.json'	New harness/internal default: not a production adoption receipt; see file order/registration and reference inventory
scripts/grm_det1_5_analyze.py	assignment::CAMPAIGN_RELATIVE	0	ABSENT	73	Path('det1_4') / 'campaign'	New harness/internal default: not a production adoption receipt; see file order/registration and reference inventory
scripts/grm_det1_5_analyze.py	assignment::DET1_5_AUTHORIZED_STAGE_ORDER	0	ABSENT	168	['cross_process_zero', 'g0', 'g1', 'calibration', 'eval_mechanistic', 'eval_verbal', 'analyze']	New harness/internal default: not a production adoption receipt; see file order/registration and reference inventory
scripts/grm_det1_5_analyze.py	assignment::DET1_5_ORDER	0	ABSENT	70	ROOT / 'orders' / 'GRM_DET1_5_RACE_CAMPAIGN.md'	New harness/internal default: not a production adoption receipt; see file order/registration and reference inventory
scripts/grm_det1_5_analyze.py	assignment::DET1_ORDER	0	ABSENT	71	ROOT / 'orders' / 'GRM_DET1_DEMAND_DETECTOR_RACE.md'	New harness/internal default: not a production adoption receipt; see file order/registration and reference inventory
scripts/grm_det1_5_analyze.py	assignment::FROZEN_RUN	0	ABSENT	74	ROOT / 'artifacts' / 'grm_det1' / 'run_20260831T160525Z_2'	New harness/internal default: not a production adoption receipt; see file order/registration and reference inventory
scripts/grm_det1_5_analyze.py	assignment::ROOT	0	ABSENT	21	Path(__file__).resolve().parents[1]	New harness/internal default: not a production adoption receipt; see file order/registration and reference inventory
scripts/grm_det1_5_analyze.py	assignment::SHARD_LAYOUT	0	ABSENT	107	{'plant_registration': (Path('det1_7') / 'plant_registration' / 'shards', ('e2e-cal', 'e2e-1', 'e2e-2', 'e2e-3', 'e2e-4', 'sup-1', 'sup-2', 'sup-3', 'sup-4')), 'g0': (Path('g0') / 'shards', ('e2e-1', 'e2e-2', 'e2e-3', 'e2e-4', 'sup-1', 'sup-2', 'sup-3', 'sup-4')), 'g1': (Path('g1') / 'shards', ('control', 'all-hooks')), 'calibration': (Path('calibration') / 'shards', ('e2e-cal',)), 'eval_mechanistic': (Path('eval') / 'mechanistic_shards', ('e2e-1', 'e2e-2', 'e2e-3', 'e2e-4', 'sup-1', 'sup-2', 'sup-3', 'sup-4')), 'eval_verbal': (Path('eval') / 'verbal_shards', ('e2e-1', 'e2e-2', 'e2e-3', 'e2e-4', 'sup-1', 'sup-2', 'sup-3', 'sup-4'))}	New harness/internal default: not a production adoption receipt; see file order/registration and reference inventory
scripts/grm_det1_5_analyze.py	assignment::STAGES	0	ABSENT	77	(('cross_process_zero', Path('cross_process_zero') / 'stage_complete.json', 'grm.det1_5.cross_process_zero.v1'), ('plant_registration', Path('det1_7') / 'plant_registration' / 'stage_complete.json', 'grm.det1_7.plant_registration.v1'), ('g0', Path('g0') / 'stage_complete.json', 'grm.det1_5.g0.v1'), ('g1', Path('g1') / 'stage_complete.json', 'grm.det1_5.g1.v1'), ('calibration', Path('calibration') / 'stage_complete.json', 'grm.det1_5.calibration.v1'), ('eval_mechanistic', Path('eval') / 'mechanistic_stage_complete.json', 'grm.det1_5.mechanistic_eval.v1'), ('eval_verbal', Path('eval') / 'verbal_stage_complete.json', 'grm.det1_5.chronological_verbal.v1'))	New harness/internal default: not a production adoption receipt; see file order/registration and reference inventory
scripts/grm_det1_5_analyze.py	assignment::VERDICTS	0	ABSENT	75	('SUPPORTED', 'PARTIAL', 'REFUTED')	New harness/internal default: not a production adoption receipt; see file order/registration and reference inventory
scripts/grm_det1_5_analyze.py	cli:parse_args:'--run-dir'	0	ABSENT	2892	implicit argparse default None	New harness/internal default: not a production adoption receipt; see file order/registration and reference inventory
scripts/grm_det1_5_analyze.py	cli:parse_args:'command'	0	ABSENT	2891	choices=('report', 'selftest')	New harness/internal default: not a production adoption receipt; see file order/registration and reference inventory
scripts/grm_det1_5_analyze.py	parameter:_validate_stage_shards:combined_count_key	0	ABSENT	1023	'row_count'	New harness/internal default: not a production adoption receipt; see file order/registration and reference inventory
scripts/grm_det1_5_analyze.py	parameter:_validate_stage_shards:combined_record_key	0	ABSENT	1023	'rows'	New harness/internal default: not a production adoption receipt; see file order/registration and reference inventory
scripts/grm_det1_5_analyze.py	parameter:_validate_stage_shards:combined_rows	0	ABSENT	1023	None	New harness/internal default: not a production adoption receipt; see file order/registration and reference inventory
scripts/grm_det1_5_analyze.py	parameter:_validate_stage_shards:historical_outputs	0	ABSENT	1023	None	New harness/internal default: not a production adoption receipt; see file order/registration and reference inventory
scripts/grm_det1_5_analyze.py	parameter:_validated_record:beneath	0	ABSENT	201	None	New harness/internal default: not a production adoption receipt; see file order/registration and reference inventory
scripts/grm_det1_5_analyze.py	parameter:main:argv	0	ABSENT	2896	None	New harness/internal default: not a production adoption receipt; see file order/registration and reference inventory
scripts/grm_det1_5_analyze.py	parameter:parse_args:argv	0	ABSENT	2889	None	New harness/internal default: not a production adoption receipt; see file order/registration and reference inventory
scripts/grm_det1_5_analyze.py	parameter:race_table_markdown:achieved_pairs	0	ABSENT	352	None	New harness/internal default: not a production adoption receipt; see file order/registration and reference inventory
scripts/grm_det1_5_analyze.py	parameter:race_table_markdown:excluded_fixture_ids	0	ABSENT	352	()	New harness/internal default: not a production adoption receipt; see file order/registration and reference inventory
scripts/grm_det1_5_gpu.py	assignment::CAMPAIGN_RELATIVE	0	ABSENT	112	Path('det1_4/campaign')	New harness/internal default: not a production adoption receipt; see file order/registration and reference inventory
scripts/grm_det1_5_gpu.py	assignment::DEFAULT_WAIT_SECONDS	0	ABSENT	116	7200	New harness/internal default: not a production adoption receipt; see file order/registration and reference inventory
scripts/grm_det1_5_gpu.py	assignment::DELTA_AMENDMENT	0	ABSENT	76	FROZEN_RUN / 'det1_6_fork_hydration_delta_amendment.json'	New harness/internal default: not a production adoption receipt; see file order/registration and reference inventory
scripts/grm_det1_5_gpu.py	assignment::DELTA_AMENDMENT_SCHEMA	0	ABSENT	192	'grm.det1_6.fork_hydration_delta_amendment.v1'	New harness/internal default: not a production adoption receipt; see file order/registration and reference inventory
scripts/grm_det1_5_gpu.py	assignment::DELTA_AMENDMENT_STATUS	0	ABSENT	193	'AUTHORIZED_FORK_HYDRATION_DELTA_SOURCE_REBINDING'	New harness/internal default: not a production adoption receipt; see file order/registration and reference inventory
scripts/grm_det1_5_gpu.py	assignment::DELTA_PASS_STATUS	0	ABSENT	191	'PASS_EXACT_REGISTERED_DELTA_CANONICAL_VALUE_BYTES'	New harness/internal default: not a production adoption receipt; see file order/registration and reference inventory
scripts/grm_det1_5_gpu.py	assignment::DELTA_RECEIPT_SCHEMA	0	ABSENT	190	'grm.det1_6.fork_hydration_delta.v1'	New harness/internal default: not a production adoption receipt; see file order/registration and reference inventory
scripts/grm_det1_5_gpu.py	assignment::DET1_10_RESERVE_DIAGNOSIS	0	ABSENT	228	"{'schema': 'grm.det1_10.reserve_selection_diagnosis.v1', 'selection_rule_id': 'DET1_9_PRIMARY_THEN_CANONICAL_UNUSED_LAWFUL_RESERVE_V1', 'rule_amended': False, 'verdict': 'RULE_NOT_OVER_CONSTRAINED_POOL_HAD_NO_LAWFUL_MEMBER', 'question': ""r5 fail-closed with 'no unused lawful certified campaign-session reserve for e2e_t30_atlas_tone' although all four sup_reserve_* lived snapshots had been collected."", 'finding': ""The selection filter constrains only on status == LAWFUL_LIVED_TARGET, matching split, and non-consumption.  It does NOT constrain on source_family, so supersession-battery reserves were already eligible for e2e slots and DET1.9's widening was not vacuous.  Every reserve carried split == 'eval' and was unconsumed; all five candidates were rejected solely because each was itself UNPLANTABLE with LIVED_SERVED_CONTROL_INCORRECT_OR_REFUSAL.  The pool was therefore empty of lawful members, not wrongly filtered."", 'per_candidate_reason': {'e2e_t33_polaris_mark': ""UNPLANTABLE — served a refusal ('I'm sorry, but I don't have that information.') against expected Marble-4-Juliet."", 'sup_reserve_juniper_pass': ""UNPLANTABLE — served 'The Juniper pass value is currently 0.' against expected Opal-7-Green; genuinely wrong value."", 'sup_reserve_tundra_ledger': ""UNPLANTABLE — served 'Tundra-42-Eagle-Blue-Sapphire' against expected Sable-0-Copper; genuinely wrong value."", 'sup_reserve_meridian_docket': ""UNPLANTABLE — served 'Cobalt-3-Comet' against expected Delta-4-Drift; genuinely wrong value."", 'sup_reserve_falcon_registry': ""UNPLANTABLE — served 'The Falcon registry value is 42.' against expected Vortex-3-Sierra; genuinely wrong value.""}, 'det1_10_consequence': ""Under the DET1.10 separator-normalized comparator, e2e_t30_atlas_tone's lived served control ('Cobalt 1 India' vs expected 'Cobalt-1-India') is LAWFUL on its own primary and requires NO substitution, which clears the r5 fail-closed at its source.  None of the five reserves is rescued by normalization: each served a genuinely different value or a refusal, so they remain correctly UNPLANTABLE."", 'open_items': (""t33's refusal and the four sup_reserve_* wrong-value answers remain open lived findings (DET1.9 finding class); they are unaffected by the comparator change and still have no lawful reserve behind them if a future slot needs one."", ""The DET1.9 r4 finding receipt is a HISTORICAL record: it validates archived observation fields (served_answer_correct is False) from the frozen r4 run and never recomputes correctness with the live comparator, so it still validates unchanged.  Its t30 text should be read as 'r4 classified this incorrect under the pre-DET1.10 comparator', which DET1.10 now adjudicates as a separator variant of the correct value rather than a lived recall failure."")}"	New harness/internal default: not a production adoption receipt; see file order/registration and reference inventory
scripts/grm_det1_5_gpu.py	assignment::DET1_10_SOURCE_AUTH	0	ABSENT	90	FROZEN_RUN / 'det1_9_precollection_source_authorization_r6.json'	New harness/internal default: not a production adoption receipt; see file order/registration and reference inventory
scripts/grm_det1_5_gpu.py	assignment::DET1_11_ACHIEVED_EVAL_PAIR_FLOOR	0	ABSENT	215	ACHIEVED_EVAL_PAIR_FLOOR	New harness/internal default: not a production adoption receipt; see file order/registration and reference inventory
scripts/grm_det1_5_gpu.py	assignment::DET1_11_CALIBRATION_PAIR_COUNT	0	ABSENT	216	REGISTERED_CALIBRATION_PAIR_COUNT	New harness/internal default: not a production adoption receipt; see file order/registration and reference inventory
scripts/grm_det1_5_gpu.py	assignment::DET1_11_EXCLUSION_STATUS	0	ABSENT	221	EXCLUSION_STATUS	New harness/internal default: not a production adoption receipt; see file order/registration and reference inventory
scripts/grm_det1_5_gpu.py	assignment::DET1_11_MIN_SELECTED_SLOTS	0	ABSENT	218	DET1_11_ACHIEVED_EVAL_PAIR_FLOOR + DET1_11_CALIBRATION_PAIR_COUNT	New harness/internal default: not a production adoption receipt; see file order/registration and reference inventory
scripts/grm_det1_5_gpu.py	assignment::DET1_11_ORDER	0	ABSENT	214	ROOT / 'orders/GRM_DET1_11_ACHIEVED_COUNT.md'	New harness/internal default: not a production adoption receipt; see file order/registration and reference inventory
scripts/grm_det1_5_gpu.py	assignment::DET1_11_REGISTERED_EVAL_PAIR_COUNT	0	ABSENT	217	REGISTERED_EVAL_PAIR_COUNT	New harness/internal default: not a production adoption receipt; see file order/registration and reference inventory
scripts/grm_det1_5_gpu.py	assignment::DET1_11_SELECTION_RULE_ID	0	ABSENT	222	ACHIEVED_SELECTION_RULE_ID	New harness/internal default: not a production adoption receipt; see file order/registration and reference inventory
scripts/grm_det1_5_gpu.py	assignment::DET1_11_SOURCE_AUTH	0	ABSENT	102	FROZEN_RUN / 'det1_9_precollection_source_authorization_r18.json'	New harness/internal default: not a production adoption receipt; see file order/registration and reference inventory
scripts/grm_det1_5_gpu.py	assignment::DET1_6_CHANGED_SOURCES	0	ABSENT	296	('scripts/grm_det1_3_snapshot.py', 'scripts/grm_det1_4_gpu.py', 'scripts/grm_det1_5_analyze.py', 'scripts/grm_det1_5_gpu.py', 'scripts/grm_det1_5_workers.py', 'tests/test_grm_det1_3_snapshot.py', 'tests/test_grm_det1_5_campaign.py')	New harness/internal default: not a production adoption receipt; see file order/registration and reference inventory
scripts/grm_det1_5_gpu.py	assignment::DET1_6_CHANGE_PURPOSES	0	ABSENT	305	{'scripts/grm_det1_3_snapshot.py': 'fork_hydration_delta_and_exact_snapshot_comparator', 'scripts/grm_det1_4_gpu.py': 'append_only_source_supersession_plumbing', 'scripts/grm_det1_5_analyze.py': 'terminal_amendment_evidence_validation', 'scripts/grm_det1_5_gpu.py': 'campaign_delta_application_and_receipt_gate', 'scripts/grm_det1_5_workers.py': 'terminal_amendment_shard_provenance', 'tests/test_grm_det1_3_snapshot.py': 'delta_comparator_cpu_contracts', 'tests/test_grm_det1_5_campaign.py': 'campaign_receipt_cpu_contracts'}	New harness/internal default: not a production adoption receipt; see file order/registration and reference inventory
scripts/grm_det1_5_gpu.py	assignment::DET1_6_ORDER	0	ABSENT	68	ROOT / 'orders/GRM_DET1_6_PLANT_ON_FORK.md'	New harness/internal default: not a production adoption receipt; see file order/registration and reference inventory
scripts/grm_det1_5_gpu.py	assignment::DET1_7_ADDED_SOURCES	0	ABSENT	324	{'scripts/grm_det1_7_registry.py': 'pure_lived_admission_registry_derivation', 'scripts/grm_det1_7_source_auth.py': 'append_only_precollection_source_authorization', 'tests/test_grm_det1_7_registry.py': 'plant_registry_cpu_contracts', 'tests/test_grm_det1_7_source_auth.py': 'source_authorization_cpu_contracts'}	New harness/internal default: not a production adoption receipt; see file order/registration and reference inventory
scripts/grm_det1_5_gpu.py	assignment::DET1_7_CHANGED_SOURCES	0	ABSENT	317	{'scripts/grm_det1_5_analyze.py': 'bind_analysis_to_lived_plant_registry', 'scripts/grm_det1_5_gpu.py': 'collect_freeze_and_apply_lived_plant_targets', 'scripts/grm_det1_5_lead.sh': 'run_registration_before_detector_campaign', 'scripts/grm_det1_5_workers.py': 'served_only_registration_workers_and_registry_provenance', 'tests/test_grm_det1_5_campaign.py': 'campaign_registration_and_target_binding_contracts'}	New harness/internal default: not a production adoption receipt; see file order/registration and reference inventory
scripts/grm_det1_5_gpu.py	assignment::DET1_7_ORDER	0	ABSENT	69	ROOT / 'orders/GRM_DET1_7_PLANT_REALIGN.md'	New harness/internal default: not a production adoption receipt; see file order/registration and reference inventory
scripts/grm_det1_5_gpu.py	assignment::DET1_7_SOURCE_AUTH	0	ABSENT	107	DET1_11_SOURCE_AUTH	New harness/internal default: not a production adoption receipt; see file order/registration and reference inventory
scripts/grm_det1_5_gpu.py	assignment::DET1_7_SOURCE_AUTH_PREDECESSOR	0	ABSENT	77	FROZEN_RUN / 'det1_7_precollection_source_authorization_r2.json'	New harness/internal default: not a production adoption receipt; see file order/registration and reference inventory
scripts/grm_det1_5_gpu.py	assignment::DET1_7_SOURCE_AUTH_SCHEMA	0	ABSENT	196	'grm.det1_9.precollection_source_authorization.v1'	New harness/internal default: not a production adoption receipt; see file order/registration and reference inventory
scripts/grm_det1_5_gpu.py	assignment::DET1_7_SOURCE_AUTH_STATUS	0	ABSENT	197	'AUTHORIZED_LIVED_PLANT_REGISTRY_COLLECTION_ONLY'	New harness/internal default: not a production adoption receipt; see file order/registration and reference inventory
scripts/grm_det1_5_gpu.py	assignment::DET1_7_TERMINAL_AMENDMENT	0	ABSENT	109	DET1_9_TERMINAL_AMENDMENT	New harness/internal default: not a production adoption receipt; see file order/registration and reference inventory
scripts/grm_det1_5_gpu.py	assignment::DET1_7_TERMINAL_SCHEMA	0	ABSENT	198	'grm.det1_9.plant_registry_amendment.v1'	New harness/internal default: not a production adoption receipt; see file order/registration and reference inventory
scripts/grm_det1_5_gpu.py	assignment::DET1_7_TERMINAL_STATUS	0	ABSENT	199	'AUTHORIZED_RACE_WITH_DET1_9_CROSS_SESSION_PLANT_REGISTRY'	New harness/internal default: not a production adoption receipt; see file order/registration and reference inventory
scripts/grm_det1_5_gpu.py	assignment::DET1_8_ADDED_SOURCES	0	ABSENT	345	{'scripts/grm_det1_8_source_auth.py': 'append_only_det1_8_precollection_source_authorization', 'tests/test_grm_det1_8_source_auth.py': 'det1_8_source_authorization_cpu_contracts'}	New harness/internal default: not a production adoption receipt; see file order/registration and reference inventory
scripts/grm_det1_5_gpu.py	assignment::DET1_8_CHANGED_SOURCES	0	ABSENT	331	{'scripts/grm_det1_3_snapshot.py': 'complete_declared_synthesis_member_snapshot_and_exact_delta', 'scripts/grm_det1_5_gpu.py': 'fresh_collection_member_coverage_and_fork_protocol_gate', 'tests/test_grm_det1_3_snapshot.py': 'declared_member_snapshot_and_delta_cpu_contracts', 'tests/test_grm_det1_5_campaign.py': 'campaign_member_coverage_and_fork_protocol_cpu_contracts'}	New harness/internal default: not a production adoption receipt; see file order/registration and reference inventory
scripts/grm_det1_5_gpu.py	assignment::DET1_8_ORDER	0	ABSENT	70	ROOT / 'orders/GRM_DET1_8_SYNTH_TURN_SNAPSHOTS.md'	New harness/internal default: not a production adoption receipt; see file order/registration and reference inventory
scripts/grm_det1_5_gpu.py	assignment::DET1_8_SOURCE_AUTH	0	ABSENT	80	FROZEN_RUN / 'det1_8_precollection_source_authorization.json'	New harness/internal default: not a production adoption receipt; see file order/registration and reference inventory
scripts/grm_det1_5_gpu.py	assignment::DET1_9_ADDED_SOURCES	0	ABSENT	405	{'scripts/grm_det1_9_findings.py': 'content_addressed_r4_lived_control_finding_receipt', 'scripts/grm_det1_9_source_auth.py': 'append_only_det1_9_precollection_source_authorization', 'tests/test_grm_det1_9_findings.py': 'det1_9_finding_evidence_and_tamper_contracts', 'tests/test_grm_det1_9_source_auth.py': 'det1_9_source_authorization_cpu_contracts', 'scripts/grm_det1_11_census.py': 'lived_serving_reliability_census_receipts_only_no_cause_analysis_with_append_only_supersedes_lineage_over_drifted_lived_evidence', 'tests/test_grm_det1_11_achieved.py': 'det1_11_achieved_pair_floor_and_achieved_count_reporting_contracts', 'tests/test_grm_det1_11_census.py': 'det1_11_lived_serving_census_classification_and_receipt_contracts_and_successor_lineage_idempotence_and_integrity_contracts', 'tests/test_grm_det1_11_envelope_lineage.py': 'det1_11_no_stage_consumer_hard_pins_a_superseded_envelope_and_stage_shard_binding_is_marker_referenced_not_globbed'}	New harness/internal default: not a production adoption receipt; see file order/registration and reference inventory
scripts/grm_det1_5_gpu.py	assignment::DET1_9_BASE_SLOT_COUNT	0	ABSENT	204	14	New harness/internal default: not a production adoption receipt; see file order/registration and reference inventory
scripts/grm_det1_5_gpu.py	assignment::DET1_9_CANDIDATE_COUNT	0	ABSENT	205	DET1_9_BASE_SLOT_COUNT + DET1_9_RESERVE_COUNT	New harness/internal default: not a production adoption receipt; see file order/registration and reference inventory
scripts/grm_det1_5_gpu.py	assignment::DET1_9_CHANGED_SOURCES	0	ABSENT	354	{'scripts/grm_det1_5_analyze.py': 'validate_and_report_cross_session_substitutions_and_findings_then_det1_11_report_the_achieved_count_in_table_and_verdict_and_accept_any_validated_envelope_lineage_member_on_readback_and_bind_stage_shards_by_marker_reference_not_directory_glob_and_account_for_the_det1_9_reserve_probe_in_sup_cardinality', 'scripts/grm_det1_5_gpu.py': 'collect_select_freeze_and_bind_det1_9_cross_session_substitutions_then_det1_11_exclude_unlawful_slots_and_run_at_achieved_count_and_accept_any_validated_envelope_lineage_member_on_readback', 'scripts/grm_det1_5_lead.sh': 'author_det1_9_finding_receipt_before_plant_registration_then_det1_11_author_the_lived_serving_census_before_the_campaign', 'scripts/grm_det1_5_workers.py': 'collect_distinct_reserves_from_certified_campaign_sessions_then_det1_11_iterate_the_achieved_population_in_stage_workers', 'scripts/grm_det1_7_registry.py': 'freeze_det1_9_cross_session_substitution_policy_and_table_then_det1_11_achieved_population_exclusions_floor_and_projection', 'tests/test_grm_det1_5_campaign.py': 'campaign_cross_session_selection_and_receipt_contracts_then_det1_11_selection_exclusion_and_detector_arity_contracts', 'tests/test_grm_det1_7_registry.py': 'certified_cross_session_registry_contracts_then_det1_11_achieved_count_validation_projection_contracts', 'scripts/grm_det1_common.py': 'det1_10_separator_normalized_whole_value_comparator_then_det1_11_registered_population_constants_and_race_floor', 'scripts/grm_det1_baseline_registry.py': 'det1_10_separator_normalized_baseline_value_classification', 'tests/test_grm_det1_3_snapshot.py': 'det1_10_separator_normalization_positive_and_negative_contracts'}	New harness/internal default: not a production adoption receipt; see file order/registration and reference inventory
scripts/grm_det1_5_gpu.py	assignment::DET1_9_ENVELOPE_STEM	0	ABSENT	1654	'det1_9_precollection_source_authorization'	New harness/internal default: not a production adoption receipt; see file order/registration and reference inventory
scripts/grm_det1_5_gpu.py	assignment::DET1_9_ORDER	0	ABSENT	71	ROOT / 'orders/GRM_DET1_9_SUBSTITUTION_POOL.md'	New harness/internal default: not a production adoption receipt; see file order/registration and reference inventory
scripts/grm_det1_5_gpu.py	assignment::DET1_9_RESERVE_COUNT	0	ABSENT	203	5	New harness/internal default: not a production adoption receipt; see file order/registration and reference inventory
scripts/grm_det1_5_gpu.py	assignment::DET1_9_SOURCE_AUTH	0	ABSENT	83	FROZEN_RUN / 'det1_9_precollection_source_authorization.json'	New harness/internal default: not a production adoption receipt; see file order/registration and reference inventory
scripts/grm_det1_5_gpu.py	assignment::DET1_9_TERMINAL_AMENDMENT	0	ABSENT	108	FROZEN_RUN / 'det1_9_plant_registry_amendment.json'	New harness/internal default: not a production adoption receipt; see file order/registration and reference inventory
scripts/grm_det1_5_gpu.py	assignment::DET1_ORDER	0	ABSENT	67	ROOT / 'orders/GRM_DET1_DEMAND_DETECTOR_RACE.md'	New harness/internal default: not a production adoption receipt; see file order/registration and reference inventory
scripts/grm_det1_5_gpu.py	assignment::FROZEN_RUN	0	ABSENT	65	ROOT / 'artifacts/grm_det1/run_20260831T160525Z_2'	New harness/internal default: not a production adoption receipt; see file order/registration and reference inventory
scripts/grm_det1_5_gpu.py	assignment::GAP_SECONDS	0	ABSENT	115	30	New harness/internal default: not a production adoption receipt; see file order/registration and reference inventory
scripts/grm_det1_5_gpu.py	assignment::GPU_STAGES	0	ABSENT	128	frozenset(STAGE_ORDER[:-1])	New harness/internal default: not a production adoption receipt; see file order/registration and reference inventory
scripts/grm_det1_5_gpu.py	assignment::LEASE_SECONDS	0	ABSENT	113	580	New harness/internal default: not a production adoption receipt; see file order/registration and reference inventory
scripts/grm_det1_5_gpu.py	assignment::MAX_LEASE_SECONDS	0	ABSENT	114	590	New harness/internal default: not a production adoption receipt; see file order/registration and reference inventory
scripts/grm_det1_5_gpu.py	assignment::ORDER	0	ABSENT	66	ROOT / 'orders/GRM_DET1_5_RACE_CAMPAIGN.md'	New harness/internal default: not a production adoption receipt; see file order/registration and reference inventory
scripts/grm_det1_5_gpu.py	assignment::PARENT_ZERO_MARKER	0	ABSENT	110	FROZEN_RUN / 'det1_4/zero_gate/stage_complete.json'	New harness/internal default: not a production adoption receipt; see file order/registration and reference inventory
scripts/grm_det1_5_gpu.py	assignment::PLANTED_INTERVENTION	0	ABSENT	189	'REGISTERED_PLANTED_MISS_WITHHOLDING'	New harness/internal default: not a production adoption receipt; see file order/registration and reference inventory
scripts/grm_det1_5_gpu.py	assignment::PRIOR_AMENDMENT	0	ABSENT	74	FROZEN_RUN / 'det1_4_source_amendment.json'	New harness/internal default: not a production adoption receipt; see file order/registration and reference inventory
scripts/grm_det1_5_gpu.py	assignment::RACE_AMENDMENT	0	ABSENT	75	FROZEN_RUN / 'det1_5_race_authorization_amendment.json'	New harness/internal default: not a production adoption receipt; see file order/registration and reference inventory
scripts/grm_det1_5_gpu.py	assignment::RACE_AMENDMENT_SCHEMA	0	ABSENT	194	'grm.det1_5.race_authorization_amendment.v1'	New harness/internal default: not a production adoption receipt; see file order/registration and reference inventory
scripts/grm_det1_5_gpu.py	assignment::RACE_AMENDMENT_STATUS	0	ABSENT	195	'AUTHORIZED_RACE_ON_FORKED_SUBSTRATE'	New harness/internal default: not a production adoption receipt; see file order/registration and reference inventory
scripts/grm_det1_5_gpu.py	assignment::REGISTRATION	0	ABSENT	72	FROZEN_RUN / 'registration_62cb6c09cbec211d.json'	New harness/internal default: not a production adoption receipt; see file order/registration and reference inventory
scripts/grm_det1_5_gpu.py	assignment::REGISTRATION_QUALIFICATION	0	ABSENT	202	'LIVED_TARGET_QUALIFICATION_ABLATION'	New harness/internal default: not a production adoption receipt; see file order/registration and reference inventory
scripts/grm_det1_5_gpu.py	assignment::ROOT	0	ABSENT	34	Path(__file__).resolve().parents[1]	New harness/internal default: not a production adoption receipt; see file order/registration and reference inventory
scripts/grm_det1_5_gpu.py	assignment::RUNTIME_FRAME	0	ABSENT	73	FROZEN_RUN / 'runtime_frame_28b3196f8fb04a41.json'	New harness/internal default: not a production adoption receipt; see file order/registration and reference inventory
scripts/grm_det1_5_gpu.py	assignment::STAGE_DIRS	0	ABSENT	129	{'cross_process_zero': Path('cross_process_zero'), 'plant_registration': Path('det1_7/plant_registration'), 'g0': Path('g0'), 'g1': Path('g1'), 'calibration': Path('calibration'), 'eval_mechanistic': Path('eval'), 'eval_verbal': Path('eval'), 'analyze': Path('analysis')}	New harness/internal default: not a production adoption receipt; see file order/registration and reference inventory
scripts/grm_det1_5_gpu.py	assignment::STAGE_MARKERS	0	ABSENT	139	{'cross_process_zero': Path('cross_process_zero/stage_complete.json'), 'plant_registration': Path('det1_7/plant_registration/stage_complete.json'), 'g0': Path('g0/stage_complete.json'), 'g1': Path('g1/stage_complete.json'), 'calibration': Path('calibration/stage_complete.json'), 'eval_mechanistic': Path('eval/mechanistic_stage_complete.json'), 'eval_verbal': Path('eval/verbal_stage_complete.json'), 'analyze': Path('analysis/stage_complete.json')}	New harness/internal default: not a production adoption receipt; see file order/registration and reference inventory
scripts/grm_det1_5_gpu.py	assignment::STAGE_ORDER	0	ABSENT	118	('cross_process_zero', 'plant_registration', 'g0', 'g1', 'calibration', 'eval_mechanistic', 'eval_verbal', 'analyze')	New harness/internal default: not a production adoption receipt; see file order/registration and reference inventory
scripts/grm_det1_5_gpu.py	assignment::STAGE_SCHEMAS	0	ABSENT	177	{'cross_process_zero': 'grm.det1_5.cross_process_zero.v1', 'plant_registration': 'grm.det1_7.plant_registration.v1', 'g0': 'grm.det1_5.g0.v1', 'g1': 'grm.det1_5.g1.v1', 'calibration': 'grm.det1_5.calibration.v1', 'eval_mechanistic': 'grm.det1_5.mechanistic_eval.v1', 'eval_verbal': 'grm.det1_5.chronological_verbal.v1', 'analyze': 'grm.det1_5.analysis.v1'}	New harness/internal default: not a production adoption receipt; see file order/registration and reference inventory
scripts/grm_det1_5_gpu.py	assignment::STAGE_SHARD_DIRS	0	ABSENT	149	{'plant_registration': Path('det1_7/plant_registration/shards'), 'g0': Path('g0/shards'), 'g1': Path('g1/shards'), 'calibration': Path('calibration/shards'), 'eval_mechanistic': Path('eval/mechanistic_shards'), 'eval_verbal': Path('eval/verbal_shards')}	New harness/internal default: not a production adoption receipt; see file order/registration and reference inventory
scripts/grm_det1_5_gpu.py	assignment::STAGE_SPECS	0	ABSENT	157	{'plant_registration': ('e2e-cal', 'e2e-1', 'e2e-2', 'e2e-3', 'e2e-4', 'sup-1', 'sup-2', 'sup-3', 'sup-4'), 'g0': ('e2e-1', 'e2e-2', 'e2e-3', 'e2e-4', 'sup-1', 'sup-2', 'sup-3', 'sup-4'), 'g1': ('control', 'all-hooks'), 'calibration': ('e2e-cal',), 'eval_mechanistic': ('e2e-1', 'e2e-2', 'e2e-3', 'e2e-4', 'sup-1', 'sup-2', 'sup-3', 'sup-4'), 'eval_verbal': ('e2e-1', 'e2e-2', 'e2e-3', 'e2e-4', 'sup-1', 'sup-2', 'sup-3', 'sup-4')}	New harness/internal default: not a production adoption receipt; see file order/registration and reference inventory
scripts/grm_det1_5_gpu.py	assignment::ZERO_PASS_STATUS	0	ABSENT	188	'PASS_EXACT_CANONICAL_VALUE_BYTES'	New harness/internal default: not a production adoption receipt; see file order/registration and reference inventory
scripts/grm_det1_5_gpu.py	cli:_add_common:'--run-dir'	0	ABSENT	5044	default=FROZEN_RUN	New harness/internal default: not a production adoption receipt; see file order/registration and reference inventory
scripts/grm_det1_5_gpu.py	cli:_add_gpu:'--gap-seconds'	0	ABSENT	5051	default=GAP_SECONDS	New harness/internal default: not a production adoption receipt; see file order/registration and reference inventory
scripts/grm_det1_5_gpu.py	cli:_add_gpu:'--lease-seconds'	0	ABSENT	5049	default=LEASE_SECONDS	New harness/internal default: not a production adoption receipt; see file order/registration and reference inventory
scripts/grm_det1_5_gpu.py	cli:_add_gpu:'--lock-wait-seconds'	0	ABSENT	5050	default=DEFAULT_WAIT_SECONDS	New harness/internal default: not a production adoption receipt; see file order/registration and reference inventory
scripts/grm_det1_5_gpu.py	cli:_parser:'--attempt-dir'	0	ABSENT	5075	required=True	New harness/internal default: not a production adoption receipt; see file order/registration and reference inventory
scripts/grm_det1_5_gpu.py	cli:_parser:'--lease-seconds'	0	ABSENT	5077	required=True	New harness/internal default: not a production adoption receipt; see file order/registration and reference inventory
scripts/grm_det1_5_gpu.py	cli:_parser:'--output'	0	ABSENT	5076	required=True	New harness/internal default: not a production adoption receipt; see file order/registration and reference inventory
scripts/grm_det1_5_gpu.py	cli:_parser:'--run-dir'	0	ABSENT	5074	required=True	New harness/internal default: not a production adoption receipt; see file order/registration and reference inventory
scripts/grm_det1_5_gpu.py	cli:_parser:'--spec'	0	ABSENT	5078	implicit argparse default None	New harness/internal default: not a production adoption receipt; see file order/registration and reference inventory
scripts/grm_det1_5_gpu.py	cli:_parser:'--write-receipt'	0	ABSENT	5066	action='store_true'	New harness/internal default: not a production adoption receipt; see file order/registration and reference inventory
scripts/grm_det1_5_gpu.py	cli:_parser:'worker'	0	ABSENT	5073	implicit argparse default None	New harness/internal default: not a production adoption receipt; see file order/registration and reference inventory
scripts/grm_det1_5_gpu.py	parameter:_measure_fixture_inline:plant_registry	0	ABSENT	3606	None	New harness/internal default: not a production adoption receipt; see file order/registration and reference inventory
scripts/grm_det1_5_gpu.py	parameter:_measure_fixture_inline:registration_capture	0	ABSENT	3606	False	New harness/internal default: not a production adoption receipt; see file order/registration and reference inventory
scripts/grm_det1_5_gpu.py	parameter:_next_attempt:prefix	0	ABSENT	2521	'attempt'	New harness/internal default: not a production adoption receipt; see file order/registration and reference inventory
scripts/grm_det1_5_gpu.py	parameter:_require_lineage_source_authorization:run_dir	0	ABSENT	1709	FROZEN_RUN	New harness/internal default: not a production adoption receipt; see file order/registration and reference inventory
scripts/grm_det1_5_gpu.py	parameter:_run_row_stage:gap_seconds	0	ABSENT	4436	GAP_SECONDS	New harness/internal default: not a production adoption receipt; see file order/registration and reference inventory
scripts/grm_det1_5_gpu.py	parameter:_run_worker:extra	0	ABSENT	2448	()	New harness/internal default: not a production adoption receipt; see file order/registration and reference inventory
scripts/grm_det1_5_gpu.py	parameter:_validate_worker_shard_output:require_delta	0	ABSENT	2585	True	New harness/internal default: not a production adoption receipt; see file order/registration and reference inventory
scripts/grm_det1_5_gpu.py	parameter:analyze:run_dir	0	ABSENT	4662	FROZEN_RUN	New harness/internal default: not a production adoption receipt; see file order/registration and reference inventory
scripts/grm_det1_5_gpu.py	parameter:author_amendment:run_dir	0	ABSENT	1995	FROZEN_RUN	New harness/internal default: not a production adoption receipt; see file order/registration and reference inventory
scripts/grm_det1_5_gpu.py	parameter:author_delta_amendment:run_dir	0	ABSENT	1860	FROZEN_RUN	New harness/internal default: not a production adoption receipt; see file order/registration and reference inventory
scripts/grm_det1_5_gpu.py	parameter:author_det1_7_source_authorization:run_dir	0	ABSENT	1605	FROZEN_RUN	New harness/internal default: not a production adoption receipt; see file order/registration and reference inventory
scripts/grm_det1_5_gpu.py	parameter:author_det1_7_terminal_amendment:run_dir	0	ABSENT	2291	FROZEN_RUN	New harness/internal default: not a production adoption receipt; see file order/registration and reference inventory
scripts/grm_det1_5_gpu.py	parameter:author_det1_9_finding_receipt:run_dir	0	ABSENT	1757	FROZEN_RUN	New harness/internal default: not a production adoption receipt; see file order/registration and reference inventory
scripts/grm_det1_5_gpu.py	parameter:build_lead_commands:gap_seconds	0	ABSENT	1417	GAP_SECONDS	New harness/internal default: not a production adoption receipt; see file order/registration and reference inventory
scripts/grm_det1_5_gpu.py	parameter:build_lead_commands:lease_seconds	0	ABSENT	1417	LEASE_SECONDS	New harness/internal default: not a production adoption receipt; see file order/registration and reference inventory
scripts/grm_det1_5_gpu.py	parameter:build_lead_commands:run_dir	0	ABSENT	1417	FROZEN_RUN	New harness/internal default: not a production adoption receipt; see file order/registration and reference inventory
scripts/grm_det1_5_gpu.py	parameter:build_lead_commands:wait_seconds	0	ABSENT	1417	DEFAULT_WAIT_SECONDS	New harness/internal default: not a production adoption receipt; see file order/registration and reference inventory
scripts/grm_det1_5_gpu.py	parameter:campaign:gap_seconds	0	ABSENT	4686	GAP_SECONDS	New harness/internal default: not a production adoption receipt; see file order/registration and reference inventory
scripts/grm_det1_5_gpu.py	parameter:campaign:lease_seconds	0	ABSENT	4686	LEASE_SECONDS	New harness/internal default: not a production adoption receipt; see file order/registration and reference inventory
scripts/grm_det1_5_gpu.py	parameter:campaign:run_dir	0	ABSENT	4686	FROZEN_RUN	New harness/internal default: not a production adoption receipt; see file order/registration and reference inventory
scripts/grm_det1_5_gpu.py	parameter:campaign:wait_seconds	0	ABSENT	4686	DEFAULT_WAIT_SECONDS	New harness/internal default: not a production adoption receipt; see file order/registration and reference inventory
scripts/grm_det1_5_gpu.py	parameter:campaign_root:run_dir	0	ABSENT	589	FROZEN_RUN	New harness/internal default: not a production adoption receipt; see file order/registration and reference inventory
scripts/grm_det1_5_gpu.py	parameter:cross_process_zero:lease_seconds	0	ABSENT	2773	LEASE_SECONDS	New harness/internal default: not a production adoption receipt; see file order/registration and reference inventory
scripts/grm_det1_5_gpu.py	parameter:cross_process_zero:run_dir	0	ABSENT	2773	FROZEN_RUN	New harness/internal default: not a production adoption receipt; see file order/registration and reference inventory
scripts/grm_det1_5_gpu.py	parameter:cross_process_zero:wait_seconds	0	ABSENT	2773	DEFAULT_WAIT_SECONDS	New harness/internal default: not a production adoption receipt; see file order/registration and reference inventory
scripts/grm_det1_5_gpu.py	parameter:det1_7_cpu_preflight:run_dir	0	ABSENT	4925	FROZEN_RUN	New harness/internal default: not a production adoption receipt; see file order/registration and reference inventory
scripts/grm_det1_5_gpu.py	parameter:det1_7_source_auth_lineage:run_dir	0	ABSENT	1657	FROZEN_RUN	New harness/internal default: not a production adoption receipt; see file order/registration and reference inventory
scripts/grm_det1_5_gpu.py	parameter:det1_7_source_auth_records:run_dir	0	ABSENT	1684	FROZEN_RUN	New harness/internal default: not a production adoption receipt; see file order/registration and reference inventory
scripts/grm_det1_5_gpu.py	parameter:det1_9_finding_receipt_path:run_dir	0	ABSENT	1733	FROZEN_RUN	New harness/internal default: not a production adoption receipt; see file order/registration and reference inventory
scripts/grm_det1_5_gpu.py	parameter:gpu_preflight:run_dir	0	ABSENT	2409	FROZEN_RUN	New harness/internal default: not a production adoption receipt; see file order/registration and reference inventory
scripts/grm_det1_5_gpu.py	parameter:gpu_preflight:write_receipt	0	ABSENT	2409	False	New harness/internal default: not a production adoption receipt; see file order/registration and reference inventory
scripts/grm_det1_5_gpu.py	parameter:inventory:run_dir	0	ABSENT	2350	FROZEN_RUN	New harness/internal default: not a production adoption receipt; see file order/registration and reference inventory
scripts/grm_det1_5_gpu.py	parameter:is_lineage_source_authorization:run_dir	0	ABSENT	1691	FROZEN_RUN	New harness/internal default: not a production adoption receipt; see file order/registration and reference inventory
scripts/grm_det1_5_gpu.py	parameter:load_det1_7_precollection_context:run_dir	0	ABSENT	1720	FROZEN_RUN	New harness/internal default: not a production adoption receipt; see file order/registration and reference inventory
scripts/grm_det1_5_gpu.py	parameter:load_det1_7_registered_context:run_dir	0	ABSENT	2336	FROZEN_RUN	New harness/internal default: not a production adoption receipt; see file order/registration and reference inventory
scripts/grm_det1_5_gpu.py	parameter:main:argv	0	ABSENT	5082	None	New harness/internal default: not a production adoption receipt; see file order/registration and reference inventory
scripts/grm_det1_5_gpu.py	parameter:plant_registration:gap_seconds	0	ABSENT	4208	GAP_SECONDS	New harness/internal default: not a production adoption receipt; see file order/registration and reference inventory
scripts/grm_det1_5_gpu.py	parameter:plant_registration:lease_seconds	0	ABSENT	4208	LEASE_SECONDS	New harness/internal default: not a production adoption receipt; see file order/registration and reference inventory
scripts/grm_det1_5_gpu.py	parameter:plant_registration:run_dir	0	ABSENT	4208	FROZEN_RUN	New harness/internal default: not a production adoption receipt; see file order/registration and reference inventory
scripts/grm_det1_5_gpu.py	parameter:plant_registration:wait_seconds	0	ABSENT	4208	DEFAULT_WAIT_SECONDS	New harness/internal default: not a production adoption receipt; see file order/registration and reference inventory
scripts/grm_det1_5_gpu.py	parameter:plant_registry_path:run_dir	0	ABSENT	581	FROZEN_RUN	New harness/internal default: not a production adoption receipt; see file order/registration and reference inventory
scripts/grm_det1_5_gpu.py	parameter:selftest:_args	0	ABSENT	4734	None	New harness/internal default: not a production adoption receipt; see file order/registration and reference inventory
scripts/grm_det1_5_gpu.py	parameter:validate_delta_amendment:run_dir	0	ABSENT	1784	FROZEN_RUN	New harness/internal default: not a production adoption receipt; see file order/registration and reference inventory
scripts/grm_det1_5_gpu.py	parameter:validate_det1_7_source_authorization:run_dir	0	ABSENT	1581	FROZEN_RUN	New harness/internal default: not a production adoption receipt; see file order/registration and reference inventory
scripts/grm_det1_5_gpu.py	parameter:validate_det1_7_terminal_amendment:run_dir	0	ABSENT	2216	FROZEN_RUN	New harness/internal default: not a production adoption receipt; see file order/registration and reference inventory
scripts/grm_det1_5_gpu.py	parameter:validate_det1_9_finding_receipt:run_dir	0	ABSENT	1746	FROZEN_RUN	New harness/internal default: not a production adoption receipt; see file order/registration and reference inventory
scripts/grm_det1_5_gpu.py	parameter:validate_g0_rows:expected_pairs	0	ABSENT	900	DET1_11_REGISTERED_EVAL_PAIR_COUNT	New harness/internal default: not a production adoption receipt; see file order/registration and reference inventory
scripts/grm_det1_5_gpu.py	parameter:validate_race_amendment:run_dir	0	ABSENT	1907	FROZEN_RUN	New harness/internal default: not a production adoption receipt; see file order/registration and reference inventory
scripts/grm_det1_5_gpu.py	parameter:validate_race_amendment:source_rebindings	0	ABSENT	1907	None	New harness/internal default: not a production adoption receipt; see file order/registration and reference inventory
scripts/grm_det1_5_gpu.py	parameter:validate_served_control:where	0	ABSENT	854	'served control'	New harness/internal default: not a production adoption receipt; see file order/registration and reference inventory
scripts/grm_det1_5_gpu.py	parameter:validate_split:achieved_eval_ids	0	ABSENT	1230	None	New harness/internal default: not a production adoption receipt; see file order/registration and reference inventory
scripts/grm_det1_5_workers.py	assignment::E2E_SPECS	0	ABSENT	43	{'e2e-cal': {'predecessor': None, 'stop_after_turns': 17, 'expected_rows': 2}, 'e2e-1': {'predecessor': None, 'stop_after_turns': 10, 'expected_rows': 2}, 'e2e-2': {'predecessor': 'e2e-1', 'stop_after_turns': 17, 'expected_rows': 2}, 'e2e-3': {'predecessor': 'e2e-2', 'stop_after_turns': 25, 'expected_rows': 6}, 'e2e-4': {'predecessor': 'e2e-3', 'stop_after_turns': 31, 'expected_rows': 4}}	New harness/internal default: not a production adoption receipt; see file order/registration and reference inventory
scripts/grm_det1_5_workers.py	assignment::GLOBAL_RESERVE_SLOT	0	ABSENT	42	'__DET1_9_ANY_EVAL_BASE_SLOT__'	New harness/internal default: not a production adoption receipt; see file order/registration and reference inventory
scripts/grm_det1_5_workers.py	assignment::OBSERVATION_SCHEMA	0	ABSENT	38	'grm.det1_7.plant_observation.v1'	New harness/internal default: not a production adoption receipt; see file order/registration and reference inventory
scripts/grm_det1_5_workers.py	assignment::PLANT_REGISTRATION	0	ABSENT	39	'plant_registration'	New harness/internal default: not a production adoption receipt; see file order/registration and reference inventory
scripts/grm_det1_5_workers.py	assignment::POLARIS_BASE_SLOT_ID	0	ABSENT	41	'e2e_t30_atlas_tone'	New harness/internal default: not a production adoption receipt; see file order/registration and reference inventory
scripts/grm_det1_5_workers.py	assignment::POLARIS_CANDIDATE_ID	0	ABSENT	40	'e2e_t33_polaris_mark'	New harness/internal default: not a production adoption receipt; see file order/registration and reference inventory
scripts/grm_det1_5_workers.py	assignment::ROOT	0	ABSENT	22	Path(__file__).resolve().parents[1]	New harness/internal default: not a production adoption receipt; see file order/registration and reference inventory
scripts/grm_det1_5_workers.py	assignment::SHARD_SCHEMA	0	ABSENT	37	'grm.det1_7.worker_shard.v1'	New harness/internal default: not a production adoption receipt; see file order/registration and reference inventory
scripts/grm_det1_5_workers.py	assignment::SUP_RESERVE_PROBES	0	ABSENT	73	{'correction_then_restatement': {'fixture_id': 'sup_reserve_juniper_pass', 'probe_id': 'reserve_juniper_pass', 'question': 'What is the current Juniper pass value?', 'expected_values': ['Opal-7-Green'], 'stale_values': [], 'wrong_fact_values': ['Morrow-5-Red', 'Nacre-6-Blue']}, 'fresh_fact_controls': {'fixture_id': 'sup_reserve_tundra_ledger', 'probe_id': 'reserve_tundra_ledger', 'question': 'What is the current Tundra ledger value?', 'expected_values': ['Sable-0-Copper'], 'stale_values': [], 'wrong_fact_values': ['Quartz-8-Jade', 'Raven-9-Ivory']}, 'multi_hop_a_b_c': {'fixture_id': 'sup_reserve_meridian_docket', 'probe_id': 'reserve_meridian_docket', 'question': 'What is the current Meridian docket value?', 'expected_values': ['Delta-4-Drift'], 'stale_values': [], 'wrong_fact_values': ['Amber-1-Atlas', 'Birch-2-Beacon', 'Cobalt-3-Comet']}, 'short_correction_long_competitor': {'fixture_id': 'sup_reserve_falcon_registry', 'probe_id': 'reserve_falcon_registry', 'question': 'What is the current Falcon registry value?', 'expected_values': ['Vortex-3-Sierra'], 'stale_values': [], 'wrong_fact_values': ['Auric-4-Alpha', 'Kestrel-9-Tango']}}	New harness/internal default: not a production adoption receipt; see file order/registration and reference inventory
scripts/grm_det1_5_workers.py	assignment::SUP_SOURCES	0	ABSENT	70	tuple(sorted((ROOT / 'tests/fixtures/supersession_battery').glob('*.json')))	New harness/internal default: not a production adoption receipt; see file order/registration and reference inventory
scripts/grm_det1_5_workers.py	env:_context:_runtime_env(runtime)	0	ABSENT	225	os.environ.update(_runtime_env(runtime))	New harness/internal default: not a production adoption receipt; see file order/registration and reference inventory
scripts/grm_det1_5_workers.py	parameter:_run_e2e.wrapped:defer_memory	0	ABSENT	735	False	New harness/internal default: not a production adoption receipt; see file order/registration and reference inventory
scripts/grm_det1_5_workers.py	parameter:_run_e2e.wrapped:max_trips	0	ABSENT	735	1	New harness/internal default: not a production adoption receipt; see file order/registration and reference inventory
scripts/grm_det1_5_workers.py	parameter:_run_e2e.wrapped:probe_ladder	0	ABSENT	735	True	New harness/internal default: not a production adoption receipt; see file order/registration and reference inventory
scripts/grm_det1_5_workers.py	parameter:_run_e2e.wrapped:turn_idx	0	ABSENT	735	None	New harness/internal default: not a production adoption receipt; see file order/registration and reference inventory
scripts/grm_det1_5_workers.py	parameter:_run_sup:active_detectors	0	ABSENT	834	None	New harness/internal default: not a production adoption receipt; see file order/registration and reference inventory
scripts/grm_det1_5_workers.py	parameter:_run_sup:variants	0	ABSENT	834	('served', 'planted_miss')	New harness/internal default: not a production adoption receipt; see file order/registration and reference inventory
scripts/grm_det1_7_registry.py	assignment::ACHIEVED_ORDER_ID	0	ABSENT	55	'GRM-DET1.11'	New harness/internal default: not a production adoption receipt; see file order/registration and reference inventory
scripts/grm_det1_7_registry.py	assignment::ACHIEVED_SELECTION_RULE_ID	0	ABSENT	65	'DET1_11_ACHIEVED_LAWFUL_PAIRS_WITH_REGISTERED_FLOOR_V1'	New harness/internal default: not a production adoption receipt; see file order/registration and reference inventory
scripts/grm_det1_7_registry.py	assignment::ADJUDICATION_VOCABULARY	0	ABSENT	31	('PARTIAL', 'REFUTED', 'SUPPORTED', 'UNADJUDICATED')	New harness/internal default: not a production adoption receipt; see file order/registration and reference inventory
scripts/grm_det1_7_registry.py	assignment::AMENDMENT_ORDER_ID	0	ABSENT	26	'GRM-DET1.9'	New harness/internal default: not a production adoption receipt; see file order/registration and reference inventory
scripts/grm_det1_7_registry.py	assignment::BASE_ORDER_ID	0	ABSENT	27	'GRM-DET1'	New harness/internal default: not a production adoption receipt; see file order/registration and reference inventory
scripts/grm_det1_7_registry.py	assignment::BASE_REGISTRATION_SCHEMA	0	ABSENT	23	'grm.det1.registration.v1'	New harness/internal default: not a production adoption receipt; see file order/registration and reference inventory
scripts/grm_det1_7_registry.py	assignment::CAPTURE_PHASE	0	ABSENT	28	'before_probe_prefill'	New harness/internal default: not a production adoption receipt; see file order/registration and reference inventory
scripts/grm_det1_7_registry.py	assignment::DECLARED_SYNTHESIS_BRANCH	0	ABSENT	29	'declared_synthesis_identified_set'	New harness/internal default: not a production adoption receipt; see file order/registration and reference inventory
scripts/grm_det1_7_registry.py	assignment::DETECTOR_IDS	0	ABSENT	30	('D-LQR', 'D-NGH', 'D-ENT', 'D-VERB')	New harness/internal default: not a production adoption receipt; see file order/registration and reference inventory
scripts/grm_det1_7_registry.py	assignment::EXCLUSION_STATUS	0	ABSENT	71	'EXCLUDED_LIVED_SERVED_CONTROL_UNLAWFUL'	New harness/internal default: not a production adoption receipt; see file order/registration and reference inventory
scripts/grm_det1_7_registry.py	assignment::ORDER_ID	0	ABSENT	25	'GRM-DET1.7'	New harness/internal default: not a production adoption receipt; see file order/registration and reference inventory
scripts/grm_det1_7_registry.py	assignment::ORDINARY_RULE_ID	0	ABSENT	35	'LIVED_FIRST_ACTUAL_IN_ADMISSION_ORDER_V1'	New harness/internal default: not a production adoption receipt; see file order/registration and reference inventory
scripts/grm_det1_7_registry.py	assignment::REGISTRY_SCHEMA	0	ABSENT	22	'grm.det1_7.plant_registry.v2'	New harness/internal default: not a production adoption receipt; see file order/registration and reference inventory
scripts/grm_det1_7_registry.py	assignment::SNAPSHOT_SCHEMA	0	ABSENT	24	'grm.det1_3.model_visible_snapshot.v2'	New harness/internal default: not a production adoption receipt; see file order/registration and reference inventory
scripts/grm_det1_7_registry.py	assignment::SUBSTITUTION_SELECTION_RULE_ID	0	ABSENT	39	'DET1_9_PRIMARY_THEN_CANONICAL_UNUSED_LAWFUL_RESERVE_V1'	New harness/internal default: not a production adoption receipt; see file order/registration and reference inventory
scripts/grm_det1_7_registry.py	assignment::SYNTHESIS_RULE_ID	0	ABSENT	36	'LIVED_UNIQUE_ESSENTIAL_IDENTIFIED_EXPECTED_CARRIER_V1'	New harness/internal default: not a production adoption receipt; see file order/registration and reference inventory
scripts/grm_det1_7_registry.py	parameter:_id_list:nonempty	0	ABSENT	194	False	New harness/internal default: not a production adoption receipt; see file order/registration and reference inventory
scripts/grm_det1_7_registry.py	parameter:_string_list:nonempty	0	ABSENT	455	False	New harness/internal default: not a production adoption receipt; see file order/registration and reference inventory
scripts/grm_det1_7_registry.py	parameter:_validate_json:where	0	ABSENT	78	'root'	New harness/internal default: not a production adoption receipt; see file order/registration and reference inventory
scripts/grm_det1_7_registry.py	parameter:derive_plant_registry:exclusions	0	ABSENT	1240	()	New harness/internal default: not a production adoption receipt; see file order/registration and reference inventory
scripts/grm_det1_7_registry.py	parameter:derive_plant_registry:new_eval_evidence_utc	0	ABSENT	1240	()	New harness/internal default: not a production adoption receipt; see file order/registration and reference inventory
scripts/grm_det1_7_registry.py	parameter:derive_plant_registry:record_root	0	ABSENT	1240	None	New harness/internal default: not a production adoption receipt; see file order/registration and reference inventory
scripts/grm_det1_7_registry.py	parameter:file_record:record_root	0	ABSENT	122	None	New harness/internal default: not a production adoption receipt; see file order/registration and reference inventory
scripts/grm_det1_7_registry.py	parameter:validate_plant_registry:record_root	0	ABSENT	1366	None	New harness/internal default: not a production adoption receipt; see file order/registration and reference inventory
scripts/grm_det1_7_registry.py	parameter:write_content_addressed_registry:record_root	0	ABSENT	1558	None	New harness/internal default: not a production adoption receipt; see file order/registration and reference inventory
scripts/grm_det1_7_registry.py	parameter:write_content_addressed_registry:stem	0	ABSENT	1558	'grm_det1_7_plant_registry'	New harness/internal default: not a production adoption receipt; see file order/registration and reference inventory
scripts/grm_det1_7_source_auth.py	assignment::DET1_4_SCHEMA	0	ABSENT	37	'grm.det1_4.source_amendment.v1'	New harness/internal default: not a production adoption receipt; see file order/registration and reference inventory
scripts/grm_det1_7_source_auth.py	assignment::DET1_4_STATUS	0	ABSENT	38	'AUTHORIZED_FORK_FROM_SNAPSHOT_AMENDMENT'	New harness/internal default: not a production adoption receipt; see file order/registration and reference inventory
scripts/grm_det1_7_source_auth.py	assignment::DET1_5_SCHEMA	0	ABSENT	39	'grm.det1_5.race_authorization_amendment.v1'	New harness/internal default: not a production adoption receipt; see file order/registration and reference inventory
scripts/grm_det1_7_source_auth.py	assignment::DET1_5_STATUS	0	ABSENT	40	'AUTHORIZED_RACE_ON_FORKED_SUBSTRATE'	New harness/internal default: not a production adoption receipt; see file order/registration and reference inventory
scripts/grm_det1_7_source_auth.py	assignment::DET1_6_AMENDMENT	0	ABSENT	30	FROZEN_RUN / 'det1_6_fork_hydration_delta_amendment.json'	New harness/internal default: not a production adoption receipt; see file order/registration and reference inventory
scripts/grm_det1_7_source_auth.py	assignment::DET1_6_SCHEMA	0	ABSENT	41	'grm.det1_6.fork_hydration_delta_amendment.v1'	New harness/internal default: not a production adoption receipt; see file order/registration and reference inventory
scripts/grm_det1_7_source_auth.py	assignment::DET1_6_STATUS	0	ABSENT	42	'AUTHORIZED_FORK_HYDRATION_DELTA_SOURCE_REBINDING'	New harness/internal default: not a production adoption receipt; see file order/registration and reference inventory
scripts/grm_det1_7_source_auth.py	assignment::FROZEN_RUN	0	ABSENT	26	ROOT / 'artifacts/grm_det1/run_20260831T160525Z_2'	New harness/internal default: not a production adoption receipt; see file order/registration and reference inventory
scripts/grm_det1_7_source_auth.py	assignment::ORDER	0	ABSENT	27	ROOT / 'orders/GRM_DET1_7_PLANT_REALIGN.md'	New harness/internal default: not a production adoption receipt; see file order/registration and reference inventory
scripts/grm_det1_7_source_auth.py	assignment::PRECOLLECTION_AUTHORIZATION	0	ABSENT	31	FROZEN_RUN / 'det1_7_precollection_source_authorization_r2.json'	New harness/internal default: not a production adoption receipt; see file order/registration and reference inventory
scripts/grm_det1_7_source_auth.py	assignment::REGISTRATION	0	ABSENT	28	FROZEN_RUN / 'registration_62cb6c09cbec211d.json'	New harness/internal default: not a production adoption receipt; see file order/registration and reference inventory
scripts/grm_det1_7_source_auth.py	assignment::ROOT	0	ABSENT	25	Path(__file__).resolve().parents[1]	New harness/internal default: not a production adoption receipt; see file order/registration and reference inventory
scripts/grm_det1_7_source_auth.py	assignment::RUNTIME_FRAME	0	ABSENT	29	FROZEN_RUN / 'runtime_frame_28b3196f8fb04a41.json'	New harness/internal default: not a production adoption receipt; see file order/registration and reference inventory
scripts/grm_det1_7_source_auth.py	assignment::SCHEMA	0	ABSENT	35	'grm.det1_7.precollection_source_authorization.v1'	New harness/internal default: not a production adoption receipt; see file order/registration and reference inventory
scripts/grm_det1_7_source_auth.py	assignment::STATUS	0	ABSENT	36	'AUTHORIZED_LIVED_PLANT_REGISTRY_COLLECTION_ONLY'	New harness/internal default: not a production adoption receipt; see file order/registration and reference inventory
scripts/grm_det1_7_source_auth.py	parameter:_validate_json:where	0	ABSENT	54	'root'	New harness/internal default: not a production adoption receipt; see file order/registration and reference inventory
scripts/grm_det1_7_source_auth.py	parameter:author_precollection_source_authorization:created_utc	0	ABSENT	644	None	New harness/internal default: not a production adoption receipt; see file order/registration and reference inventory
scripts/grm_det1_7_source_auth.py	parameter:author_precollection_source_authorization:det1_6_amendment_path	0	ABSENT	644	DET1_6_AMENDMENT	New harness/internal default: not a production adoption receipt; see file order/registration and reference inventory
scripts/grm_det1_7_source_auth.py	parameter:author_precollection_source_authorization:order_path	0	ABSENT	644	ORDER	New harness/internal default: not a production adoption receipt; see file order/registration and reference inventory
scripts/grm_det1_7_source_auth.py	parameter:author_precollection_source_authorization:path	0	ABSENT	644	PRECOLLECTION_AUTHORIZATION	New harness/internal default: not a production adoption receipt; see file order/registration and reference inventory
scripts/grm_det1_7_source_auth.py	parameter:author_precollection_source_authorization:registration_path	0	ABSENT	644	REGISTRATION	New harness/internal default: not a production adoption receipt; see file order/registration and reference inventory
scripts/grm_det1_7_source_auth.py	parameter:author_precollection_source_authorization:repo_root	0	ABSENT	644	ROOT	New harness/internal default: not a production adoption receipt; see file order/registration and reference inventory
scripts/grm_det1_7_source_auth.py	parameter:author_precollection_source_authorization:runtime_frame_path	0	ABSENT	644	RUNTIME_FRAME	New harness/internal default: not a production adoption receipt; see file order/registration and reference inventory
scripts/grm_det1_7_source_auth.py	parameter:file_record:repo_root	0	ABSENT	109	ROOT	New harness/internal default: not a production adoption receipt; see file order/registration and reference inventory
scripts/grm_det1_7_source_auth.py	parameter:validate_precollection_source_authorization:det1_6_amendment_path	0	ABSENT	597	DET1_6_AMENDMENT	New harness/internal default: not a production adoption receipt; see file order/registration and reference inventory
scripts/grm_det1_7_source_auth.py	parameter:validate_precollection_source_authorization:order_path	0	ABSENT	597	ORDER	New harness/internal default: not a production adoption receipt; see file order/registration and reference inventory
scripts/grm_det1_7_source_auth.py	parameter:validate_precollection_source_authorization:path	0	ABSENT	597	PRECOLLECTION_AUTHORIZATION	New harness/internal default: not a production adoption receipt; see file order/registration and reference inventory
scripts/grm_det1_7_source_auth.py	parameter:validate_precollection_source_authorization:registration_path	0	ABSENT	597	REGISTRATION	New harness/internal default: not a production adoption receipt; see file order/registration and reference inventory
scripts/grm_det1_7_source_auth.py	parameter:validate_precollection_source_authorization:repo_root	0	ABSENT	597	ROOT	New harness/internal default: not a production adoption receipt; see file order/registration and reference inventory
scripts/grm_det1_7_source_auth.py	parameter:validate_precollection_source_authorization:runtime_frame_path	0	ABSENT	597	RUNTIME_FRAME	New harness/internal default: not a production adoption receipt; see file order/registration and reference inventory
scripts/grm_det1_8_source_auth.py	assignment::DET1_6_AMENDMENT	0	ABSENT	25	FROZEN_RUN / 'det1_6_fork_hydration_delta_amendment.json'	New harness/internal default: not a production adoption receipt; see file order/registration and reference inventory
scripts/grm_det1_8_source_auth.py	assignment::FROZEN_RUN	0	ABSENT	21	ROOT / 'artifacts/grm_det1/run_20260831T160525Z_2'	New harness/internal default: not a production adoption receipt; see file order/registration and reference inventory
scripts/grm_det1_8_source_auth.py	assignment::ORDER	0	ABSENT	22	ROOT / 'orders/GRM_DET1_8_SYNTH_TURN_SNAPSHOTS.md'	New harness/internal default: not a production adoption receipt; see file order/registration and reference inventory
scripts/grm_det1_8_source_auth.py	assignment::PRECOLLECTION_AUTHORIZATION	0	ABSENT	29	FROZEN_RUN / 'det1_8_precollection_source_authorization.json'	New harness/internal default: not a production adoption receipt; see file order/registration and reference inventory
scripts/grm_det1_8_source_auth.py	assignment::PREDECESSOR_AUTHORIZATION	0	ABSENT	26	FROZEN_RUN / 'det1_7_precollection_source_authorization_r2.json'	New harness/internal default: not a production adoption receipt; see file order/registration and reference inventory
scripts/grm_det1_8_source_auth.py	assignment::PREDECESSOR_SCHEMA	0	ABSENT	35	'grm.det1_7.precollection_source_authorization.v1'	New harness/internal default: not a production adoption receipt; see file order/registration and reference inventory
scripts/grm_det1_8_source_auth.py	assignment::PREDECESSOR_STATUS	0	ABSENT	36	'AUTHORIZED_LIVED_PLANT_REGISTRY_COLLECTION_ONLY'	New harness/internal default: not a production adoption receipt; see file order/registration and reference inventory
scripts/grm_det1_8_source_auth.py	assignment::PRODUCTION_PREDECESSOR_RECORD	0	ABSENT	40	{'path': 'artifacts/grm_det1/run_20260831T160525Z_2/det1_7_precollection_source_authorization_r2.json', 'bytes': 15665, 'sha256': '46d09be52357e9b98b7bc1b97f198e564b2344300afb39808a9ef967385eefbc'}	New harness/internal default: not a production adoption receipt; see file order/registration and reference inventory
scripts/grm_det1_8_source_auth.py	assignment::REGISTRATION	0	ABSENT	23	FROZEN_RUN / 'registration_62cb6c09cbec211d.json'	New harness/internal default: not a production adoption receipt; see file order/registration and reference inventory
scripts/grm_det1_8_source_auth.py	assignment::ROOT	0	ABSENT	20	Path(__file__).resolve().parents[1]	New harness/internal default: not a production adoption receipt; see file order/registration and reference inventory
scripts/grm_det1_8_source_auth.py	assignment::RUNTIME_FRAME	0	ABSENT	24	FROZEN_RUN / 'runtime_frame_28b3196f8fb04a41.json'	New harness/internal default: not a production adoption receipt; see file order/registration and reference inventory
scripts/grm_det1_8_source_auth.py	assignment::SCHEMA	0	ABSENT	33	'grm.det1_8.precollection_source_authorization.v1'	New harness/internal default: not a production adoption receipt; see file order/registration and reference inventory
scripts/grm_det1_8_source_auth.py	assignment::STATUS	0	ABSENT	34	'AUTHORIZED_LIVED_PLANT_REGISTRY_COLLECTION_ONLY'	New harness/internal default: not a production adoption receipt; see file order/registration and reference inventory
scripts/grm_det1_8_source_auth.py	parameter:author_precollection_source_authorization:created_utc	0	ABSENT	550	None	New harness/internal default: not a production adoption receipt; see file order/registration and reference inventory
scripts/grm_det1_8_source_auth.py	parameter:author_precollection_source_authorization:det1_6_amendment_path	0	ABSENT	550	DET1_6_AMENDMENT	New harness/internal default: not a production adoption receipt; see file order/registration and reference inventory
scripts/grm_det1_8_source_auth.py	parameter:author_precollection_source_authorization:expected_predecessor_record	0	ABSENT	550	None	New harness/internal default: not a production adoption receipt; see file order/registration and reference inventory
scripts/grm_det1_8_source_auth.py	parameter:author_precollection_source_authorization:order_path	0	ABSENT	550	ORDER	New harness/internal default: not a production adoption receipt; see file order/registration and reference inventory
scripts/grm_det1_8_source_auth.py	parameter:author_precollection_source_authorization:path	0	ABSENT	550	PRECOLLECTION_AUTHORIZATION	New harness/internal default: not a production adoption receipt; see file order/registration and reference inventory
scripts/grm_det1_8_source_auth.py	parameter:author_precollection_source_authorization:predecessor_authorization_path	0	ABSENT	550	PREDECESSOR_AUTHORIZATION	New harness/internal default: not a production adoption receipt; see file order/registration and reference inventory
scripts/grm_det1_8_source_auth.py	parameter:author_precollection_source_authorization:registration_path	0	ABSENT	550	REGISTRATION	New harness/internal default: not a production adoption receipt; see file order/registration and reference inventory
scripts/grm_det1_8_source_auth.py	parameter:author_precollection_source_authorization:repo_root	0	ABSENT	550	ROOT	New harness/internal default: not a production adoption receipt; see file order/registration and reference inventory
scripts/grm_det1_8_source_auth.py	parameter:author_precollection_source_authorization:runtime_frame_path	0	ABSENT	550	RUNTIME_FRAME	New harness/internal default: not a production adoption receipt; see file order/registration and reference inventory
scripts/grm_det1_8_source_auth.py	parameter:validate_precollection_source_authorization:det1_6_amendment_path	0	ABSENT	493	DET1_6_AMENDMENT	New harness/internal default: not a production adoption receipt; see file order/registration and reference inventory
scripts/grm_det1_8_source_auth.py	parameter:validate_precollection_source_authorization:expected_predecessor_record	0	ABSENT	493	None	New harness/internal default: not a production adoption receipt; see file order/registration and reference inventory
scripts/grm_det1_8_source_auth.py	parameter:validate_precollection_source_authorization:order_path	0	ABSENT	493	ORDER	New harness/internal default: not a production adoption receipt; see file order/registration and reference inventory
scripts/grm_det1_8_source_auth.py	parameter:validate_precollection_source_authorization:path	0	ABSENT	493	PRECOLLECTION_AUTHORIZATION	New harness/internal default: not a production adoption receipt; see file order/registration and reference inventory
scripts/grm_det1_8_source_auth.py	parameter:validate_precollection_source_authorization:predecessor_authorization_path	0	ABSENT	493	PREDECESSOR_AUTHORIZATION	New harness/internal default: not a production adoption receipt; see file order/registration and reference inventory
scripts/grm_det1_8_source_auth.py	parameter:validate_precollection_source_authorization:registration_path	0	ABSENT	493	REGISTRATION	New harness/internal default: not a production adoption receipt; see file order/registration and reference inventory
scripts/grm_det1_8_source_auth.py	parameter:validate_precollection_source_authorization:repo_root	0	ABSENT	493	ROOT	New harness/internal default: not a production adoption receipt; see file order/registration and reference inventory
scripts/grm_det1_8_source_auth.py	parameter:validate_precollection_source_authorization:runtime_frame_path	0	ABSENT	493	RUNTIME_FRAME	New harness/internal default: not a production adoption receipt; see file order/registration and reference inventory
scripts/grm_det1_9_findings.py	assignment::CAMPAIGN_ID	0	ABSENT	44	'r4'	New harness/internal default: not a production adoption receipt; see file order/registration and reference inventory
scripts/grm_det1_9_findings.py	assignment::E2E4_ATTEMPT	0	ABSENT	35	FROZEN_RUN / 'det1_4/campaign/det1_7/plant_registration/shards/e2e-4/attempt_001'	New harness/internal default: not a production adoption receipt; see file order/registration and reference inventory
scripts/grm_det1_9_findings.py	assignment::EVIDENCE_KEYS	0	ABSENT	109	tuple(FindingEvidencePaths.__dataclass_fields__)	New harness/internal default: not a production adoption receipt; see file order/registration and reference inventory
scripts/grm_det1_9_findings.py	assignment::FINDINGS_DIR	0	ABSENT	39	FROZEN_RUN / 'det1_9/findings'	New harness/internal default: not a production adoption receipt; see file order/registration and reference inventory
scripts/grm_det1_9_findings.py	assignment::FROZEN_RUN	0	ABSENT	29	ROOT / 'artifacts/grm_det1/run_20260831T160525Z_2'	New harness/internal default: not a production adoption receipt; see file order/registration and reference inventory
scripts/grm_det1_9_findings.py	assignment::ORDER	0	ABSENT	30	ROOT / 'orders/GRM_DET1_9_SUBSTITUTION_POOL.md'	New harness/internal default: not a production adoption receipt; see file order/registration and reference inventory
scripts/grm_det1_9_findings.py	assignment::ORDER_ID	0	ABSENT	43	'GRM-DET1.9'	New harness/internal default: not a production adoption receipt; see file order/registration and reference inventory
scripts/grm_det1_9_findings.py	assignment::PREDECESSOR_AUTHORIZATION	0	ABSENT	32	FROZEN_RUN / 'det1_8_precollection_source_authorization.json'	New harness/internal default: not a production adoption receipt; see file order/registration and reference inventory
scripts/grm_det1_9_findings.py	assignment::PRODUCTION_EVIDENCE	0	ABSENT	89	FindingEvidencePaths(order=ORDER, base_registration=REGISTRATION, predecessor_authorization=PREDECESSOR_AUTHORIZATION, worker_shard=E2E4_ATTEMPT / 'worker_shard_c83930bfa37df0c2.json', chronological_session=E2E4_ATTEMPT / 'chronological_session_0ffdb3d4be05e9b1.json', observations=E2E4_ATTEMPT / 'observations.jsonl', probe_scorecard=E2E4_ATTEMPT / 'session/probe_scorecard.json', transcript=E2E4_ATTEMPT / 'session/transcript.jsonl', instrumentation=E2E4_ATTEMPT / 'session/instrumentation.jsonl', t30_snapshot_manifest=E2E4_ATTEMPT / 'snapshots/e2e_t30_atlas_tone/rung_00/manifest.json', t33_snapshot_manifest=E2E4_ATTEMPT / 'snapshots/e2e_t33_polaris_mark/rung_00/manifest.json')	New harness/internal default: not a production adoption receipt; see file order/registration and reference inventory
scripts/grm_det1_9_findings.py	assignment::REGISTRATION	0	ABSENT	31	FROZEN_RUN / 'registration_62cb6c09cbec211d.json'	New harness/internal default: not a production adoption receipt; see file order/registration and reference inventory
scripts/grm_det1_9_findings.py	assignment::ROOT	0	ABSENT	28	Path(__file__).resolve().parents[1]	New harness/internal default: not a production adoption receipt; see file order/registration and reference inventory
scripts/grm_det1_9_findings.py	assignment::RUN_ID	0	ABSENT	45	'run_20260831T160525Z_2'	New harness/internal default: not a production adoption receipt; see file order/registration and reference inventory
scripts/grm_det1_9_findings.py	assignment::SCHEMA	0	ABSENT	41	'grm.det1_9.campaign_r4_lived_control_finding.v1'	New harness/internal default: not a production adoption receipt; see file order/registration and reference inventory
scripts/grm_det1_9_findings.py	assignment::STATUS	0	ABSENT	42	'OPEN_POST_RACE_INVESTIGATION'	New harness/internal default: not a production adoption receipt; see file order/registration and reference inventory
scripts/grm_det1_9_findings.py	assignment::T30_ANSWER	0	ABSENT	49	'Cobalt 1 India'	New harness/internal default: not a production adoption receipt; see file order/registration and reference inventory
scripts/grm_det1_9_findings.py	assignment::T30_EXPECTED	0	ABSENT	48	'Cobalt-1-India'	New harness/internal default: not a production adoption receipt; see file order/registration and reference inventory
scripts/grm_det1_9_findings.py	assignment::T30_FINDING_TEXT	0	ABSENT	54	"'OPEN POST-RACE INVESTIGATION ITEM (knife-edge class candidate; do not investigate here): campaign r4 e2e_t30_atlas_tone\'s LIVED served control is incorrect (""Cobalt 1 India"" versus exact ""Cobalt-1-India"") despite rank-1 correctly routed and mounted ([30]/[30]) — a no-co-mount, no-plant lived failure.'"	New harness/internal default: not a production adoption receipt; see file order/registration and reference inventory
scripts/grm_det1_9_findings.py	assignment::T30_FIXTURE	0	ABSENT	46	'e2e_t30_atlas_tone'	New harness/internal default: not a production adoption receipt; see file order/registration and reference inventory
scripts/grm_det1_9_findings.py	assignment::T33_ANSWER	0	ABSENT	51	'I’m sorry, but I don’t have that information.'	New harness/internal default: not a production adoption receipt; see file order/registration and reference inventory
scripts/grm_det1_9_findings.py	assignment::T33_EXPECTED	0	ABSENT	50	'Marble-4-Juliet'	New harness/internal default: not a production adoption receipt; see file order/registration and reference inventory
scripts/grm_det1_9_findings.py	assignment::T33_FINDING_TEXT	0	ABSENT	61	"'Turn 33\'s e2e_t33_polaris_mark row also records probe_pass=false and served a refusal rather than exact ""Marble-4-Juliet""; it is not a lawful substitute.'"	New harness/internal default: not a production adoption receipt; see file order/registration and reference inventory
scripts/grm_det1_9_findings.py	assignment::T33_FIXTURE	0	ABSENT	47	'e2e_t33_polaris_mark'	New harness/internal default: not a production adoption receipt; see file order/registration and reference inventory
scripts/grm_det1_9_findings.py	assignment::UNPLANTABLE_REASON	0	ABSENT	52	'LIVED_SERVED_CONTROL_INCORRECT_OR_REFUSAL'	New harness/internal default: not a production adoption receipt; see file order/registration and reference inventory
scripts/grm_det1_9_findings.py	cli:_parser:'--created-utc'	0	ABSENT	822	default=None	New harness/internal default: not a production adoption receipt; see file order/registration and reference inventory
scripts/grm_det1_9_findings.py	cli:_parser:'--output-dir'	0	ABSENT	827	default=FINDINGS_DIR	New harness/internal default: not a production adoption receipt; see file order/registration and reference inventory
scripts/grm_det1_9_findings.py	cli:_parser:'--validate'	0	ABSENT	833	default=None	New harness/internal default: not a production adoption receipt; see file order/registration and reference inventory
scripts/grm_det1_9_findings.py	parameter:author_finding_receipt:created_utc	0	ABSENT	783	None	New harness/internal default: not a production adoption receipt; see file order/registration and reference inventory
scripts/grm_det1_9_findings.py	parameter:author_finding_receipt:directory	0	ABSENT	783	FINDINGS_DIR	New harness/internal default: not a production adoption receipt; see file order/registration and reference inventory
scripts/grm_det1_9_findings.py	parameter:author_finding_receipt:evidence_paths	0	ABSENT	783	PRODUCTION_EVIDENCE	New harness/internal default: not a production adoption receipt; see file order/registration and reference inventory
scripts/grm_det1_9_findings.py	parameter:author_finding_receipt:repo_root	0	ABSENT	783	ROOT	New harness/internal default: not a production adoption receipt; see file order/registration and reference inventory
scripts/grm_det1_9_findings.py	parameter:build_finding_receipt:evidence_paths	0	ABSENT	659	PRODUCTION_EVIDENCE	New harness/internal default: not a production adoption receipt; see file order/registration and reference inventory
scripts/grm_det1_9_findings.py	parameter:build_finding_receipt:repo_root	0	ABSENT	659	ROOT	New harness/internal default: not a production adoption receipt; see file order/registration and reference inventory
scripts/grm_det1_9_findings.py	parameter:main:argv	0	ABSENT	842	None	New harness/internal default: not a production adoption receipt; see file order/registration and reference inventory
scripts/grm_det1_9_findings.py	parameter:validate_finding_receipt:repo_root	0	ABSENT	704	ROOT	New harness/internal default: not a production adoption receipt; see file order/registration and reference inventory
scripts/grm_det1_9_findings.py	parameter:validate_finding_receipt_file:repo_root	0	ABSENT	802	ROOT	New harness/internal default: not a production adoption receipt; see file order/registration and reference inventory
scripts/grm_det1_9_findings.py	parameter:write_finding_receipt:directory	0	ABSENT	770	FINDINGS_DIR	New harness/internal default: not a production adoption receipt; see file order/registration and reference inventory
scripts/grm_det1_9_findings.py	parameter:write_finding_receipt:repo_root	0	ABSENT	770	ROOT	New harness/internal default: not a production adoption receipt; see file order/registration and reference inventory
scripts/grm_det1_9_source_auth.py	assignment::DET1_6_AMENDMENT	0	ABSENT	26	FROZEN_RUN / 'det1_6_fork_hydration_delta_amendment.json'	New harness/internal default: not a production adoption receipt; see file order/registration and reference inventory
scripts/grm_det1_9_source_auth.py	assignment::FROZEN_RUN	0	ABSENT	22	ROOT / 'artifacts/grm_det1/run_20260831T160525Z_2'	New harness/internal default: not a production adoption receipt; see file order/registration and reference inventory
scripts/grm_det1_9_source_auth.py	assignment::ORDER	0	ABSENT	23	ROOT / 'orders/GRM_DET1_9_SUBSTITUTION_POOL.md'	New harness/internal default: not a production adoption receipt; see file order/registration and reference inventory
scripts/grm_det1_9_source_auth.py	assignment::PRECOLLECTION_AUTHORIZATION	0	ABSENT	30	FROZEN_RUN / 'det1_9_precollection_source_authorization.json'	New harness/internal default: not a production adoption receipt; see file order/registration and reference inventory
scripts/grm_det1_9_source_auth.py	assignment::PREDECESSOR_AUTHORIZATION	0	ABSENT	27	FROZEN_RUN / 'det1_8_precollection_source_authorization.json'	New harness/internal default: not a production adoption receipt; see file order/registration and reference inventory
scripts/grm_det1_9_source_auth.py	assignment::PREDECESSOR_SCHEMA	0	ABSENT	36	'grm.det1_8.precollection_source_authorization.v1'	New harness/internal default: not a production adoption receipt; see file order/registration and reference inventory
scripts/grm_det1_9_source_auth.py	assignment::PREDECESSOR_STATUS	0	ABSENT	37	'AUTHORIZED_LIVED_PLANT_REGISTRY_COLLECTION_ONLY'	New harness/internal default: not a production adoption receipt; see file order/registration and reference inventory
scripts/grm_det1_9_source_auth.py	assignment::PRODUCTION_PREDECESSOR_RECORD	0	ABSENT	41	{'path': 'artifacts/grm_det1/run_20260831T160525Z_2/det1_8_precollection_source_authorization.json', 'bytes': 17727, 'sha256': 'f5f5901a14e759bd14bcdc788e6f36e77eeea7aaec770541b907d2cb7c594edb'}	New harness/internal default: not a production adoption receipt; see file order/registration and reference inventory
scripts/grm_det1_9_source_auth.py	assignment::REGISTRATION	0	ABSENT	24	FROZEN_RUN / 'registration_62cb6c09cbec211d.json'	New harness/internal default: not a production adoption receipt; see file order/registration and reference inventory
scripts/grm_det1_9_source_auth.py	assignment::ROOT	0	ABSENT	21	Path(__file__).resolve().parents[1]	New harness/internal default: not a production adoption receipt; see file order/registration and reference inventory
scripts/grm_det1_9_source_auth.py	assignment::RUNTIME_FRAME	0	ABSENT	25	FROZEN_RUN / 'runtime_frame_28b3196f8fb04a41.json'	New harness/internal default: not a production adoption receipt; see file order/registration and reference inventory
scripts/grm_det1_9_source_auth.py	assignment::SCHEMA	0	ABSENT	34	'grm.det1_9.precollection_source_authorization.v1'	New harness/internal default: not a production adoption receipt; see file order/registration and reference inventory
scripts/grm_det1_9_source_auth.py	assignment::STATUS	0	ABSENT	35	'AUTHORIZED_LIVED_PLANT_REGISTRY_COLLECTION_ONLY'	New harness/internal default: not a production adoption receipt; see file order/registration and reference inventory
scripts/grm_det1_9_source_auth.py	parameter:author_precollection_source_authorization:created_utc	0	ABSENT	595	None	New harness/internal default: not a production adoption receipt; see file order/registration and reference inventory
scripts/grm_det1_9_source_auth.py	parameter:author_precollection_source_authorization:det1_6_amendment_path	0	ABSENT	595	DET1_6_AMENDMENT	New harness/internal default: not a production adoption receipt; see file order/registration and reference inventory
scripts/grm_det1_9_source_auth.py	parameter:author_precollection_source_authorization:expected_predecessor_record	0	ABSENT	595	None	New harness/internal default: not a production adoption receipt; see file order/registration and reference inventory
scripts/grm_det1_9_source_auth.py	parameter:author_precollection_source_authorization:order_path	0	ABSENT	595	ORDER	New harness/internal default: not a production adoption receipt; see file order/registration and reference inventory
scripts/grm_det1_9_source_auth.py	parameter:author_precollection_source_authorization:path	0	ABSENT	595	PRECOLLECTION_AUTHORIZATION	New harness/internal default: not a production adoption receipt; see file order/registration and reference inventory
scripts/grm_det1_9_source_auth.py	parameter:author_precollection_source_authorization:predecessor_authorization_path	0	ABSENT	595	PREDECESSOR_AUTHORIZATION	New harness/internal default: not a production adoption receipt; see file order/registration and reference inventory
scripts/grm_det1_9_source_auth.py	parameter:author_precollection_source_authorization:registration_path	0	ABSENT	595	REGISTRATION	New harness/internal default: not a production adoption receipt; see file order/registration and reference inventory
scripts/grm_det1_9_source_auth.py	parameter:author_precollection_source_authorization:repo_root	0	ABSENT	595	ROOT	New harness/internal default: not a production adoption receipt; see file order/registration and reference inventory
scripts/grm_det1_9_source_auth.py	parameter:author_precollection_source_authorization:runtime_frame_path	0	ABSENT	595	RUNTIME_FRAME	New harness/internal default: not a production adoption receipt; see file order/registration and reference inventory
scripts/grm_det1_9_source_auth.py	parameter:validate_precollection_source_authorization:det1_6_amendment_path	0	ABSENT	537	DET1_6_AMENDMENT	New harness/internal default: not a production adoption receipt; see file order/registration and reference inventory
scripts/grm_det1_9_source_auth.py	parameter:validate_precollection_source_authorization:expected_predecessor_record	0	ABSENT	537	None	New harness/internal default: not a production adoption receipt; see file order/registration and reference inventory
scripts/grm_det1_9_source_auth.py	parameter:validate_precollection_source_authorization:order_path	0	ABSENT	537	ORDER	New harness/internal default: not a production adoption receipt; see file order/registration and reference inventory
scripts/grm_det1_9_source_auth.py	parameter:validate_precollection_source_authorization:path	0	ABSENT	537	PRECOLLECTION_AUTHORIZATION	New harness/internal default: not a production adoption receipt; see file order/registration and reference inventory
scripts/grm_det1_9_source_auth.py	parameter:validate_precollection_source_authorization:predecessor_authorization_path	0	ABSENT	537	PREDECESSOR_AUTHORIZATION	New harness/internal default: not a production adoption receipt; see file order/registration and reference inventory
scripts/grm_det1_9_source_auth.py	parameter:validate_precollection_source_authorization:registration_path	0	ABSENT	537	REGISTRATION	New harness/internal default: not a production adoption receipt; see file order/registration and reference inventory
scripts/grm_det1_9_source_auth.py	parameter:validate_precollection_source_authorization:repo_root	0	ABSENT	537	ROOT	New harness/internal default: not a production adoption receipt; see file order/registration and reference inventory
scripts/grm_det1_9_source_auth.py	parameter:validate_precollection_source_authorization:runtime_frame_path	0	ABSENT	537	RUNTIME_FRAME	New harness/internal default: not a production adoption receipt; see file order/registration and reference inventory
scripts/grm_det1_analyze.py	assignment::ROOT	0	ABSENT	13	Path(__file__).resolve().parents[1]	New harness/internal default: not a production adoption receipt; see file order/registration and reference inventory
scripts/grm_det1_analyze.py	cli:parse_args:'--run-dir'	0	ABSENT	657	implicit argparse default None	New harness/internal default: not a production adoption receipt; see file order/registration and reference inventory
scripts/grm_det1_analyze.py	cli:parse_args:'command'	0	ABSENT	656	choices=('fit', 'report', 'selftest')	New harness/internal default: not a production adoption receipt; see file order/registration and reference inventory
scripts/grm_det1_analyze.py	parameter:main:argv	0	ABSENT	661	None	New harness/internal default: not a production adoption receipt; see file order/registration and reference inventory
scripts/grm_det1_analyze.py	parameter:parse_args:argv	0	ABSENT	654	None	New harness/internal default: not a production adoption receipt; see file order/registration and reference inventory
scripts/grm_det1_baseline_registry.py	assignment::CROSS_MODEL_SUP_COMPARATOR	0	ABSENT	30	{'schema': 'grm.registered_baseline_comparator.v1', 'kind': 'cross_model_det_fixture_accept_reject_ordered_physical_identity_v1', 'answer': 'det1_fixture_expected_present_and_rejected_absent_case_insensitive_whole_value', 'mounts': 'ordered_fixture_physical_ids_and_nodes'}	New harness/internal default: not a production adoption receipt; see file order/registration and reference inventory
scripts/grm_det1_baseline_registry.py	assignment::DEFAULT_REGISTRY	0	ABSENT	22	ROOT / 'config' / 'grm_live_registered_baselines.json'	New harness/internal default: not a production adoption receipt; see file order/registration and reference inventory
scripts/grm_det1_baseline_registry.py	assignment::EXACT_COMPARATOR	0	ABSENT	24	{'schema': 'grm.registered_baseline_comparator.v1', 'kind': 'same_model_exact_answer_bytes_ordered_mount_ids_v1', 'answer': 'exact_bytes', 'mounts': 'ordered_authoritative_final_physical_ids'}	New harness/internal default: not a production adoption receipt; see file order/registration and reference inventory
scripts/grm_det1_baseline_registry.py	assignment::REGISTRY_ENV	0	ABSENT	23	'GRM_REGISTERED_BASELINE_REGISTRY'	New harness/internal default: not a production adoption receipt; see file order/registration and reference inventory
scripts/grm_det1_baseline_registry.py	assignment::ROOT	0	ABSENT	21	Path(__file__).resolve().parents[1]	New harness/internal default: not a production adoption receipt; see file order/registration and reference inventory
scripts/grm_det1_baseline_registry.py	parameter:compare_served_to_live_registry:registry_path_override	0	ABSENT	631	None	New harness/internal default: not a production adoption receipt; see file order/registration and reference inventory
scripts/grm_det1_baseline_registry.py	parameter:load_live_registry:explicit	0	ABSENT	92	None	New harness/internal default: not a production adoption receipt; see file order/registration and reference inventory
scripts/grm_det1_baseline_registry.py	parameter:registered_projection:previous_registration_id	0	ABSENT	498	None	New harness/internal default: not a production adoption receipt; see file order/registration and reference inventory
scripts/grm_det1_baseline_registry.py	parameter:registry_path:explicit	0	ABSENT	81	None	New harness/internal default: not a production adoption receipt; see file order/registration and reference inventory
scripts/grm_det1_common.py	assignment::ACHIEVED_EVAL_PAIR_FLOOR	0	ABSENT	42	8	New harness/internal default: not a production adoption receipt; see file order/registration and reference inventory
scripts/grm_det1_common.py	assignment::ARTIFACT_ROOT	0	ABSENT	26	ROOT / 'artifacts' / 'grm_det1'	New harness/internal default: not a production adoption receipt; see file order/registration and reference inventory
scripts/grm_det1_common.py	assignment::CALIBRATION_IDS	0	ABSENT	43	('e2e_t09_cypher_bridge', 'e2e_t16_lyra_dock')	New harness/internal default: not a production adoption receipt; see file order/registration and reference inventory
scripts/grm_det1_common.py	assignment::DETECTORS	0	ABSENT	28	('D-LQR', 'D-NGH', 'D-ENT', 'D-VERB')	New harness/internal default: not a production adoption receipt; see file order/registration and reference inventory
scripts/grm_det1_common.py	assignment::EVAL_E2E_IDS	0	ABSENT	44	('e2e_t05_orion_pin', 'e2e_t13_orion_pin', 'e2e_t19_nova_key', 'e2e_t22_mira_seal', 'e2e_t24_terra_port', 'e2e_t26_ember_code', 'e2e_t30_atlas_tone')	New harness/internal default: not a production adoption receipt; see file order/registration and reference inventory
scripts/grm_det1_common.py	assignment::MECHANISTIC	0	ABSENT	29	('D-LQR', 'D-NGH', 'D-ENT')	New harness/internal default: not a production adoption receipt; see file order/registration and reference inventory
scripts/grm_det1_common.py	assignment::ORDER_PATH	0	ABSENT	25	ROOT / 'orders' / 'GRM_DET1_DEMAND_DETECTOR_RACE.md'	New harness/internal default: not a production adoption receipt; see file order/registration and reference inventory
scripts/grm_det1_common.py	assignment::REGISTERED_CALIBRATION_PAIR_COUNT	0	ABSENT	40	2	New harness/internal default: not a production adoption receipt; see file order/registration and reference inventory
scripts/grm_det1_common.py	assignment::REGISTERED_EVAL_PAIR_COUNT	0	ABSENT	39	12	New harness/internal default: not a production adoption receipt; see file order/registration and reference inventory
scripts/grm_det1_common.py	assignment::REGISTERED_FIXTURE_COUNT	0	ABSENT	41	14	New harness/internal default: not a production adoption receipt; see file order/registration and reference inventory
scripts/grm_det1_common.py	assignment::ROOT	0	ABSENT	24	Path(__file__).resolve().parents[1]	New harness/internal default: not a production adoption receipt; see file order/registration and reference inventory
scripts/grm_det1_common.py	assignment::VALUE_SEPARATOR_PATTERN	0	ABSENT	191	'[-\\s]+'	New harness/internal default: not a production adoption receipt; see file order/registration and reference inventory
scripts/grm_det1_common.py	assignment::VERBAL_QUESTION	0	ABSENT	27	'Do you have the information needed to answer? YES/NO'	New harness/internal default: not a production adoption receipt; see file order/registration and reference inventory
scripts/grm_det1_common.py	assignment::_VALUE_SEPARATOR_RUN	0	ABSENT	192	re.compile(VALUE_SEPARATOR_PATTERN)	New harness/internal default: not a production adoption receipt; see file order/registration and reference inventory
scripts/grm_det1_common.py	parameter:DetectorObserver.__enter__.forward_wrapper:last_only	0	ABSENT	644	True	New harness/internal default: not a production adoption receipt; see file order/registration and reference inventory
scripts/grm_det1_common.py	parameter:DetectorObserver.__enter__.sink_wrapper:attention_mask	0	ABSENT	610	None	New harness/internal default: not a production adoption receipt; see file order/registration and reference inventory
scripts/grm_det1_common.py	parameter:DetectorObserver.__enter__.sink_wrapper:num_heads_per_kv	0	ABSENT	610	1	New harness/internal default: not a production adoption receipt; see file order/registration and reference inventory
scripts/grm_det1_common.py	parameter:DetectorObserver.__enter__.sliding_wrapper:allowed_mask	0	ABSENT	627	None	New harness/internal default: not a production adoption receipt; see file order/registration and reference inventory
scripts/grm_det1_common.py	parameter:DetectorObserver.__enter__.sliding_wrapper:attn_block	0	ABSENT	627	128	New harness/internal default: not a production adoption receipt; see file order/registration and reference inventory
scripts/grm_det1_common.py	parameter:DetectorObserver.__enter__.sliding_wrapper:num_heads_per_kv	0	ABSENT	627	1	New harness/internal default: not a production adoption receipt; see file order/registration and reference inventory
scripts/grm_det1_common.py	parameter:_finite:where	0	ABSENT	71	'root'	New harness/internal default: not a production adoption receipt; see file order/registration and reference inventory
scripts/grm_det1_common.py	parameter:file_record:root	0	ABSENT	166	ROOT	New harness/internal default: not a production adoption receipt; see file order/registration and reference inventory
scripts/grm_det1_e2e.py	assignment::ROOT	0	ABSENT	22	Path(__file__).resolve().parents[1]	New harness/internal default: not a production adoption receipt; see file order/registration and reference inventory
scripts/grm_det1_e2e.py	assignment:selftest:os.environ['GRM_DET1_FORK_FROM_SNAPSHOT_REQUIRED']	0	ABSENT	995	prior_fork_required	New harness/internal default: not a production adoption receipt; see file order/registration and reference inventory
scripts/grm_det1_e2e.py	env:_mechanistic_counterfactual:'GRM_DET1_FORK_FROM_SNAPSHOT_REQUIRED'	0	ABSENT	386	os.environ.get('GRM_DET1_FORK_FROM_SNAPSHOT_REQUIRED')	New harness/internal default: not a production adoption receipt; see file order/registration and reference inventory
scripts/grm_det1_e2e.py	env:main:'GRM_DET1_ENABLED'	0	ABSENT	1014	os.environ.get('GRM_DET1_ENABLED')	New harness/internal default: not a production adoption receipt; see file order/registration and reference inventory
scripts/grm_det1_e2e.py	env:main:'GRM_DET1_REGISTRATION'	0	ABSENT	1017	os.environ.get('GRM_DET1_REGISTRATION')	New harness/internal default: not a production adoption receipt; see file order/registration and reference inventory
scripts/grm_det1_e2e.py	env:main:'GRM_DET1_ROWS'	0	ABSENT	1019	os.environ.get('GRM_DET1_ROWS')	New harness/internal default: not a production adoption receipt; see file order/registration and reference inventory
scripts/grm_det1_e2e.py	env:main:'GRM_DET1_RUNTIME_FRAME'	0	ABSENT	1018	os.environ.get('GRM_DET1_RUNTIME_FRAME')	New harness/internal default: not a production adoption receipt; see file order/registration and reference inventory
scripts/grm_det1_e2e.py	env:main:'GRM_DET1_STAGE'	0	ABSENT	1020	os.environ.get('GRM_DET1_STAGE')	New harness/internal default: not a production adoption receipt; see file order/registration and reference inventory
scripts/grm_det1_e2e.py	env:main:'GRM_DET1_STOP_AFTER_TURNS'	0	ABSENT	1025	os.environ.get('GRM_DET1_STOP_AFTER_TURNS', '')	New harness/internal default: not a production adoption receipt; see file order/registration and reference inventory
scripts/grm_det1_e2e.py	env:selftest:'GRM_DET1_FORK_FROM_SNAPSHOT_REQUIRED'	0	ABSENT	993	os.environ.pop('GRM_DET1_FORK_FROM_SNAPSHOT_REQUIRED', None)	New harness/internal default: not a production adoption receipt; see file order/registration and reference inventory
scripts/grm_det1_e2e.py	parameter:_LadderObserver.__init__:active_detectors	0	ABSENT	249	MECHANISTIC	New harness/internal default: not a production adoption receipt; see file order/registration and reference inventory
scripts/grm_det1_e2e.py	parameter:_LadderObserver.__init__:ngh_schedule	0	ABSENT	249	'legacy_inline'	New harness/internal default: not a production adoption receipt; see file order/registration and reference inventory
scripts/grm_det1_e2e.py	parameter:_PredictionObserver.__enter__.wrapped:last_only	0	ABSENT	224	True	New harness/internal default: not a production adoption receipt; see file order/registration and reference inventory
scripts/grm_det1_e2e.py	parameter:_mechanistic_counterfactual:active_detectors	0	ABSENT	368	None	New harness/internal default: not a production adoption receipt; see file order/registration and reference inventory
scripts/grm_det1_e2e.py	parameter:_mechanistic_counterfactual:ngh_schedule	0	ABSENT	368	'legacy_inline'	New harness/internal default: not a production adoption receipt; see file order/registration and reference inventory
scripts/grm_det1_e2e.py	parameter:_mechanistic_counterfactual:observer_shell	0	ABSENT	368	False	New harness/internal default: not a production adoption receipt; see file order/registration and reference inventory
scripts/grm_det1_e2e.py	parameter:install_patch.wrapped:defer_memory	0	ABSENT	873	False	New harness/internal default: not a production adoption receipt; see file order/registration and reference inventory
scripts/grm_det1_e2e.py	parameter:install_patch.wrapped:max_trips	0	ABSENT	873	1	New harness/internal default: not a production adoption receipt; see file order/registration and reference inventory
scripts/grm_det1_e2e.py	parameter:install_patch.wrapped:probe_ladder	0	ABSENT	873	True	New harness/internal default: not a production adoption receipt; see file order/registration and reference inventory
scripts/grm_det1_e2e.py	parameter:install_patch.wrapped:turn_idx	0	ABSENT	873	None	New harness/internal default: not a production adoption receipt; see file order/registration and reference inventory
scripts/grm_det1_e2e.py	parameter:install_patch:registration_path	0	ABSENT	848	None	New harness/internal default: not a production adoption receipt; see file order/registration and reference inventory
scripts/grm_det1_e2e.py	parameter:install_patch:rows_path	0	ABSENT	848	None	New harness/internal default: not a production adoption receipt; see file order/registration and reference inventory
scripts/grm_det1_e2e.py	parameter:install_patch:runtime_frame_path	0	ABSENT	848	None	New harness/internal default: not a production adoption receipt; see file order/registration and reference inventory
scripts/grm_det1_e2e.py	parameter:install_patch:stage	0	ABSENT	848	None	New harness/internal default: not a production adoption receipt; see file order/registration and reference inventory
scripts/grm_det1_e2e.py	parameter:main:argv	0	ABSENT	1007	None	New harness/internal default: not a production adoption receipt; see file order/registration and reference inventory
scripts/grm_det1_gpu.py	assignment::ANALYZE	0	ABSENT	60	ROOT / 'scripts' / 'grm_det1_analyze.py'	New harness/internal default: not a production adoption receipt; see file order/registration and reference inventory
scripts/grm_det1_gpu.py	assignment::DEFAULT_LEASE_SECONDS	0	ABSENT	56	580	New harness/internal default: not a production adoption receipt; see file order/registration and reference inventory
scripts/grm_det1_gpu.py	assignment::DET1_1_ADDED_SOURCES	0	ABSENT	69	frozenset(('scripts/grm_det1_baseline_registry.py',))	New harness/internal default: not a production adoption receipt; see file order/registration and reference inventory
scripts/grm_det1_gpu.py	assignment::DET1_1_AMENDED_SOURCES	0	ABSENT	72	frozenset(('scripts/grm_det1_analyze.py', 'scripts/grm_det1_e2e.py', 'scripts/grm_det1_gpu.py'))	New harness/internal default: not a production adoption receipt; see file order/registration and reference inventory
scripts/grm_det1_gpu.py	assignment::DET1_1_ORDER	0	ABSENT	67	ROOT / 'orders' / 'GRM_DET1_1_FRAME_REANCHOR.md'	New harness/internal default: not a production adoption receipt; see file order/registration and reference inventory
scripts/grm_det1_gpu.py	assignment::E2E	0	ABSENT	58	ROOT / 'scripts' / 'grm_e2e_session.py'	New harness/internal default: not a production adoption receipt; see file order/registration and reference inventory
scripts/grm_det1_gpu.py	assignment::E2E_SEGMENTS	0	ABSENT	90	{'calibration': {'detector_stage': 'calibration', 'resume': False, 'stop_after_turns': 17, 'expected_rows': 2, 'marker': 'e2e_stage_complete.json'}, 'eval_e2e_1': {'detector_stage': 'eval', 'resume': False, 'stop_after_turns': 10, 'expected_rows': 2, 'marker': 'e2e_segment_1_complete.json'}, 'eval_e2e_2': {'detector_stage': 'eval', 'resume': True, 'stop_after_turns': 17, 'expected_rows': 4, 'marker': 'e2e_segment_2_complete.json'}, 'eval_e2e_3': {'detector_stage': 'eval', 'resume': True, 'stop_after_turns': 25, 'expected_rows': 10, 'marker': 'e2e_segment_3_complete.json'}, 'eval_e2e_4': {'detector_stage': 'eval', 'resume': True, 'stop_after_turns': 31, 'expected_rows': 14, 'marker': 'e2e_segment_4_complete.json'}}	New harness/internal default: not a production adoption receipt; see file order/registration and reference inventory
scripts/grm_det1_gpu.py	assignment::GAP_SECONDS	0	ABSENT	57	30	New harness/internal default: not a production adoption receipt; see file order/registration and reference inventory
scripts/grm_det1_gpu.py	assignment::LOCK_PATH	0	ABSENT	54	Path('/tmp/forge-gpu.lock')	New harness/internal default: not a production adoption receipt; see file order/registration and reference inventory
scripts/grm_det1_gpu.py	assignment::MAX_LEASE_SECONDS	0	ABSENT	55	590	New harness/internal default: not a production adoption receipt; see file order/registration and reference inventory
scripts/grm_det1_gpu.py	assignment::MODEL_DIR	0	ABSENT	62	Path(f'/home/vader/.cache/huggingface/hub/models--openai--gpt-oss-20b/snapshots/{MODEL_REVISION}')	New harness/internal default: not a production adoption receipt; see file order/registration and reference inventory
scripts/grm_det1_gpu.py	assignment::MODEL_REVISION	0	ABSENT	61	'6cee5e81ee83917806bbde320786a8fb61efebee'	New harness/internal default: not a production adoption receipt; see file order/registration and reference inventory
scripts/grm_det1_gpu.py	assignment::NATIVE_LIB	0	ABSENT	66	ROOT / 'cpp' / 'build' / 'libgrm_runtime.so'	New harness/internal default: not a production adoption receipt; see file order/registration and reference inventory
scripts/grm_det1_gpu.py	assignment::ROOT	0	ABSENT	30	Path(__file__).resolve().parents[1]	New harness/internal default: not a production adoption receipt; see file order/registration and reference inventory
scripts/grm_det1_gpu.py	assignment::SOURCE_AMENDMENT_NAME	0	ABSENT	68	'det1_1_source_amendment.json'	New harness/internal default: not a production adoption receipt; see file order/registration and reference inventory
scripts/grm_det1_gpu.py	assignment::STAGE_ORDER	0	ABSENT	77	('g1_baseline', 'g1_off', 'calibration', 'eval_e2e_1', 'eval_e2e_2', 'eval_e2e_3', 'eval_e2e_4', 'eval_sup_1', 'eval_sup_2', 'eval_sup_3', 'eval_sup_4')	New harness/internal default: not a production adoption receipt; see file order/registration and reference inventory
scripts/grm_det1_gpu.py	assignment::WRAPPER	0	ABSENT	59	ROOT / 'scripts' / 'grm_det1_e2e.py'	New harness/internal default: not a production adoption receipt; see file order/registration and reference inventory
scripts/grm_det1_gpu.py	assignment:_validate_visibility:os.environ['CUDA_VISIBLE_DEVICES']	0	ABSENT	194	visible	New harness/internal default: not a production adoption receipt; see file order/registration and reference inventory
scripts/grm_det1_gpu.py	cli:parse_args:'--child-stage'	0	ABSENT	1608	choices=STAGE_ORDER	New harness/internal default: not a production adoption receipt; see file order/registration and reference inventory
scripts/grm_det1_gpu.py	cli:parse_args:'--lease-seconds'	0	ABSENT	1609	default=DEFAULT_LEASE_SECONDS	New harness/internal default: not a production adoption receipt; see file order/registration and reference inventory
scripts/grm_det1_gpu.py	cli:parse_args:'--lock-wait-seconds'	0	ABSENT	1610	default=7200	New harness/internal default: not a production adoption receipt; see file order/registration and reference inventory
scripts/grm_det1_gpu.py	cli:parse_args:'--run-dir'	0	ABSENT	1606	implicit argparse default None	New harness/internal default: not a production adoption receipt; see file order/registration and reference inventory
scripts/grm_det1_gpu.py	cli:parse_args:'--selftest'	0	ABSENT	1611	action='store_true'	New harness/internal default: not a production adoption receipt; see file order/registration and reference inventory
scripts/grm_det1_gpu.py	cli:parse_args:'--stage'	0	ABSENT	1607	choices=('all', *STAGE_ORDER); default='all'	New harness/internal default: not a production adoption receipt; see file order/registration and reference inventory
scripts/grm_det1_gpu.py	env:_base_env:'PYTHONPATH'	0	ABSENT	493	env.get('PYTHONPATH', '')	New harness/internal default: not a production adoption receipt; see file order/registration and reference inventory
scripts/grm_det1_gpu.py	env:_resolve_runtime_frame:key	0	ABSENT	393	os.environ.get(key, '')	New harness/internal default: not a production adoption receipt; see file order/registration and reference inventory
scripts/grm_det1_gpu.py	env:_validate_visibility:'CUDA_VISIBLE_DEVICES'	0	ABSENT	191	os.environ.get('CUDA_VISIBLE_DEVICES', '0')	New harness/internal default: not a production adoption receipt; see file order/registration and reference inventory
scripts/grm_det1_gpu.py	env:child_stage:_runtime_env(read_json(runtime_frame_path))	0	ABSENT	1127	os.environ.update(_runtime_env(read_json(runtime_frame_path)))	New harness/internal default: not a production adoption receipt; see file order/registration and reference inventory
scripts/grm_det1_gpu.py	parameter:_live_baseline_anchor:runtime_frame	0	ABSENT	517	None	New harness/internal default: not a production adoption receipt; see file order/registration and reference inventory
scripts/grm_det1_gpu.py	parameter:_receipt_context:actual_flag_overrides	0	ABSENT	540	None	New harness/internal default: not a production adoption receipt; see file order/registration and reference inventory
scripts/grm_det1_gpu.py	parameter:_write_resume_receipt:baseline_anchor	0	ABSENT	1344	None	New harness/internal default: not a production adoption receipt; see file order/registration and reference inventory
scripts/grm_det1_gpu.py	parameter:_write_resume_receipt:error	0	ABSENT	1344	None	New harness/internal default: not a production adoption receipt; see file order/registration and reference inventory
scripts/grm_det1_gpu.py	parameter:main:argv	0	ABSENT	1615	None	New harness/internal default: not a production adoption receipt; see file order/registration and reference inventory
scripts/grm_det1_gpu.py	parameter:parse_args:argv	0	ABSENT	1604	None	New harness/internal default: not a production adoption receipt; see file order/registration and reference inventory
scripts/grm_det1_register.py	assignment::CERTIFIED_SESSION	0	ABSENT	34	ROOT / 'artifacts' / 'grm_adm1' / 'adm1_3_prod_run_20260830T161236Z_3eaccb' / 'e2e' / 'session'	New harness/internal default: not a production adoption receipt; see file order/registration and reference inventory
scripts/grm_det1_register.py	assignment::E2E_TURNS	0	ABSENT	47	{5: 'e2e_t05_orion_pin', 9: 'e2e_t09_cypher_bridge', 13: 'e2e_t13_orion_pin', 16: 'e2e_t16_lyra_dock', 19: 'e2e_t19_nova_key', 22: 'e2e_t22_mira_seal', 24: 'e2e_t24_terra_port', 26: 'e2e_t26_ember_code', 30: 'e2e_t30_atlas_tone'}	New harness/internal default: not a production adoption receipt; see file order/registration and reference inventory
scripts/grm_det1_register.py	assignment::MODEL_DIR	0	ABSENT	41	Path(f'/home/vader/.cache/huggingface/hub/models--openai--gpt-oss-20b/snapshots/{MODEL_REVISION}')	New harness/internal default: not a production adoption receipt; see file order/registration and reference inventory
scripts/grm_det1_register.py	assignment::MODEL_REVISION	0	ABSENT	40	'6cee5e81ee83917806bbde320786a8fb61efebee'	New harness/internal default: not a production adoption receipt; see file order/registration and reference inventory
scripts/grm_det1_register.py	assignment::NATIVE_LIB	0	ABSENT	45	ROOT / 'cpp' / 'build' / 'libgrm_runtime.so'	New harness/internal default: not a production adoption receipt; see file order/registration and reference inventory
scripts/grm_det1_register.py	assignment::ROOT	0	ABSENT	15	Path(__file__).resolve().parents[1]	New harness/internal default: not a production adoption receipt; see file order/registration and reference inventory
scripts/grm_det1_register.py	assignment::SUP_FIXTURE_DIR	0	ABSENT	39	ROOT / 'tests' / 'fixtures' / 'supersession_battery'	New harness/internal default: not a production adoption receipt; see file order/registration and reference inventory
scripts/grm_det1_register.py	assignment::TENSOR_CUDA_ROOT	0	ABSENT	46	Path('/mnt/ForgeRealm/Project-Tensor/tensor_cuda/tensor_cuda')	New harness/internal default: not a production adoption receipt; see file order/registration and reference inventory
scripts/grm_det1_register.py	cli:parse_args:'--artifact-root'	0	ABSENT	310	default=ARTIFACT_ROOT	New harness/internal default: not a production adoption receipt; see file order/registration and reference inventory
scripts/grm_det1_register.py	cli:parse_args:'--run-dir'	0	ABSENT	311	default=None	New harness/internal default: not a production adoption receipt; see file order/registration and reference inventory
scripts/grm_det1_register.py	cli:parse_args:'--selftest'	0	ABSENT	312	action='store_true'	New harness/internal default: not a production adoption receipt; see file order/registration and reference inventory
scripts/grm_det1_register.py	parameter:main:argv	0	ABSENT	316	None	New harness/internal default: not a production adoption receipt; see file order/registration and reference inventory
scripts/grm_det1_register.py	parameter:parse_args:argv	0	ABSENT	308	None	New harness/internal default: not a production adoption receipt; see file order/registration and reference inventory
scripts/grm_e2e_session.py	assignment::LSR_FIXES_ENV	0	ABSENT	630	'GRM_LSR_FIXES'	New harness/internal default: not a production adoption receipt; see file order/registration and reference inventory
scripts/grm_e2e_session.py	assignment::_LSR_ENV_FALSE	0	ABSENT	631	frozenset(('0', 'false', 'no', 'off'))	New harness/internal default: not a production adoption receipt; see file order/registration and reference inventory
scripts/grm_e2e_session.py	cli:parse_args:'--adm-decisive'	0	ABSENT	317	action=argparse.BooleanOptionalAction; default=None	New harness/internal default: not a production adoption receipt; see file order/registration and reference inventory
scripts/grm_e2e_session.py	cli:parse_args:'--sup-resolve'	0	ABSENT	307	action=argparse.BooleanOptionalAction; default=None	New harness/internal default: not a production adoption receipt; see file order/registration and reference inventory
scripts/grm_e2e_session.py	env:lsr_fixes_enabled:LSR_FIXES_ENV	0	ABSENT	642	os.environ.get(LSR_FIXES_ENV, '')	New harness/internal default: not a production adoption receipt; see file order/registration and reference inventory
scripts/grm_e2e_session.py	env:main:'GRM_ADM_DECISIVE'	0	ABSENT	3222	os.environ.get('GRM_ADM_DECISIVE', '')	New harness/internal default: not a production adoption receipt; see file order/registration and reference inventory
scripts/grm_e2e_session.py	env:main:'GRM_SUP_RESOLVE'	0	ABSENT	3221	os.environ.get('GRM_SUP_RESOLVE', '')	New harness/internal default: not a production adoption receipt; see file order/registration and reference inventory
scripts/grm_e2e_session.py	parameter:_probe_ladder_chat._demand_trip:rows	0	ABSENT	1628	None	New harness/internal default: not a production adoption receipt; see file order/registration and reference inventory
scripts/grm_e2e_session.py	parameter:_probe_ladder_chat:demand_early_abort	0	ABSENT	1155	None	New harness/internal default: not a production adoption receipt; see file order/registration and reference inventory
scripts/grm_e2e_session.py	parameter:_probe_ladder_chat:demand_ngh	0	ABSENT	1155	None	New harness/internal default: not a production adoption receipt; see file order/registration and reference inventory
scripts/grm_e2e_session.py	parameter:_probe_ladder_chat:lsr_fixes	0	ABSENT	1155	None	New harness/internal default: not a production adoption receipt; see file order/registration and reference inventory
scripts/grm_e2e_session.py	parameter:lsr_fixes_enabled:explicit	0	ABSENT	634	None	New harness/internal default: not a production adoption receipt; see file order/registration and reference inventory
scripts/grm_e2e_session.py	parameter:run_pass3_memory_management:route_receipt	0	ABSENT	2426	None	New harness/internal default: not a production adoption receipt; see file order/registration and reference inventory
scripts/grm_eb1_longhorizon_gpu.py	assignment::ANCHOR_FAMILIES	0	ABSENT	101	('beacon ward', 'tessera lock', 'verdant key', 'obsidian tag', 'lantern seal', 'cascade mark', 'granite pin', 'meridian bolt')	New harness/internal default: not a production adoption receipt; see file order/registration and reference inventory
scripts/grm_eb1_longhorizon_gpu.py	assignment::ANCHOR_STRIDE	0	ABSENT	108	2	New harness/internal default: not a production adoption receipt; see file order/registration and reference inventory
scripts/grm_eb1_longhorizon_gpu.py	assignment::ARTIFACT_DIR	0	ABSENT	67	ROOT / 'artifacts' / 'grm_eb1'	New harness/internal default: not a production adoption receipt; see file order/registration and reference inventory
scripts/grm_eb1_longhorizon_gpu.py	assignment::FAMILIES	0	ABSENT	81	('orion pin', 'lyra dock', 'cypher bridge', 'nova key', 'mira seal', 'terra port', 'ember code', 'atlas tone', 'polaris mark')	New harness/internal default: not a production adoption receipt; see file order/registration and reference inventory
scripts/grm_eb1_longhorizon_gpu.py	assignment::GENERATOR_SEED	0	ABSENT	76	20260903	New harness/internal default: not a production adoption receipt; see file order/registration and reference inventory
scripts/grm_eb1_longhorizon_gpu.py	assignment::LEASE_SECONDS	0	ABSENT	69	580	New harness/internal default: not a production adoption receipt; see file order/registration and reference inventory
scripts/grm_eb1_longhorizon_gpu.py	assignment::LOCK_WAIT_SECONDS	0	ABSENT	70	7200	New harness/internal default: not a production adoption receipt; see file order/registration and reference inventory
scripts/grm_eb1_longhorizon_gpu.py	assignment::MIN_DISTANCE	0	ABSENT	75	30	New harness/internal default: not a production adoption receipt; see file order/registration and reference inventory
scripts/grm_eb1_longhorizon_gpu.py	assignment::PHONETIC	0	ABSENT	116	('Alpha', 'Bravo', 'Charlie', 'Delta', 'Echo', 'Foxtrot', 'Golf', 'Hotel', 'India', 'Juliet', 'Kilo', 'Lima', 'Mike', 'November', 'Oscar', 'Papa', 'Quebec', 'Romeo', 'Sierra', 'Tango')	New harness/internal default: not a production adoption receipt; see file order/registration and reference inventory
scripts/grm_eb1_longhorizon_gpu.py	assignment::PROBE_EVERY	0	ABSENT	74	10	New harness/internal default: not a production adoption receipt; see file order/registration and reference inventory
scripts/grm_eb1_longhorizon_gpu.py	assignment::ROOT	0	ABSENT	52	Path(__file__).resolve().parents[1]	New harness/internal default: not a production adoption receipt; see file order/registration and reference inventory
scripts/grm_eb1_longhorizon_gpu.py	assignment::SCHEMA_PREFIX	0	ABSENT	68	'grm.eb1'	New harness/internal default: not a production adoption receipt; see file order/registration and reference inventory
scripts/grm_eb1_longhorizon_gpu.py	assignment::SHARDS	0	ABSENT	129	('lh-1', 'lh-2', 'lh-3', 'lh-4', 'lh-5')	New harness/internal default: not a production adoption receipt; see file order/registration and reference inventory
scripts/grm_eb1_longhorizon_gpu.py	assignment::SHARD_STOPS	0	ABSENT	130	{'lh-1': 34, 'lh-2': 52, 'lh-3': 71, 'lh-4': 91, 'lh-5': 104}	New harness/internal default: not a production adoption receipt; see file order/registration and reference inventory
scripts/grm_eb1_longhorizon_gpu.py	assignment::TARGET_TURNS	0	ABSENT	73	104	New harness/internal default: not a production adoption receipt; see file order/registration and reference inventory
scripts/grm_eb1_longhorizon_gpu.py	assignment::WORDS	0	ABSENT	111	('Auric', 'Nadir', 'Vortex', 'Quartz', 'Silver', 'Harbor', 'Violet', 'Cobalt', 'Marble', 'Kestrel', 'Zenith', 'Gold', 'Amber', 'Cinder', 'Onyx', 'Pewter', 'Russet', 'Saffron', 'Teal', 'Umber')	New harness/internal default: not a production adoption receipt; see file order/registration and reference inventory
scripts/grm_eb1_longhorizon_gpu.py	assignment::_CENSUS_BUILDER	0	ABSENT	145	None	New harness/internal default: not a production adoption receipt; see file order/registration and reference inventory
scripts/grm_eb1_longhorizon_gpu.py	assignment:_bind_census_builder:_CENSUS_BUILDER	0	ABSENT	152	e2e.build_full_script	New harness/internal default: not a production adoption receipt; see file order/registration and reference inventory
scripts/grm_eb1_longhorizon_gpu.py	cli:parse_args:'--lease-seconds'	0	ABSENT	445	default=LEASE_SECONDS	New harness/internal default: not a production adoption receipt; see file order/registration and reference inventory
scripts/grm_eb1_longhorizon_gpu.py	cli:parse_args:'--lock-wait-seconds'	0	ABSENT	446	default=LOCK_WAIT_SECONDS	New harness/internal default: not a production adoption receipt; see file order/registration and reference inventory
scripts/grm_eb1_longhorizon_gpu.py	cli:parse_args:'--run-dir'	0	ABSENT	443	default=ROOT / 'artifacts' / 'grm_eb1' / 'g5_run'	New harness/internal default: not a production adoption receipt; see file order/registration and reference inventory
scripts/grm_eb1_longhorizon_gpu.py	cli:parse_args:'--spec'	0	ABSENT	442	default=None; choices=SHARDS	New harness/internal default: not a production adoption receipt; see file order/registration and reference inventory
scripts/grm_eb1_longhorizon_gpu.py	cli:parse_args:'command'	0	ABSENT	441	choices=('plan', 'shard', 'score')	New harness/internal default: not a production adoption receipt; see file order/registration and reference inventory
scripts/grm_eb1_longhorizon_gpu.py	env:score_run:PERSISTENT_BOAT_ENV	0	ABSENT	410	os.environ.get(PERSISTENT_BOAT_ENV)	New harness/internal default: not a production adoption receipt; see file order/registration and reference inventory
scripts/grm_eb1_longhorizon_gpu.py	parameter:main:argv	0	ABSENT	451	None	New harness/internal default: not a production adoption receipt; see file order/registration and reference inventory
scripts/grm_eb1_longhorizon_gpu.py	parameter:parse_args:argv	0	ABSENT	439	None	New harness/internal default: not a production adoption receipt; see file order/registration and reference inventory
scripts/grm_lsr_p2c_1_census.py	assignment::ARTIFACT_DIR	0	ABSENT	102	ROOT / 'artifacts' / 'lsr_p2c_1'	New harness/internal default: not a production adoption receipt; see file order/registration and reference inventory
scripts/grm_lsr_p2c_1_census.py	assignment::CAMPAIGN	0	ABSENT	79	FROZEN_RUN / 'det1_4' / 'campaign'	New harness/internal default: not a production adoption receipt; see file order/registration and reference inventory
scripts/grm_lsr_p2c_1_census.py	assignment::CANDIDATES	0	ABSENT	95	CAMPAIGN / 'det1_7' / 'plant_registration' / 'candidate_observations.jsonl'	New harness/internal default: not a production adoption receipt; see file order/registration and reference inventory
scripts/grm_lsr_p2c_1_census.py	assignment::CENSUS	0	ABSENT	86	FROZEN_RUN / 'det1_11' / 'census' / 'lived_serving_census_98ef71e88dec17a1.json'	New harness/internal default: not a production adoption receipt; see file order/registration and reference inventory
scripts/grm_lsr_p2c_1_census.py	assignment::CENSUS_PROBE_IDS	0	ABSENT	107	('e2e_t05_orion_pin', 'e2e_t09_cypher_bridge', 'e2e_t13_orion_pin', 'e2e_t16_lyra_dock', 'e2e_t19_nova_key', 'e2e_t22_mira_seal', 'e2e_t24_terra_port', 'e2e_t26_ember_code', 'e2e_t30_atlas_tone', 'e2e_t33_polaris_mark')	New harness/internal default: not a production adoption receipt; see file order/registration and reference inventory
scripts/grm_lsr_p2c_1_census.py	assignment::DET1_REGISTRATION	0	ABSENT	81	FROZEN_RUN / 'registration_62cb6c09cbec211d.json'	New harness/internal default: not a production adoption receipt; see file order/registration and reference inventory
scripts/grm_lsr_p2c_1_census.py	assignment::EVAL_ROWS	0	ABSENT	100	CAMPAIGN / 'eval' / 'mechanistic_rows.jsonl'	New harness/internal default: not a production adoption receipt; see file order/registration and reference inventory
scripts/grm_lsr_p2c_1_census.py	assignment::FAMILY_FLUSHES	0	ABSENT	163	{'eval': ('det1_4/campaign/eval/mechanistic_shards/e2e-1/attempt_001/session', 'det1_4/campaign/eval/mechanistic_shards/e2e-2/attempt_001/session', 'det1_4/campaign/eval/mechanistic_shards/e2e-3/attempt_001/session', 'det1_4/campaign/eval/mechanistic_shards/e2e-4/attempt_001/session'), 'calibration': ('det1_4/campaign/det1_7/plant_registration/shards/e2e-cal/attempt_001/session', 'det1_4/campaign/calibration/shards/e2e-cal/attempt_001/session', 'det1_4/campaign/det1_7/plant_registration/shards/e2e-cal/attempt_005/session'), 'polaris': ('det1_4/campaign/det1_7/plant_registration/shards/e2e-1/attempt_004/session', 'det1_4/campaign/det1_7/plant_registration/shards/e2e-2/attempt_004/session', 'det1_4/campaign/det1_7/plant_registration/shards/e2e-3/attempt_004/session', 'det1_4/campaign/det1_7/plant_registration/shards/e2e-4/attempt_004/session')}	New harness/internal default: not a production adoption receipt; see file order/registration and reference inventory
scripts/grm_lsr_p2c_1_census.py	assignment::FROZEN_RUN	0	ABSENT	78	ROOT / 'artifacts' / 'grm_det1' / 'run_20260831T160525Z_2'	New harness/internal default: not a production adoption receipt; see file order/registration and reference inventory
scripts/grm_lsr_p2c_1_census.py	assignment::ORDER	0	ABSENT	104	ROOT / 'orders' / 'GRM_LSR_P2C_1_E2E_CENSUS_SCORING.md'	New harness/internal default: not a production adoption receipt; see file order/registration and reference inventory
scripts/grm_lsr_p2c_1_census.py	assignment::PROBE_SESSIONS	0	ABSENT	147	{'e2e_t05_orion_pin': 'eval', 'e2e_t09_cypher_bridge': 'calibration', 'e2e_t13_orion_pin': 'eval', 'e2e_t16_lyra_dock': 'calibration', 'e2e_t19_nova_key': 'eval', 'e2e_t22_mira_seal': 'eval', 'e2e_t24_terra_port': 'eval', 'e2e_t26_ember_code': 'eval', 'e2e_t30_atlas_tone': 'eval', 'e2e_t33_polaris_mark': 'polaris'}	New harness/internal default: not a production adoption receipt; see file order/registration and reference inventory
scripts/grm_lsr_p2c_1_census.py	assignment::REGISTRATION	0	ABSENT	103	ARTIFACT_DIR / 'registration.json'	New harness/internal default: not a production adoption receipt; see file order/registration and reference inventory
scripts/grm_lsr_p2c_1_census.py	assignment::ROOT	0	ABSENT	75	Path(__file__).resolve().parents[1]	New harness/internal default: not a production adoption receipt; see file order/registration and reference inventory
scripts/grm_lsr_p2c_1_census.py	assignment::RUNTIME_FRAME	0	ABSENT	80	FROZEN_RUN / 'runtime_frame_28b3196f8fb04a41.json'	New harness/internal default: not a production adoption receipt; see file order/registration and reference inventory
scripts/grm_lsr_p2c_1_census.py	assignment::SESSION_FAMILIES	0	ABSENT	136	{'eval': 'det1_4/campaign/eval/mechanistic_shards/e2e-4/attempt_001/session', 'calibration': 'det1_4/campaign/det1_7/plant_registration/shards/e2e-cal/attempt_005/session', 'polaris': 'det1_4/campaign/det1_7/plant_registration/shards/e2e-4/attempt_004/session'}	New harness/internal default: not a production adoption receipt; see file order/registration and reference inventory
scripts/grm_lsr_p2c_1_census.py	assignment::_FIXTURE_TURN	0	ABSENT	189	re.compile('^e2e_t(\\d+)_')	New harness/internal default: not a production adoption receipt; see file order/registration and reference inventory
scripts/grm_lsr_p2c_1_census.py	parameter:candidate_rows:path	0	ABSENT	337	CANDIDATES	New harness/internal default: not a production adoption receipt; see file order/registration and reference inventory
scripts/grm_lsr_p2c_1_census.py	parameter:census_probes:candidates	0	ABSENT	375	None	New harness/internal default: not a production adoption receipt; see file order/registration and reference inventory
scripts/grm_lsr_p2c_1_census.py	parameter:census_probes:census	0	ABSENT	375	None	New harness/internal default: not a production adoption receipt; see file order/registration and reference inventory
scripts/grm_lsr_p2c_1_census.py	parameter:census_probes:flushes	0	ABSENT	375	None	New harness/internal default: not a production adoption receipt; see file order/registration and reference inventory
scripts/grm_lsr_p2c_1_census.py	parameter:census_probes:node_counts	0	ABSENT	375	None	New harness/internal default: not a production adoption receipt; see file order/registration and reference inventory
scripts/grm_lsr_p2c_1_census.py	parameter:census_probes:signals	0	ABSENT	375	None	New harness/internal default: not a production adoption receipt; see file order/registration and reference inventory
scripts/grm_lsr_p2c_1_census.py	parameter:census_rows:path	0	ABSENT	331	CENSUS	New harness/internal default: not a production adoption receipt; see file order/registration and reference inventory
scripts/grm_lsr_p2c_1_census.py	parameter:eval_signal_rows:path	0	ABSENT	361	EVAL_ROWS	New harness/internal default: not a production adoption receipt; see file order/registration and reference inventory
scripts/grm_lsr_p2c_1_gpu.py	assignment::ARTIFACT_DIR	0	ABSENT	94	p2c1.ARTIFACT_DIR	New harness/internal default: not a production adoption receipt; see file order/registration and reference inventory
scripts/grm_lsr_p2c_1_gpu.py	assignment::DET1_REGISTRATION	0	ABSENT	99	p2c1.DET1_REGISTRATION	New harness/internal default: not a production adoption receipt; see file order/registration and reference inventory
scripts/grm_lsr_p2c_1_gpu.py	assignment::INTER_RUN_GAP_SECONDS	0	ABSENT	103	30	New harness/internal default: not a production adoption receipt; see file order/registration and reference inventory
scripts/grm_lsr_p2c_1_gpu.py	assignment::LEASE_SECONDS	0	ABSENT	101	520	New harness/internal default: not a production adoption receipt; see file order/registration and reference inventory
scripts/grm_lsr_p2c_1_gpu.py	assignment::LOCK_WAIT_SECONDS	0	ABSENT	102	7200	New harness/internal default: not a production adoption receipt; see file order/registration and reference inventory
scripts/grm_lsr_p2c_1_gpu.py	assignment::ORDER	0	ABSENT	96	p2c1.ORDER	New harness/internal default: not a production adoption receipt; see file order/registration and reference inventory
scripts/grm_lsr_p2c_1_gpu.py	assignment::REGISTRATION	0	ABSENT	97	p2c1.REGISTRATION	New harness/internal default: not a production adoption receipt; see file order/registration and reference inventory
scripts/grm_lsr_p2c_1_gpu.py	assignment::ROOT	0	ABSENT	83	Path(__file__).resolve().parents[1]	New harness/internal default: not a production adoption receipt; see file order/registration and reference inventory
scripts/grm_lsr_p2c_1_gpu.py	assignment::RUNTIME_FRAME	0	ABSENT	98	p2c1.RUNTIME_FRAME	New harness/internal default: not a production adoption receipt; see file order/registration and reference inventory
scripts/grm_lsr_p2c_1_gpu.py	assignment::SCHEMA_PREFIX	0	ABSENT	95	'grm.lsr_p2c_1'	New harness/internal default: not a production adoption receipt; see file order/registration and reference inventory
scripts/grm_lsr_p2c_1_gpu.py	assignment:_fork_and_generate:os.environ['GRM_DEMAND_NGH']	0	ABSENT	386	'0'	New harness/internal default: not a production adoption receipt; see file order/registration and reference inventory
scripts/grm_lsr_p2c_1_gpu.py	assignment:_fork_and_generate:os.environ['GRM_LSR_FIXES']	0	ABSENT	385	'1' if fixes_on else '0'	New harness/internal default: not a production adoption receipt; see file order/registration and reference inventory
scripts/grm_lsr_p2c_1_gpu.py	cli:parse_args:'--gap-seconds'	0	ABSENT	825	default=INTER_RUN_GAP_SECONDS	New harness/internal default: not a production adoption receipt; see file order/registration and reference inventory
scripts/grm_lsr_p2c_1_gpu.py	cli:parse_args:'--lease-seconds'	0	ABSENT	822	default=LEASE_SECONDS	New harness/internal default: not a production adoption receipt; see file order/registration and reference inventory
scripts/grm_lsr_p2c_1_gpu.py	cli:parse_args:'--lock-wait-seconds'	0	ABSENT	823	default=LOCK_WAIT_SECONDS	New harness/internal default: not a production adoption receipt; see file order/registration and reference inventory
scripts/grm_lsr_p2c_1_gpu.py	cli:parse_args:'--probe-id'	0	ABSENT	820	default=None	New harness/internal default: not a production adoption receipt; see file order/registration and reference inventory
scripts/grm_lsr_p2c_1_gpu.py	cli:parse_args:'--receipts'	0	ABSENT	821	nargs='*'; default=()	New harness/internal default: not a production adoption receipt; see file order/registration and reference inventory
scripts/grm_lsr_p2c_1_gpu.py	cli:parse_args:'command'	0	ABSENT	819	choices=('plan', 'probe', 'summarize')	New harness/internal default: not a production adoption receipt; see file order/registration and reference inventory
scripts/grm_lsr_p2c_1_gpu.py	env:_fork_and_generate:'GRM_DEMAND_NGH'	0	ABSENT	416	os.environ.get('GRM_DEMAND_NGH')	New harness/internal default: not a production adoption receipt; see file order/registration and reference inventory
scripts/grm_lsr_p2c_1_gpu.py	env:_fork_and_generate:'GRM_LSR_FIXES'	0	ABSENT	415	os.environ.get('GRM_LSR_FIXES')	New harness/internal default: not a production adoption receipt; see file order/registration and reference inventory
scripts/grm_lsr_p2c_1_gpu.py	env:run_probe:_runtime_env(frame)	0	ABSENT	639	os.environ.update(_runtime_env(frame))	New harness/internal default: not a production adoption receipt; see file order/registration and reference inventory
scripts/grm_lsr_p2c_1_gpu.py	parameter:main:argv	0	ABSENT	830	None	New harness/internal default: not a production adoption receipt; see file order/registration and reference inventory
scripts/grm_lsr_p2c_1_gpu.py	parameter:parse_args:argv	0	ABSENT	817	None	New harness/internal default: not a production adoption receipt; see file order/registration and reference inventory
scripts/grm_rs1_amendment.py	assignment::A4_ABSTAINED_RECEIPTS	0	ABSENT	79	"((ARTIFACT_DIR / 'grm_rs1_A4_correction_then_restatement_563616b020bd9a74.json', ""the sweep's literal wording, turn label included: the numeral 50 became the query's only identifier token""), (ARTIFACT_DIR / 'grm_rs1_A4_correction_then_restatement_4264608fff8f6818.json', ""the turn label dropped: the instruction's own content words (return/exactly/stored/sentence/punctuation) became the identifier tokens instead""))"	New harness/internal default: not a production adoption receipt; see file order/registration and reference inventory
scripts/grm_rs1_amendment.py	assignment::ARTIFACT_DIR	0	ABSENT	65	ROOT / 'artifacts' / 'grm_rs1'	New harness/internal default: not a production adoption receipt; see file order/registration and reference inventory
scripts/grm_rs1_amendment.py	assignment::FITTED_RECEIPT	0	ABSENT	73	ARTIFACT_DIR / 'grm_rs1_A2_correction_then_restatement_bbf2e324971214bd.json'	New harness/internal default: not a production adoption receipt; see file order/registration and reference inventory
scripts/grm_rs1_amendment.py	assignment::OVERFLOW_RECEIPT	0	ABSENT	69	ARTIFACT_DIR / 'grm_rs1_A2_correction_then_restatement_8da1a443b0af8857.json'	New harness/internal default: not a production adoption receipt; see file order/registration and reference inventory
scripts/grm_rs1_amendment.py	assignment::REGISTRATION	0	ABSENT	66	ARTIFACT_DIR / 'registration.json'	New harness/internal default: not a production adoption receipt; see file order/registration and reference inventory
scripts/grm_rs1_amendment.py	assignment::ROOT	0	ABSENT	57	Path(__file__).resolve().parents[1]	New harness/internal default: not a production adoption receipt; see file order/registration and reference inventory
scripts/grm_rs1_read_strength_gpu.py	assignment::A2_ARMS	0	ABSENT	159	('A2a', 'A2b')	New harness/internal default: not a production adoption receipt; see file order/registration and reference inventory
scripts/grm_rs1_read_strength_gpu.py	assignment::ARMS	0	ABSENT	156	('A0', 'A1', 'A2a', 'A2b', 'A3', 'A4')	New harness/internal default: not a production adoption receipt; see file order/registration and reference inventory
scripts/grm_rs1_read_strength_gpu.py	assignment::ARTIFACT_DIR	0	ABSENT	123	ROOT / 'artifacts' / 'grm_rs1'	New harness/internal default: not a production adoption receipt; see file order/registration and reference inventory
scripts/grm_rs1_read_strength_gpu.py	assignment::DIRECT_ARMS	0	ABSENT	162	('A1', *A2_ARMS)	New harness/internal default: not a production adoption receipt; see file order/registration and reference inventory
scripts/grm_rs1_read_strength_gpu.py	assignment::LEASE_SECONDS	0	ABSENT	130	560	New harness/internal default: not a production adoption receipt; see file order/registration and reference inventory
scripts/grm_rs1_read_strength_gpu.py	assignment::LOCK_WAIT_SECONDS	0	ABSENT	131	7200	New harness/internal default: not a production adoption receipt; see file order/registration and reference inventory
scripts/grm_rs1_read_strength_gpu.py	assignment::MASS_NAMES	0	ABSENT	165	('physical_sink_mass', 'mounted_mass', 'live_mass', 'learned_sink_mass')	New harness/internal default: not a production adoption receipt; see file order/registration and reference inventory
scripts/grm_rs1_read_strength_gpu.py	assignment::REGISTRATION	0	ABSENT	124	ARTIFACT_DIR / 'registration.json'	New harness/internal default: not a production adoption receipt; see file order/registration and reference inventory
scripts/grm_rs1_read_strength_gpu.py	assignment::ROOT	0	ABSENT	112	Path(__file__).resolve().parents[1]	New harness/internal default: not a production adoption receipt; see file order/registration and reference inventory
scripts/grm_rs1_read_strength_gpu.py	assignment::RUNTIME_FRAME	0	ABSENT	126	ROOT / 'artifacts' / 'grm_det1' / 'run_20260831T160525Z_2' / 'runtime_frame_28b3196f8fb04a41.json'	New harness/internal default: not a production adoption receipt; see file order/registration and reference inventory
scripts/grm_rs1_read_strength_gpu.py	assignment::SCHEMA_PREFIX	0	ABSENT	125	'grm.rs1'	New harness/internal default: not a production adoption receipt; see file order/registration and reference inventory
scripts/grm_rs1_read_strength_gpu.py	assignment::STRICT_PREFIX	0	ABSENT	380	'Return exactly the '	New harness/internal default: not a production adoption receipt; see file order/registration and reference inventory
scripts/grm_rs1_read_strength_gpu.py	assignment::STRICT_SUFFIX	0	ABSENT	381	'. No sentence. No punctuation.'	New harness/internal default: not a production adoption receipt; see file order/registration and reference inventory
scripts/grm_rs1_read_strength_gpu.py	assignment::STRICT_TURN_PREFIX	0	ABSENT	379	'Turn 50. Previous context is cleared. '	New harness/internal default: not a production adoption receipt; see file order/registration and reference inventory
scripts/grm_rs1_read_strength_gpu.py	assignment::SUP_FIXTURES	0	ABSENT	129	ROOT / 'tests' / 'fixtures' / 'supersession_battery'	New harness/internal default: not a production adoption receipt; see file order/registration and reference inventory
scripts/grm_rs1_read_strength_gpu.py	assignment::_QUESTION_HEAD	0	ABSENT	382	'what is the '	New harness/internal default: not a production adoption receipt; see file order/registration and reference inventory
scripts/grm_rs1_read_strength_gpu.py	assignment:run_arm:os.environ['GRM_DEMAND_NGH']	0	ABSENT	735	'0'	New harness/internal default: not a production adoption receipt; see file order/registration and reference inventory
scripts/grm_rs1_read_strength_gpu.py	assignment:run_arm:os.environ['GRM_LSR_FIXES']	0	ABSENT	734	'1'	New harness/internal default: not a production adoption receipt; see file order/registration and reference inventory
scripts/grm_rs1_read_strength_gpu.py	cli:parse_args:'--arm'	0	ABSENT	1027	default=None; choices=ARMS	New harness/internal default: not a production adoption receipt; see file order/registration and reference inventory
scripts/grm_rs1_read_strength_gpu.py	cli:parse_args:'--lease-seconds'	0	ABSENT	1028	default=LEASE_SECONDS	New harness/internal default: not a production adoption receipt; see file order/registration and reference inventory
scripts/grm_rs1_read_strength_gpu.py	cli:parse_args:'--lock-wait-seconds'	0	ABSENT	1029	default=LOCK_WAIT_SECONDS	New harness/internal default: not a production adoption receipt; see file order/registration and reference inventory
scripts/grm_rs1_read_strength_gpu.py	cli:parse_args:'--session-id'	0	ABSENT	1026	default=None	New harness/internal default: not a production adoption receipt; see file order/registration and reference inventory
scripts/grm_rs1_read_strength_gpu.py	cli:parse_args:'command'	0	ABSENT	1025	choices=('plan', 'arm')	New harness/internal default: not a production adoption receipt; see file order/registration and reference inventory
scripts/grm_rs1_read_strength_gpu.py	env:run_arm:'GRM_DEMAND_NGH'	0	ABSENT	986	os.environ.get('GRM_DEMAND_NGH')	New harness/internal default: not a production adoption receipt; see file order/registration and reference inventory
scripts/grm_rs1_read_strength_gpu.py	env:run_arm:'GRM_LSR_FIXES'	0	ABSENT	985	os.environ.get('GRM_LSR_FIXES')	New harness/internal default: not a production adoption receipt; see file order/registration and reference inventory
scripts/grm_rs1_read_strength_gpu.py	env:run_arm:PERSISTENT_BOAT_ENV	0	ABSENT	978	os.environ.get(PERSISTENT_BOAT_ENV)	New harness/internal default: not a production adoption receipt; see file order/registration and reference inventory
scripts/grm_rs1_read_strength_gpu.py	parameter:_load_lived_repo:storage_bits	0	ABSENT	499	'lived'	New harness/internal default: not a production adoption receipt; see file order/registration and reference inventory
scripts/grm_rs1_read_strength_gpu.py	parameter:main:argv	0	ABSENT	1034	None	New harness/internal default: not a production adoption receipt; see file order/registration and reference inventory
scripts/grm_rs1_read_strength_gpu.py	parameter:parse_args:argv	0	ABSENT	1023	None	New harness/internal default: not a production adoption receipt; see file order/registration and reference inventory
scripts/grm_rs1_read_strength_gpu.py	parameter:read_registration:path	0	ABSENT	296	REGISTRATION	New harness/internal default: not a production adoption receipt; see file order/registration and reference inventory
scripts/grm_rs1_registration.py	assignment::ARTIFACT_DIR	0	ABSENT	41	ROOT / 'artifacts' / 'grm_rs1'	New harness/internal default: not a production adoption receipt; see file order/registration and reference inventory
scripts/grm_rs1_registration.py	assignment::CONTROLS	0	ABSENT	52	('sup_reserve_meridian_docket', 'sup_reserve_tundra_ledger')	New harness/internal default: not a production adoption receipt; see file order/registration and reference inventory
scripts/grm_rs1_registration.py	assignment::EB1_SUMMARY	0	ABSENT	42	ROOT / 'artifacts' / 'grm_eb1' / 'grm_eb1_summary.json'	New harness/internal default: not a production adoption receipt; see file order/registration and reference inventory
scripts/grm_rs1_registration.py	assignment::P2C_G2_SUMMARY	0	ABSENT	43	ROOT / 'artifacts' / 'lsr_p2c' / 'lsr_p2c_g2_summary_d5efcb7969279860.json'	New harness/internal default: not a production adoption receipt; see file order/registration and reference inventory
scripts/grm_rs1_registration.py	assignment::REFUSERS	0	ABSENT	50	('sup_harbor_restatement', 'sup_praxis_fresh', 'sup_solace_fresh')	New harness/internal default: not a production adoption receipt; see file order/registration and reference inventory
scripts/grm_rs1_registration.py	assignment::ROOT	0	ABSENT	34	Path(__file__).resolve().parents[1]	New harness/internal default: not a production adoption receipt; see file order/registration and reference inventory
scripts/grm_rs1_registration.py	assignment::VOCABULARY	0	ABSENT	55	{'CONTENT': 'A2 rescues (the restatement TEXT is what helps)', 'POSITION': 'A1 rescues but A2 does not (the LIVE BAND is what helps)', 'QUANTIZATION': 'A3 rescues (the INT8 storage payload was the cause)', 'PRIOR': 'A4 rescues; the graft was read and the refusal is the instruct prior, not a retrieval failure', 'UNRESOLVED': 'no arm rescues'}	New harness/internal default: not a production adoption receipt; see file order/registration and reference inventory
scripts/grm_rs1_results.py	assignment::AMENDMENT	0	ABSENT	41	ARTIFACT_DIR / 'amendment_a2_width.json'	New harness/internal default: not a production adoption receipt; see file order/registration and reference inventory
scripts/grm_rs1_results.py	assignment::ARTIFACT_DIR	0	ABSENT	39	ROOT / 'artifacts' / 'grm_rs1'	New harness/internal default: not a production adoption receipt; see file order/registration and reference inventory
scripts/grm_rs1_results.py	assignment::REGISTRATION	0	ABSENT	40	ARTIFACT_DIR / 'registration.json'	New harness/internal default: not a production adoption receipt; see file order/registration and reference inventory
scripts/grm_rs1_results.py	assignment::ROOT	0	ABSENT	30	Path(__file__).resolve().parents[1]	New harness/internal default: not a production adoption receipt; see file order/registration and reference inventory
scripts/grm_rs2_amendment.py	assignment::ARTIFACT_DIR	0	ABSENT	69	ROOT / 'artifacts' / 'grm_rs2'	New harness/internal default: not a production adoption receipt; see file order/registration and reference inventory
scripts/grm_rs2_amendment.py	assignment::INSTALLED_PAYLOAD_SHA256	0	ABSENT	79	'e8192df3d8c88898e8f628e247fb05e9694ae19634405a166bf3b113761a0a2f'	New harness/internal default: not a production adoption receipt; see file order/registration and reference inventory
scripts/grm_rs2_amendment.py	assignment::PRE_AMENDMENT_REGISTRATION_BYTES	0	ABSENT	75	33834	New harness/internal default: not a production adoption receipt; see file order/registration and reference inventory
scripts/grm_rs2_amendment.py	assignment::PRE_AMENDMENT_REGISTRATION_SHA256	0	ABSENT	73	'05638479bb2eedea2661483c9d4a8dac02d577b26b0d01fb4694e51798920c0a'	New harness/internal default: not a production adoption receipt; see file order/registration and reference inventory
scripts/grm_rs2_amendment.py	assignment::READ_GEOMETRY_PAYLOAD_SHA256	0	ABSENT	81	'ce417319b514d0635347b8d4450ffc8b775f6904f8a0dc42432e6be0900a0130'	New harness/internal default: not a production adoption receipt; see file order/registration and reference inventory
scripts/grm_rs2_amendment.py	assignment::ROOT	0	ABSENT	62	Path(__file__).resolve().parents[1]	New harness/internal default: not a production adoption receipt; see file order/registration and reference inventory
scripts/grm_rs2_amendment.py	assignment::STORAGE_ROUNDTRIP_PAYLOAD_SHA256	0	ABSENT	83	'f433f595252bf9da7b0f2a19918d2ab51fa1b351c1316c3592c1f7bfe43e7865'	New harness/internal default: not a production adoption receipt; see file order/registration and reference inventory
scripts/grm_rs2_amendment.py	parameter:main:argv	0	ABSENT	249	None	New harness/internal default: not a production adoption receipt; see file order/registration and reference inventory
scripts/grm_rs2_mount_read_gpu.py	assignment::ARMS	0	ABSENT	123	('B0', 'B1', 'B1p', 'B1b', 'B2', 'B3a', 'B3b', 'B5')	New harness/internal default: not a production adoption receipt; see file order/registration and reference inventory
scripts/grm_rs2_mount_read_gpu.py	assignment::ARTIFACT_DIR	0	ABSENT	111	ROOT / 'artifacts' / 'grm_rs2'	New harness/internal default: not a production adoption receipt; see file order/registration and reference inventory
scripts/grm_rs2_mount_read_gpu.py	assignment::CAPTURE_ARMS	0	ABSENT	126	('B1', 'B1p', 'B1b', 'B2')	New harness/internal default: not a production adoption receipt; see file order/registration and reference inventory
scripts/grm_rs2_mount_read_gpu.py	assignment::FULL	0	ABSENT	139	'full_attention'	New harness/internal default: not a production adoption receipt; see file order/registration and reference inventory
scripts/grm_rs2_mount_read_gpu.py	assignment::LAYER_TYPES	0	ABSENT	141	(FULL, SLIDING)	New harness/internal default: not a production adoption receipt; see file order/registration and reference inventory
scripts/grm_rs2_mount_read_gpu.py	assignment::LEASE_SECONDS	0	ABSENT	118	560	New harness/internal default: not a production adoption receipt; see file order/registration and reference inventory
scripts/grm_rs2_mount_read_gpu.py	assignment::LOCK_WAIT_SECONDS	0	ABSENT	119	7200	New harness/internal default: not a production adoption receipt; see file order/registration and reference inventory
scripts/grm_rs2_mount_read_gpu.py	assignment::POSITION_ARMS	0	ABSENT	135	('B3a', 'B3b')	New harness/internal default: not a production adoption receipt; see file order/registration and reference inventory
scripts/grm_rs2_mount_read_gpu.py	assignment::READ_GEOMETRY_ARMS	0	ABSENT	132	('B1p',)	New harness/internal default: not a production adoption receipt; see file order/registration and reference inventory
scripts/grm_rs2_mount_read_gpu.py	assignment::REGISTRATION	0	ABSENT	112	ARTIFACT_DIR / 'registration.json'	New harness/internal default: not a production adoption receipt; see file order/registration and reference inventory
scripts/grm_rs2_mount_read_gpu.py	assignment::ROOT	0	ABSENT	98	Path(__file__).resolve().parents[1]	New harness/internal default: not a production adoption receipt; see file order/registration and reference inventory
scripts/grm_rs2_mount_read_gpu.py	assignment::RUNTIME_FRAME	0	ABSENT	114	ROOT / 'artifacts' / 'grm_det1' / 'run_20260831T160525Z_2' / 'runtime_frame_28b3196f8fb04a41.json'	New harness/internal default: not a production adoption receipt; see file order/registration and reference inventory
scripts/grm_rs2_mount_read_gpu.py	assignment::SCHEMA_PREFIX	0	ABSENT	113	'grm.rs2'	New harness/internal default: not a production adoption receipt; see file order/registration and reference inventory
scripts/grm_rs2_mount_read_gpu.py	assignment::SLIDING	0	ABSENT	140	'sliding_attention'	New harness/internal default: not a production adoption receipt; see file order/registration and reference inventory
scripts/grm_rs2_mount_read_gpu.py	assignment::SUP_FIXTURES	0	ABSENT	117	ROOT / 'tests' / 'fixtures' / 'supersession_battery'	New harness/internal default: not a production adoption receipt; see file order/registration and reference inventory
scripts/grm_rs2_mount_read_gpu.py	assignment:LayerTypeMassObserver._sliding_mass:L	0	ABSENT	300	int(query.shape[2])	New harness/internal default: not a production adoption receipt; see file order/registration and reference inventory
scripts/grm_rs2_mount_read_gpu.py	assignment:LayerTypeMassObserver._sliding_mass:S	0	ABSENT	301	int(key.shape[2])	New harness/internal default: not a production adoption receipt; see file order/registration and reference inventory
scripts/grm_rs2_mount_read_gpu.py	assignment:run_arm:os.environ['GRM_DEMAND_NGH']	0	ABSENT	1299	'0'	New harness/internal default: not a production adoption receipt; see file order/registration and reference inventory
scripts/grm_rs2_mount_read_gpu.py	assignment:run_arm:os.environ['GRM_LSR_FIXES']	0	ABSENT	1298	'1'	New harness/internal default: not a production adoption receipt; see file order/registration and reference inventory
scripts/grm_rs2_mount_read_gpu.py	cli:parse_args:'--arm'	0	ABSENT	1549	default=None; choices=ARMS	New harness/internal default: not a production adoption receipt; see file order/registration and reference inventory
scripts/grm_rs2_mount_read_gpu.py	cli:parse_args:'--lease-seconds'	0	ABSENT	1550	default=LEASE_SECONDS	New harness/internal default: not a production adoption receipt; see file order/registration and reference inventory
scripts/grm_rs2_mount_read_gpu.py	cli:parse_args:'--lock-wait-seconds'	0	ABSENT	1551	default=LOCK_WAIT_SECONDS	New harness/internal default: not a production adoption receipt; see file order/registration and reference inventory
scripts/grm_rs2_mount_read_gpu.py	cli:parse_args:'--session-id'	0	ABSENT	1548	default=None	New harness/internal default: not a production adoption receipt; see file order/registration and reference inventory
scripts/grm_rs2_mount_read_gpu.py	cli:parse_args:'command'	0	ABSENT	1547	choices=('plan', 'arm')	New harness/internal default: not a production adoption receipt; see file order/registration and reference inventory
scripts/grm_rs2_mount_read_gpu.py	env:run_arm:'GRM_DEMAND_NGH'	0	ABSENT	1456	os.environ.get('GRM_DEMAND_NGH')	New harness/internal default: not a production adoption receipt; see file order/registration and reference inventory
scripts/grm_rs2_mount_read_gpu.py	env:run_arm:'GRM_LSR_FIXES'	0	ABSENT	1455	os.environ.get('GRM_LSR_FIXES')	New harness/internal default: not a production adoption receipt; see file order/registration and reference inventory
scripts/grm_rs2_mount_read_gpu.py	env:run_arm:PERSISTENT_BOAT_ENV	0	ABSENT	1448	os.environ.get(PERSISTENT_BOAT_ENV)	New harness/internal default: not a production adoption receipt; see file order/registration and reference inventory
scripts/grm_rs2_mount_read_gpu.py	parameter:LayerTypeMassObserver.__enter__.forward_wrapper:last_only	0	ABSENT	265	True	New harness/internal default: not a production adoption receipt; see file order/registration and reference inventory
scripts/grm_rs2_mount_read_gpu.py	parameter:LayerTypeMassObserver.__enter__.sliding_wrapper:allowed_mask	0	ABSENT	244	None	New harness/internal default: not a production adoption receipt; see file order/registration and reference inventory
scripts/grm_rs2_mount_read_gpu.py	parameter:LayerTypeMassObserver.__enter__.sliding_wrapper:attn_block	0	ABSENT	244	128	New harness/internal default: not a production adoption receipt; see file order/registration and reference inventory
scripts/grm_rs2_mount_read_gpu.py	parameter:LayerTypeMassObserver.__enter__.sliding_wrapper:num_heads_per_kv	0	ABSENT	244	1	New harness/internal default: not a production adoption receipt; see file order/registration and reference inventory
scripts/grm_rs2_mount_read_gpu.py	parameter:main:argv	0	ABSENT	1556	None	New harness/internal default: not a production adoption receipt; see file order/registration and reference inventory
scripts/grm_rs2_mount_read_gpu.py	parameter:parse_args:argv	0	ABSENT	1545	None	New harness/internal default: not a production adoption receipt; see file order/registration and reference inventory
scripts/grm_rs2_mount_read_gpu.py	parameter:read_registration:path	0	ABSENT	536	REGISTRATION	New harness/internal default: not a production adoption receipt; see file order/registration and reference inventory
scripts/grm_rs2_registration.py	assignment::ARTIFACT_DIR	0	ABSENT	45	ROOT / 'artifacts' / 'grm_rs2'	New harness/internal default: not a production adoption receipt; see file order/registration and reference inventory
scripts/grm_rs2_registration.py	assignment::BASELINE_ARM	0	ABSENT	63	'B0'	New harness/internal default: not a production adoption receipt; see file order/registration and reference inventory
scripts/grm_rs2_registration.py	assignment::CEILING_ARM	0	ABSENT	64	'B5'	New harness/internal default: not a production adoption receipt; see file order/registration and reference inventory
scripts/grm_rs2_registration.py	assignment::ROOT	0	ABSENT	38	Path(__file__).resolve().parents[1]	New harness/internal default: not a production adoption receipt; see file order/registration and reference inventory
scripts/grm_rs2_registration.py	assignment::RS1_AMENDMENT	0	ABSENT	48	ROOT / 'artifacts' / 'grm_rs1' / 'amendment_a2_width.json'	New harness/internal default: not a production adoption receipt; see file order/registration and reference inventory
scripts/grm_rs2_registration.py	assignment::RS1_REGISTRATION	0	ABSENT	46	ROOT / 'artifacts' / 'grm_rs1' / 'registration.json'	New harness/internal default: not a production adoption receipt; see file order/registration and reference inventory
scripts/grm_rs2_registration.py	assignment::RS1_RESULTS	0	ABSENT	47	ROOT / 'artifacts' / 'grm_rs1' / 'grm_rs1_results.json'	New harness/internal default: not a production adoption receipt; see file order/registration and reference inventory
scripts/grm_rs2_registration.py	assignment::SUP_FIXTURES	0	ABSENT	49	ROOT / 'tests' / 'fixtures' / 'supersession_battery'	New harness/internal default: not a production adoption receipt; see file order/registration and reference inventory
scripts/grm_rs2_registration.py	assignment::VOCABULARY	0	ABSENT	52	{'SUPPORTED': 'the arm closes >= half the B0->B5 mounted-mass gap on the probe, or flips >= 2/3 of the refusers to correct', 'PARTIAL': 'measurable but < half the B0->B5 mounted-mass gap', 'NOT DETECTED': 'no measurable effect under these arms; the report names what was not tried'}	New harness/internal default: not a production adoption receipt; see file order/registration and reference inventory
scripts/grm_rs2_registration.py	parameter:_sources:paths	0	ABSENT	703	None	New harness/internal default: not a production adoption receipt; see file order/registration and reference inventory
scripts/grm_rs2_registration.py	parameter:main:argv	0	ABSENT	730	None	New harness/internal default: not a production adoption receipt; see file order/registration and reference inventory
scripts/grm_rs2_results.py	assignment::AMENDMENT	0	ABSENT	39	ARTIFACT_DIR / 'amendment_b1p_capture_position.json'	New harness/internal default: not a production adoption receipt; see file order/registration and reference inventory
scripts/grm_rs2_results.py	assignment::ARTIFACT_DIR	0	ABSENT	38	ROOT / 'artifacts' / 'grm_rs2'	New harness/internal default: not a production adoption receipt; see file order/registration and reference inventory
scripts/grm_rs2_results.py	assignment::HYPOTHESIS_ARMS	0	ABSENT	220	{'H-CAPTURE': ('B1', 'B1p', 'B1b'), 'H-SCAFFOLD': ('B2',), 'H-BAND-POSITION': ('B3a', 'B3b'), 'H-SLIDING': ('B4',)}	New harness/internal default: not a production adoption receipt; see file order/registration and reference inventory
scripts/grm_rs2_results.py	assignment::LEAD_B1_MASS_PREDICTION	0	ABSENT	52	0.35	New harness/internal default: not a production adoption receipt; see file order/registration and reference inventory
scripts/grm_rs2_results.py	assignment::ROOT	0	ABSENT	29	Path(__file__).resolve().parents[1]	New harness/internal default: not a production adoption receipt; see file order/registration and reference inventory
scripts/grm_rs2_results.py	assignment::SUPERSEDED_RECEIPTS	0	ABSENT	45	('grm_rs2_B1_correction_then_restatement_d944f6224a75a4bc.json',)	New harness/internal default: not a production adoption receipt; see file order/registration and reference inventory
scripts/grm_rs2_results.py	cli:main:'--pytest-log'	0	ABSENT	557	action='append'; default=[]	New harness/internal default: not a production adoption receipt; see file order/registration and reference inventory
scripts/grm_rs2_results.py	parameter:_cell:variant	0	ABSENT	96	'registered'	New harness/internal default: not a production adoption receipt; see file order/registration and reference inventory
scripts/grm_rs2_results.py	parameter:build:pytest_logs	0	ABSENT	496	None	New harness/internal default: not a production adoption receipt; see file order/registration and reference inventory
scripts/grm_rs2_results.py	parameter:closure_for:variant	0	ABSENT	196	'registered'	New harness/internal default: not a production adoption receipt; see file order/registration and reference inventory
scripts/grm_rs2_results.py	parameter:gap_for:variant	0	ABSENT	166	'registered'	New harness/internal default: not a production adoption receipt; see file order/registration and reference inventory
scripts/grm_rs2_results.py	parameter:main:argv	0	ABSENT	553	None	New harness/internal default: not a production adoption receipt; see file order/registration and reference inventory
scripts/grm_rs3_capture_seat_gpu.py	assignment::ARMS	0	ABSENT	84	('C0', 'C1m', 'C1l', 'C2', 'C3m', 'C3l', 'C5')	New harness/internal default: not a production adoption receipt; see file order/registration and reference inventory
scripts/grm_rs3_capture_seat_gpu.py	assignment::ARTIFACT_DIR	0	ABSENT	73	ROOT / 'artifacts' / 'grm_rs3'	New harness/internal default: not a production adoption receipt; see file order/registration and reference inventory
scripts/grm_rs3_capture_seat_gpu.py	assignment::CAPTURE_ARMS	0	ABSENT	87	('C1m', 'C1l', 'C3m', 'C3l')	New harness/internal default: not a production adoption receipt; see file order/registration and reference inventory
scripts/grm_rs3_capture_seat_gpu.py	assignment::CAPTURE_TEXT_FIELD	0	ABSENT	187	'capture_text_B0_B1'	New harness/internal default: not a production adoption receipt; see file order/registration and reference inventory
scripts/grm_rs3_capture_seat_gpu.py	assignment::LEASE_SECONDS	0	ABSENT	80	560	New harness/internal default: not a production adoption receipt; see file order/registration and reference inventory
scripts/grm_rs3_capture_seat_gpu.py	assignment::LOCK_WAIT_SECONDS	0	ABSENT	81	7200	New harness/internal default: not a production adoption receipt; see file order/registration and reference inventory
scripts/grm_rs3_capture_seat_gpu.py	assignment::REGISTRATION	0	ABSENT	74	ARTIFACT_DIR / 'registration.json'	New harness/internal default: not a production adoption receipt; see file order/registration and reference inventory
scripts/grm_rs3_capture_seat_gpu.py	assignment::ROOT	0	ABSENT	56	Path(__file__).resolve().parents[1]	New harness/internal default: not a production adoption receipt; see file order/registration and reference inventory
scripts/grm_rs3_capture_seat_gpu.py	assignment::RUNTIME_FRAME	0	ABSENT	76	ROOT / 'artifacts' / 'grm_det1' / 'run_20260831T160525Z_2' / 'runtime_frame_28b3196f8fb04a41.json'	New harness/internal default: not a production adoption receipt; see file order/registration and reference inventory
scripts/grm_rs3_capture_seat_gpu.py	assignment::SCHEMA_PREFIX	0	ABSENT	75	'grm.rs3'	New harness/internal default: not a production adoption receipt; see file order/registration and reference inventory
scripts/grm_rs3_capture_seat_gpu.py	assignment::SUP_FIXTURES	0	ABSENT	79	ROOT / 'tests' / 'fixtures' / 'supersession_battery'	New harness/internal default: not a production adoption receipt; see file order/registration and reference inventory
scripts/grm_rs3_capture_seat_gpu.py	assignment:run_arm:os.environ['GRM_DEMAND_NGH']	0	ABSENT	555	'0'	New harness/internal default: not a production adoption receipt; see file order/registration and reference inventory
scripts/grm_rs3_capture_seat_gpu.py	assignment:run_arm:os.environ['GRM_LSR_FIXES']	0	ABSENT	554	'1'	New harness/internal default: not a production adoption receipt; see file order/registration and reference inventory
scripts/grm_rs3_capture_seat_gpu.py	cli:parse_args:'--arm'	0	ABSENT	771	default=None; choices=ARMS	New harness/internal default: not a production adoption receipt; see file order/registration and reference inventory
scripts/grm_rs3_capture_seat_gpu.py	cli:parse_args:'--lease-seconds'	0	ABSENT	772	default=LEASE_SECONDS	New harness/internal default: not a production adoption receipt; see file order/registration and reference inventory
scripts/grm_rs3_capture_seat_gpu.py	cli:parse_args:'--lock-wait-seconds'	0	ABSENT	773	default=LOCK_WAIT_SECONDS	New harness/internal default: not a production adoption receipt; see file order/registration and reference inventory
scripts/grm_rs3_capture_seat_gpu.py	cli:parse_args:'--session-id'	0	ABSENT	770	default=None	New harness/internal default: not a production adoption receipt; see file order/registration and reference inventory
scripts/grm_rs3_capture_seat_gpu.py	cli:parse_args:'command'	0	ABSENT	769	choices=('plan', 'arm')	New harness/internal default: not a production adoption receipt; see file order/registration and reference inventory
scripts/grm_rs3_capture_seat_gpu.py	env:run_arm:'GRM_DEMAND_NGH'	0	ABSENT	732	os.environ.get('GRM_DEMAND_NGH')	New harness/internal default: not a production adoption receipt; see file order/registration and reference inventory
scripts/grm_rs3_capture_seat_gpu.py	env:run_arm:'GRM_LSR_FIXES'	0	ABSENT	731	os.environ.get('GRM_LSR_FIXES')	New harness/internal default: not a production adoption receipt; see file order/registration and reference inventory
scripts/grm_rs3_capture_seat_gpu.py	env:run_arm:CAPTURE_PIN_ENV	0	ABSENT	733	os.environ.get(CAPTURE_PIN_ENV)	New harness/internal default: not a production adoption receipt; see file order/registration and reference inventory
scripts/grm_rs3_capture_seat_gpu.py	env:run_arm:PERSISTENT_BOAT_ENV	0	ABSENT	727	os.environ.get(PERSISTENT_BOAT_ENV)	New harness/internal default: not a production adoption receipt; see file order/registration and reference inventory
scripts/grm_rs3_capture_seat_gpu.py	env:run_arm:SEAT_NEAR_LIVE_ENV	0	ABSENT	734	os.environ.get(SEAT_NEAR_LIVE_ENV)	New harness/internal default: not a production adoption receipt; see file order/registration and reference inventory
scripts/grm_rs3_capture_seat_gpu.py	parameter:main:argv	0	ABSENT	778	None	New harness/internal default: not a production adoption receipt; see file order/registration and reference inventory
scripts/grm_rs3_capture_seat_gpu.py	parameter:parse_args:argv	0	ABSENT	767	None	New harness/internal default: not a production adoption receipt; see file order/registration and reference inventory
scripts/grm_rs3_capture_seat_gpu.py	parameter:read_registration:path	0	ABSENT	93	REGISTRATION	New harness/internal default: not a production adoption receipt; see file order/registration and reference inventory
scripts/grm_rs3_part4.py	assignment::ARTIFACT_DIR	0	ABSENT	43	ROOT / 'artifacts' / 'grm_rs3'	New harness/internal default: not a production adoption receipt; see file order/registration and reference inventory
scripts/grm_rs3_part4.py	assignment::EB1_DIR	0	ABSENT	45	ROOT / 'artifacts' / 'grm_eb1'	New harness/internal default: not a production adoption receipt; see file order/registration and reference inventory
scripts/grm_rs3_part4.py	assignment::EB1_LONGHORIZON	0	ABSENT	47	EB1_DIR / 'grm_eb1_longhorizon_df6c90a120cc079a.json'	New harness/internal default: not a production adoption receipt; see file order/registration and reference inventory
scripts/grm_rs3_part4.py	assignment::EB1_SUMMARY	0	ABSENT	46	EB1_DIR / 'grm_eb1_summary.json'	New harness/internal default: not a production adoption receipt; see file order/registration and reference inventory
scripts/grm_rs3_part4.py	assignment::LONGHORIZON_MIN_DISTANCE	0	ABSENT	59	36	New harness/internal default: not a production adoption receipt; see file order/registration and reference inventory
scripts/grm_rs3_part4.py	assignment::LSR_DIR	0	ABSENT	44	ROOT / 'artifacts' / 'lsr_p2c'	New harness/internal default: not a production adoption receipt; see file order/registration and reference inventory
scripts/grm_rs3_part4.py	assignment::PART4_ARM	0	ABSENT	50	'C3l'	New harness/internal default: not a production adoption receipt; see file order/registration and reference inventory
scripts/grm_rs3_part4.py	assignment::PART4_CAPTURE_PIN	0	ABSENT	51	'live'	New harness/internal default: not a production adoption receipt; see file order/registration and reference inventory
scripts/grm_rs3_part4.py	assignment::PART4_SEAT_NEAR_LIVE	0	ABSENT	52	True	New harness/internal default: not a production adoption receipt; see file order/registration and reference inventory
scripts/grm_rs3_part4.py	assignment::ROOT	0	ABSENT	36	Path(__file__).resolve().parents[1]	New harness/internal default: not a production adoption receipt; see file order/registration and reference inventory
scripts/grm_rs3_part4.py	assignment::T33	0	ABSENT	56	'e2e_t33_polaris_mark'	New harness/internal default: not a production adoption receipt; see file order/registration and reference inventory
scripts/grm_rs3_part4.py	parameter:main:argv	0	ABSENT	338	None	New harness/internal default: not a production adoption receipt; see file order/registration and reference inventory
scripts/grm_rs3_registration.py	assignment::ARM_ORDER	0	ABSENT	89	('C0', 'C1m', 'C1l', 'C2', 'C3m', 'C3l', 'C5')	New harness/internal default: not a production adoption receipt; see file order/registration and reference inventory
scripts/grm_rs3_registration.py	assignment::ARTIFACT_DIR	0	ABSENT	64	ROOT / 'artifacts' / 'grm_rs3'	New harness/internal default: not a production adoption receipt; see file order/registration and reference inventory
scripts/grm_rs3_registration.py	assignment::BASELINE_ARM	0	ABSENT	90	'C0'	New harness/internal default: not a production adoption receipt; see file order/registration and reference inventory
scripts/grm_rs3_registration.py	assignment::CEILING_ARM	0	ABSENT	91	'C5'	New harness/internal default: not a production adoption receipt; see file order/registration and reference inventory
scripts/grm_rs3_registration.py	assignment::ROOT	0	ABSENT	53	Path(__file__).resolve().parents[1]	New harness/internal default: not a production adoption receipt; see file order/registration and reference inventory
scripts/grm_rs3_registration.py	assignment::RS1_REGISTRATION	0	ABSENT	65	ROOT / 'artifacts' / 'grm_rs1' / 'registration.json'	New harness/internal default: not a production adoption receipt; see file order/registration and reference inventory
scripts/grm_rs3_registration.py	assignment::RS1_RESULTS	0	ABSENT	66	ROOT / 'artifacts' / 'grm_rs1' / 'grm_rs1_results.json'	New harness/internal default: not a production adoption receipt; see file order/registration and reference inventory
scripts/grm_rs3_registration.py	assignment::RS2_AMENDMENT	0	ABSENT	69	ROOT / 'artifacts' / 'grm_rs2' / 'amendment_b1p_capture_position.json'	New harness/internal default: not a production adoption receipt; see file order/registration and reference inventory
scripts/grm_rs3_registration.py	assignment::RS2_REGISTRATION	0	ABSENT	67	ROOT / 'artifacts' / 'grm_rs2' / 'registration.json'	New harness/internal default: not a production adoption receipt; see file order/registration and reference inventory
scripts/grm_rs3_registration.py	assignment::RS2_RESULTS	0	ABSENT	68	ROOT / 'artifacts' / 'grm_rs2' / 'grm_rs2_results.json'	New harness/internal default: not a production adoption receipt; see file order/registration and reference inventory
scripts/grm_rs3_registration.py	assignment::RUNTIME_FRAME	0	ABSENT	71	ROOT / 'artifacts' / 'grm_det1' / 'run_20260831T160525Z_2' / 'runtime_frame_28b3196f8fb04a41.json'	New harness/internal default: not a production adoption receipt; see file order/registration and reference inventory
scripts/grm_rs3_registration.py	assignment::SUP_FIXTURES	0	ABSENT	74	ROOT / 'tests' / 'fixtures' / 'supersession_battery'	New harness/internal default: not a production adoption receipt; see file order/registration and reference inventory
scripts/grm_rs3_registration.py	assignment::VOCABULARY	0	ABSENT	77	{'CLOSES': '>= 0.50 mounted-band mass on the refusers, or >= 2/3 of the refusers flipped to correct with the correct value', 'MOVES': 'a measurable change in mounted-band mass, below both CLOSES lines', 'NOTHING': 'no measurable effect under these arms; the report names what was not tried'}	New harness/internal default: not a production adoption receipt; see file order/registration and reference inventory
scripts/grm_rs3_registration.py	parameter:main:argv	0	ABSENT	616	None	New harness/internal default: not a production adoption receipt; see file order/registration and reference inventory
scripts/grm_rs3_results.py	assignment::CLOSES	0	ABSENT	50	'CLOSES'	New harness/internal default: not a production adoption receipt; see file order/registration and reference inventory
scripts/grm_rs3_results.py	assignment::MEASURABLE	0	ABSENT	58	0.0001	New harness/internal default: not a production adoption receipt; see file order/registration and reference inventory
scripts/grm_rs3_results.py	assignment::MOVES	0	ABSENT	51	'MOVES'	New harness/internal default: not a production adoption receipt; see file order/registration and reference inventory
scripts/grm_rs3_results.py	assignment::NOTHING	0	ABSENT	52	'NOTHING'	New harness/internal default: not a production adoption receipt; see file order/registration and reference inventory
scripts/grm_rs3_results.py	assignment::ROOT	0	ABSENT	40	Path(__file__).resolve().parents[1]	New harness/internal default: not a production adoption receipt; see file order/registration and reference inventory
scripts/grm_rs3_results.py	parameter:main:argv	0	ABSENT	495	None	New harness/internal default: not a production adoption receipt; see file order/registration and reference inventory
scripts/grm_rs4_ceiling_gpu.py	assignment::ARTIFACT_DIR	0	ABSENT	91	ROOT / 'artifacts' / 'grm_rs4'	New harness/internal default: not a production adoption receipt; see file order/registration and reference inventory
scripts/grm_rs4_ceiling_gpu.py	assignment::LEASE_SECONDS	0	ABSENT	98	560	New harness/internal default: not a production adoption receipt; see file order/registration and reference inventory
scripts/grm_rs4_ceiling_gpu.py	assignment::LOCK_WAIT_SECONDS	0	ABSENT	99	7200	New harness/internal default: not a production adoption receipt; see file order/registration and reference inventory
scripts/grm_rs4_ceiling_gpu.py	assignment::REGISTRATION	0	ABSENT	92	ARTIFACT_DIR / 'registration.json'	New harness/internal default: not a production adoption receipt; see file order/registration and reference inventory
scripts/grm_rs4_ceiling_gpu.py	assignment::ROOT	0	ABSENT	61	Path(__file__).resolve().parents[1]	New harness/internal default: not a production adoption receipt; see file order/registration and reference inventory
scripts/grm_rs4_ceiling_gpu.py	assignment::RUNTIME_FRAME	0	ABSENT	94	ROOT / 'artifacts' / 'grm_det1' / 'run_20260831T160525Z_2' / 'runtime_frame_28b3196f8fb04a41.json'	New harness/internal default: not a production adoption receipt; see file order/registration and reference inventory
scripts/grm_rs4_ceiling_gpu.py	assignment::SCHEMA_PREFIX	0	ABSENT	93	'grm.rs4'	New harness/internal default: not a production adoption receipt; see file order/registration and reference inventory
scripts/grm_rs4_ceiling_gpu.py	assignment::SUP_FIXTURES	0	ABSENT	97	ROOT / 'tests' / 'fixtures' / 'supersession_battery'	New harness/internal default: not a production adoption receipt; see file order/registration and reference inventory
scripts/grm_rs4_ceiling_gpu.py	assignment:RowSplitMassObserver._sliding_split:L	0	ABSENT	489	int(query.shape[2])	New harness/internal default: not a production adoption receipt; see file order/registration and reference inventory
scripts/grm_rs4_ceiling_gpu.py	assignment:RowSplitMassObserver._sliding_split:S	0	ABSENT	490	int(key.shape[2])	New harness/internal default: not a production adoption receipt; see file order/registration and reference inventory
scripts/grm_rs4_ceiling_gpu.py	assignment:run_arm:os.environ['GRM_DEMAND_NGH']	0	ABSENT	909	'0'	New harness/internal default: not a production adoption receipt; see file order/registration and reference inventory
scripts/grm_rs4_ceiling_gpu.py	assignment:run_arm:os.environ['GRM_LSR_FIXES']	0	ABSENT	908	'1'	New harness/internal default: not a production adoption receipt; see file order/registration and reference inventory
scripts/grm_rs4_ceiling_gpu.py	cli:parse_args:'--arm'	0	ABSENT	1153	default=None; choices=ARMS	New harness/internal default: not a production adoption receipt; see file order/registration and reference inventory
scripts/grm_rs4_ceiling_gpu.py	cli:parse_args:'--lease-seconds'	0	ABSENT	1154	default=LEASE_SECONDS	New harness/internal default: not a production adoption receipt; see file order/registration and reference inventory
scripts/grm_rs4_ceiling_gpu.py	cli:parse_args:'--lock-wait-seconds'	0	ABSENT	1155	default=LOCK_WAIT_SECONDS	New harness/internal default: not a production adoption receipt; see file order/registration and reference inventory
scripts/grm_rs4_ceiling_gpu.py	cli:parse_args:'--session-id'	0	ABSENT	1152	default=None	New harness/internal default: not a production adoption receipt; see file order/registration and reference inventory
scripts/grm_rs4_ceiling_gpu.py	cli:parse_args:'command'	0	ABSENT	1151	choices=('plan', 'arm')	New harness/internal default: not a production adoption receipt; see file order/registration and reference inventory
scripts/grm_rs4_ceiling_gpu.py	env:run_arm:'GRM_DEMAND_NGH'	0	ABSENT	1107	os.environ.get('GRM_DEMAND_NGH')	New harness/internal default: not a production adoption receipt; see file order/registration and reference inventory
scripts/grm_rs4_ceiling_gpu.py	env:run_arm:'GRM_LSR_FIXES'	0	ABSENT	1106	os.environ.get('GRM_LSR_FIXES')	New harness/internal default: not a production adoption receipt; see file order/registration and reference inventory
scripts/grm_rs4_ceiling_gpu.py	env:run_arm:CAPTURE_PIN_ENV	0	ABSENT	1108	os.environ.get(CAPTURE_PIN_ENV)	New harness/internal default: not a production adoption receipt; see file order/registration and reference inventory
scripts/grm_rs4_ceiling_gpu.py	env:run_arm:PERSISTENT_BOAT_ENV	0	ABSENT	1102	os.environ.get(PERSISTENT_BOAT_ENV)	New harness/internal default: not a production adoption receipt; see file order/registration and reference inventory
scripts/grm_rs4_ceiling_gpu.py	env:run_arm:SEAT_NEAR_LIVE_ENV	0	ABSENT	1109	os.environ.get(SEAT_NEAR_LIVE_ENV)	New harness/internal default: not a production adoption receipt; see file order/registration and reference inventory
scripts/grm_rs4_ceiling_gpu.py	parameter:RowSplitMassObserver.__enter__.forward_wrapper:last_only	0	ABSENT	317	True	New harness/internal default: not a production adoption receipt; see file order/registration and reference inventory
scripts/grm_rs4_ceiling_gpu.py	parameter:RowSplitMassObserver.__enter__.sink_wrapper:attention_mask	0	ABSENT	277	None	New harness/internal default: not a production adoption receipt; see file order/registration and reference inventory
scripts/grm_rs4_ceiling_gpu.py	parameter:RowSplitMassObserver.__enter__.sink_wrapper:num_heads_per_kv	0	ABSENT	277	1	New harness/internal default: not a production adoption receipt; see file order/registration and reference inventory
scripts/grm_rs4_ceiling_gpu.py	parameter:RowSplitMassObserver.__enter__.sliding_wrapper:allowed_mask	0	ABSENT	295	None	New harness/internal default: not a production adoption receipt; see file order/registration and reference inventory
scripts/grm_rs4_ceiling_gpu.py	parameter:RowSplitMassObserver.__enter__.sliding_wrapper:attn_block	0	ABSENT	295	128	New harness/internal default: not a production adoption receipt; see file order/registration and reference inventory
scripts/grm_rs4_ceiling_gpu.py	parameter:RowSplitMassObserver.__enter__.sliding_wrapper:num_heads_per_kv	0	ABSENT	295	1	New harness/internal default: not a production adoption receipt; see file order/registration and reference inventory
scripts/grm_rs4_ceiling_gpu.py	parameter:main:argv	0	ABSENT	1160	None	New harness/internal default: not a production adoption receipt; see file order/registration and reference inventory
scripts/grm_rs4_ceiling_gpu.py	parameter:parse_args:argv	0	ABSENT	1149	None	New harness/internal default: not a production adoption receipt; see file order/registration and reference inventory
scripts/grm_rs4_ceiling_gpu.py	parameter:read_registration:path	0	ABSENT	105	REGISTRATION	New harness/internal default: not a production adoption receipt; see file order/registration and reference inventory
scripts/grm_rs4_registration.py	assignment::ARMS	0	ABSENT	98	('C0', 'C2', 'C3l', 'C5')	New harness/internal default: not a production adoption receipt; see file order/registration and reference inventory
scripts/grm_rs4_registration.py	assignment::ARTIFACT_DIR	0	ABSENT	87	ROOT / 'artifacts' / 'grm_rs4'	New harness/internal default: not a production adoption receipt; see file order/registration and reference inventory
scripts/grm_rs4_registration.py	assignment::BAND_NAMES	0	ABSENT	107	('physical_sink_mass', 'mounted_mass', 'learned_sink_mass') + LIVE_SUBBANDS	New harness/internal default: not a production adoption receipt; see file order/registration and reference inventory
scripts/grm_rs4_registration.py	assignment::LIVE_SUBBANDS	0	ABSENT	103	('prior_live_mass', 'fed_text_mass', 'question_mass', 'answer_mass')	New harness/internal default: not a production adoption receipt; see file order/registration and reference inventory
scripts/grm_rs4_registration.py	assignment::ROOT	0	ABSENT	80	Path(__file__).resolve().parents[1]	New harness/internal default: not a production adoption receipt; see file order/registration and reference inventory
scripts/grm_rs4_registration.py	assignment::RS3_DIR	0	ABSENT	88	ROOT / 'artifacts' / 'grm_rs3'	New harness/internal default: not a production adoption receipt; see file order/registration and reference inventory
scripts/grm_rs4_registration.py	assignment::RS3_REGISTRATION	0	ABSENT	89	RS3_DIR / 'registration.json'	New harness/internal default: not a production adoption receipt; see file order/registration and reference inventory
scripts/grm_rs4_registration.py	assignment::RS3_RESULTS	0	ABSENT	90	RS3_DIR / 'grm_rs3_results.json'	New harness/internal default: not a production adoption receipt; see file order/registration and reference inventory
scripts/grm_rs4_registration.py	assignment::RUNTIME_FRAME	0	ABSENT	91	ROOT / 'artifacts' / 'grm_det1' / 'run_20260831T160525Z_2' / 'runtime_frame_28b3196f8fb04a41.json'	New harness/internal default: not a production adoption receipt; see file order/registration and reference inventory
scripts/grm_rs4_registration.py	assignment::SUP_FIXTURES	0	ABSENT	94	ROOT / 'tests' / 'fixtures' / 'supersession_battery'	New harness/internal default: not a production adoption receipt; see file order/registration and reference inventory
scripts/grm_rs4_registration.py	parameter:main:argv	0	ABSENT	543	None	New harness/internal default: not a production adoption receipt; see file order/registration and reference inventory
scripts/grm_rs4_results.py	assignment::BASELINE_ARM	0	ABSENT	58	'C0'	New harness/internal default: not a production adoption receipt; see file order/registration and reference inventory
scripts/grm_rs4_results.py	assignment::CEILING_ARM	0	ABSENT	57	'C5'	New harness/internal default: not a production adoption receipt; see file order/registration and reference inventory
scripts/grm_rs4_results.py	assignment::G2_BANDS	0	ABSENT	62	('mounted_mass_full_layers', 'live_mass_full_layers', 'sink_mass_full_layers', 'learned_sink_mass_full_layers', 'mounted_mass_sliding_layers', 'live_mass_sliding_layers')	New harness/internal default: not a production adoption receipt; see file order/registration and reference inventory
scripts/grm_rs4_results.py	assignment::MOUNT_ARM	0	ABSENT	56	'C3l'	New harness/internal default: not a production adoption receipt; see file order/registration and reference inventory
scripts/grm_rs4_results.py	assignment::ROOT	0	ABSENT	41	Path(__file__).resolve().parents[1]	New harness/internal default: not a production adoption receipt; see file order/registration and reference inventory
scripts/grm_rs4_results.py	assignment::RS3_REGISTRATION	0	ABSENT	52	ROOT / 'artifacts' / 'grm_rs3' / 'registration.json'	New harness/internal default: not a production adoption receipt; see file order/registration and reference inventory
scripts/grm_rs4_results.py	parameter:main:argv	0	ABSENT	435	None	New harness/internal default: not a production adoption receipt; see file order/registration and reference inventory
scripts/grm_rs4_row_split.py	assignment::BASE_NAMES	0	ABSENT	57	('physical_sink_mass', 'mounted_mass', 'live_mass', 'learned_sink_mass')	New harness/internal default: not a production adoption receipt; see file order/registration and reference inventory
scripts/grm_rs4_row_split.py	assignment::PARTITION_HI	0	ABSENT	75	1.02	New harness/internal default: not a production adoption receipt; see file order/registration and reference inventory
scripts/grm_rs4_row_split.py	assignment::PARTITION_LO	0	ABSENT	74	0.98	New harness/internal default: not a production adoption receipt; see file order/registration and reference inventory
scripts/grm_rs4_row_split.py	assignment::ROOT	0	ABSENT	47	Path(__file__).resolve().parents[1]	New harness/internal default: not a production adoption receipt; see file order/registration and reference inventory
scripts/grm_rs4_row_split.py	assignment::ROW_NAMES	0	ABSENT	63	tuple(BASE_NAMES) + tuple(LIVE_SUBBANDS)	New harness/internal default: not a production adoption receipt; see file order/registration and reference inventory
scripts/grm_rs4_row_split.py	assignment::SUBBAND_SUM_ATOL	0	ABSENT	69	1e-06	New harness/internal default: not a production adoption receipt; see file order/registration and reference inventory
scripts/grm_rs4_row_split.py	assignment:live_band_bounds:S	0	ABSENT	101	int(S)	New harness/internal default: not a production adoption receipt; see file order/registration and reference inventory
scripts/grm_rs4_row_split.py	assignment:split_full_row:S	0	ABSENT	168	int(bounds['S'])	New harness/internal default: not a production adoption receipt; see file order/registration and reference inventory
scripts/grm_rs4_row_split.py	parameter:mean_over_positions:names	0	ABSENT	227	ROW_NAMES	New harness/internal default: not a production adoption receipt; see file order/registration and reference inventory
scripts/grm_rs4_row_split.py	parameter:partition_sums_to_one:hi	0	ABSENT	211	PARTITION_HI	New harness/internal default: not a production adoption receipt; see file order/registration and reference inventory
scripts/grm_rs4_row_split.py	parameter:partition_sums_to_one:lo	0	ABSENT	211	PARTITION_LO	New harness/internal default: not a production adoption receipt; see file order/registration and reference inventory
scripts/grm_rs4_row_split.py	parameter:subbands_sum_to_live:atol	0	ABSENT	196	SUBBAND_SUM_ATOL	New harness/internal default: not a production adoption receipt; see file order/registration and reference inventory
scripts/grm_rt1_diagnose.py	assignment::ARTIFACT_DIR	0	ABSENT	42	ROOT / 'artifacts' / 'grm_rt1'	New harness/internal default: not a production adoption receipt; see file order/registration and reference inventory
scripts/grm_rt1_diagnose.py	assignment::DEFAULT_RECEIPTS	0	ABSENT	45	Path('/mnt/ForgeRealm/GraftRepository')	New harness/internal default: not a production adoption receipt; see file order/registration and reference inventory
scripts/grm_rt1_diagnose.py	assignment::MODEL_DIR	0	ABSENT	75	'/home/vader/.cache/huggingface/hub/models--openai--gpt-oss-20b/snapshots/6cee5e81ee83917806bbde320786a8fb61efebee'	New harness/internal default: not a production adoption receipt; see file order/registration and reference inventory
scripts/grm_rt1_diagnose.py	assignment::ROOT	0	ABSENT	32	Path(__file__).resolve().parents[1]	New harness/internal default: not a production adoption receipt; see file order/registration and reference inventory
scripts/grm_rt1_diagnose.py	cli:main:'--out'	0	ABSENT	288	default=ARTIFACT_DIR / 'grm_rt1_diagnosis.json'	New harness/internal default: not a production adoption receipt; see file order/registration and reference inventory
scripts/grm_rt1_diagnose.py	cli:main:'--receipts-root'	0	ABSENT	286	default=DEFAULT_RECEIPTS	New harness/internal default: not a production adoption receipt; see file order/registration and reference inventory
scripts/grm_rt1_g2_table.py	assignment::ARMS	0	ABSENT	62	{'rule_on': {'levers': {'GRM_LSR_FIXES': '1', 'GRM_RT1_RULE': '(unset - the rule follows the family switch)', 'capture_pin': 'live', 'seat_near_live': True}, 'receipts': ['lsr_p2c_arm1_correction_then_restatement_pin-live_seat-1_2dacebeb4c231250.json', 'lsr_p2c_arm1_fresh_fact_controls_pin-live_seat-1_1c323ca95064bf2c.json', 'lsr_p2c_arm1_multi_hop_a_b_c_pin-live_seat-1_61b24c7e6528a546.json', 'lsr_p2c_arm1_short_correction_long_competitor_pin-live_seat-1_558d070eda13c41e.json'], 'run_logs': ['logs/rt1_1_ruleon_correction_then_restatement.log', 'logs/rt1_1_ruleon_fresh_fact_controls.log', 'logs/rt1_1_ruleon_multi_hop_a_b_c.log', 'logs/rt1_1_ruleon_short_correction_long_competitor.log']}, 'rule_off': {'levers': {'GRM_LSR_FIXES': '1', 'GRM_RT1_RULE': '0', 'capture_pin': 'live', 'seat_near_live': True}, 'receipts': ['lsr_p2c_arm1_correction_then_restatement_pin-live_seat-1_8df958e8187f9854.json', 'lsr_p2c_arm1_fresh_fact_controls_pin-live_seat-1_ba1015e02b750120.json', 'lsr_p2c_arm1_multi_hop_a_b_c_pin-live_seat-1_36e0ba0860cceb1b.json', 'lsr_p2c_arm1_short_correction_long_competitor_pin-live_seat-1_284a20a9d67d6a9b.json'], 'run_logs': ['logs/rt1_1_ruleoff_correction_then_restatement.log', 'logs/rt1_1_ruleoff_fresh_fact_controls.log', 'logs/rt1_1_ruleoff_multi_hop_a_b_c.log', 'logs/rt1_1_ruleoff_short_correction_long_competitor.log']}}	New harness/internal default: not a production adoption receipt; see file order/registration and reference inventory
scripts/grm_rt1_g2_table.py	assignment::ARTIFACT_DIR	0	ABSENT	25	ROOT / 'artifacts' / 'grm_rt1'	New harness/internal default: not a production adoption receipt; see file order/registration and reference inventory
scripts/grm_rt1_g2_table.py	assignment::PROBE_ORDER	0	ABSENT	29	('sup_harbor_restatement', 'sup_reserve_juniper_pass', 'sup_praxis_fresh', 'sup_solace_fresh', 'sup_reserve_tundra_ledger', 'sup_lumen_head', 'sup_reserve_meridian_docket', 'sup_orion_current', 'sup_reserve_falcon_registry')	New harness/internal default: not a production adoption receipt; see file order/registration and reference inventory
scripts/grm_rt1_g2_table.py	assignment::RECEIPTS	0	ABSENT	26	ROOT / 'artifacts' / 'lsr_p2c'	New harness/internal default: not a production adoption receipt; see file order/registration and reference inventory
scripts/grm_rt1_g2_table.py	assignment::ROOT	0	ABSENT	21	Path(__file__).resolve().parents[1]	New harness/internal default: not a production adoption receipt; see file order/registration and reference inventory
scripts/grm_rt1_g2_table.py	cli:main:'--out'	0	ABSENT	168	default=ARTIFACT_DIR / 'grm_rt1_g2_results.json'	New harness/internal default: not a production adoption receipt; see file order/registration and reference inventory
scripts/grm_sc1_2_e2e_recovery_gpu.py	assignment::ARTIFACT_DIR	0	ABSENT	84	sc12.ARTIFACT_DIR	New harness/internal default: not a production adoption receipt; see file order/registration and reference inventory
scripts/grm_sc1_2_e2e_recovery_gpu.py	assignment::DET1_REGISTRATION	0	ABSENT	90	sc12.DET1_REGISTRATION	New harness/internal default: not a production adoption receipt; see file order/registration and reference inventory
scripts/grm_sc1_2_e2e_recovery_gpu.py	assignment::INTER_RUN_GAP_SECONDS	0	ABSENT	94	30	New harness/internal default: not a production adoption receipt; see file order/registration and reference inventory
scripts/grm_sc1_2_e2e_recovery_gpu.py	assignment::LEASE_SECONDS	0	ABSENT	92	520	New harness/internal default: not a production adoption receipt; see file order/registration and reference inventory
scripts/grm_sc1_2_e2e_recovery_gpu.py	assignment::LOCK_WAIT_SECONDS	0	ABSENT	93	7200	New harness/internal default: not a production adoption receipt; see file order/registration and reference inventory
scripts/grm_sc1_2_e2e_recovery_gpu.py	assignment::ORDER	0	ABSENT	87	sc12.ORDER	New harness/internal default: not a production adoption receipt; see file order/registration and reference inventory
scripts/grm_sc1_2_e2e_recovery_gpu.py	assignment::REGISTRATION	0	ABSENT	88	sc12.REGISTRATION	New harness/internal default: not a production adoption receipt; see file order/registration and reference inventory
scripts/grm_sc1_2_e2e_recovery_gpu.py	assignment::ROOT	0	ABSENT	73	Path(__file__).resolve().parents[1]	New harness/internal default: not a production adoption receipt; see file order/registration and reference inventory
scripts/grm_sc1_2_e2e_recovery_gpu.py	assignment::RUNTIME_FRAME	0	ABSENT	89	sc12.RUNTIME_FRAME	New harness/internal default: not a production adoption receipt; see file order/registration and reference inventory
scripts/grm_sc1_2_e2e_recovery_gpu.py	assignment::SCHEMA_PREFIX	0	ABSENT	86	'grm.sc1_2'	New harness/internal default: not a production adoption receipt; see file order/registration and reference inventory
scripts/grm_sc1_2_e2e_recovery_gpu.py	assignment::SESSION_DIR	0	ABSENT	85	ARTIFACT_DIR / 'session'	New harness/internal default: not a production adoption receipt; see file order/registration and reference inventory
scripts/grm_sc1_2_e2e_recovery_gpu.py	assignment:measure_pair:os.environ['GRM_DEMAND_NGH']	0	ABSENT	546	'1'	New harness/internal default: not a production adoption receipt; see file order/registration and reference inventory
scripts/grm_sc1_2_e2e_recovery_gpu.py	assignment:run_pair:os.environ['GRM_LSR_FIXES']	0	ABSENT	640	'1'	New harness/internal default: not a production adoption receipt; see file order/registration and reference inventory
scripts/grm_sc1_2_e2e_recovery_gpu.py	cli:parse_args:'--fixture-id'	0	ABSENT	824	default=None	New harness/internal default: not a production adoption receipt; see file order/registration and reference inventory
scripts/grm_sc1_2_e2e_recovery_gpu.py	cli:parse_args:'--gap-seconds'	0	ABSENT	829	default=INTER_RUN_GAP_SECONDS	New harness/internal default: not a production adoption receipt; see file order/registration and reference inventory
scripts/grm_sc1_2_e2e_recovery_gpu.py	cli:parse_args:'--lease-seconds'	0	ABSENT	826	default=LEASE_SECONDS	New harness/internal default: not a production adoption receipt; see file order/registration and reference inventory
scripts/grm_sc1_2_e2e_recovery_gpu.py	cli:parse_args:'--lock-wait-seconds'	0	ABSENT	827	default=LOCK_WAIT_SECONDS	New harness/internal default: not a production adoption receipt; see file order/registration and reference inventory
scripts/grm_sc1_2_e2e_recovery_gpu.py	cli:parse_args:'--receipts'	0	ABSENT	825	nargs='*'; default=()	New harness/internal default: not a production adoption receipt; see file order/registration and reference inventory
scripts/grm_sc1_2_e2e_recovery_gpu.py	cli:parse_args:'command'	0	ABSENT	823	choices=('plan', 'pair', 'summarize')	New harness/internal default: not a production adoption receipt; see file order/registration and reference inventory
scripts/grm_sc1_2_e2e_recovery_gpu.py	env:run_pair:'GRM_LSR_FIXES'	0	ABSENT	682	os.environ.get('GRM_LSR_FIXES')	New harness/internal default: not a production adoption receipt; see file order/registration and reference inventory
scripts/grm_sc1_2_e2e_recovery_gpu.py	env:run_pair:_runtime_env(frame)	0	ABSENT	596	os.environ.update(_runtime_env(frame))	New harness/internal default: not a production adoption receipt; see file order/registration and reference inventory
scripts/grm_sc1_2_e2e_recovery_gpu.py	parameter:main:argv	0	ABSENT	834	None	New harness/internal default: not a production adoption receipt; see file order/registration and reference inventory
scripts/grm_sc1_2_e2e_recovery_gpu.py	parameter:parse_args:argv	0	ABSENT	821	None	New harness/internal default: not a production adoption receipt; see file order/registration and reference inventory
scripts/grm_sc1_2_pytest_shard.py	assignment::LEASE_SECONDS	0	ABSENT	31	520	New harness/internal default: not a production adoption receipt; see file order/registration and reference inventory
scripts/grm_sc1_2_pytest_shard.py	assignment::LOCK_WAIT_SECONDS	0	ABSENT	32	7200	New harness/internal default: not a production adoption receipt; see file order/registration and reference inventory
scripts/grm_sc1_2_pytest_shard.py	assignment::ROOT	0	ABSENT	25	Path(__file__).resolve().parents[1]	New harness/internal default: not a production adoption receipt; see file order/registration and reference inventory
scripts/grm_sc1_2_pytest_shard.py	cli:parse_args:'--lease-seconds'	0	ABSENT	38	default=LEASE_SECONDS	New harness/internal default: not a production adoption receipt; see file order/registration and reference inventory
scripts/grm_sc1_2_pytest_shard.py	cli:parse_args:'--lock-wait-seconds'	0	ABSENT	39	default=LOCK_WAIT_SECONDS	New harness/internal default: not a production adoption receipt; see file order/registration and reference inventory
scripts/grm_sc1_2_pytest_shard.py	cli:parse_args:'--timeout-seconds'	0	ABSENT	41	default=500	New harness/internal default: not a production adoption receipt; see file order/registration and reference inventory
scripts/grm_sc1_2_pytest_shard.py	cli:parse_args:'files'	0	ABSENT	37	nargs='+'	New harness/internal default: not a production adoption receipt; see file order/registration and reference inventory
scripts/grm_sc1_2_pytest_shard.py	parameter:main:argv	0	ABSENT	45	None	New harness/internal default: not a production adoption receipt; see file order/registration and reference inventory
scripts/grm_sc1_2_pytest_shard.py	parameter:parse_args:argv	0	ABSENT	35	None	New harness/internal default: not a production adoption receipt; see file order/registration and reference inventory
scripts/grm_sc1_2_session.py	assignment::ARTIFACT_DIR	0	ABSENT	84	ROOT / 'artifacts' / 'grm_sc1_2'	New harness/internal default: not a production adoption receipt; see file order/registration and reference inventory
scripts/grm_sc1_2_session.py	assignment::CAMPAIGN	0	ABSENT	78	FROZEN_RUN / 'det1_4' / 'campaign'	New harness/internal default: not a production adoption receipt; see file order/registration and reference inventory
scripts/grm_sc1_2_session.py	assignment::DET1_REGISTRATION	0	ABSENT	82	FROZEN_RUN / 'registration_62cb6c09cbec211d.json'	New harness/internal default: not a production adoption receipt; see file order/registration and reference inventory
scripts/grm_sc1_2_session.py	assignment::E2E_FIXTURE_IDS	0	ABSENT	95	('e2e_t05_orion_pin', 'e2e_t13_orion_pin', 'e2e_t19_nova_key', 'e2e_t22_mira_seal', 'e2e_t24_terra_port', 'e2e_t26_ember_code', 'e2e_t30_atlas_tone')	New harness/internal default: not a production adoption receipt; see file order/registration and reference inventory
scripts/grm_sc1_2_session.py	assignment::EVAL_ROWS	0	ABSENT	79	CAMPAIGN / 'eval' / 'mechanistic_rows.jsonl'	New harness/internal default: not a production adoption receipt; see file order/registration and reference inventory
scripts/grm_sc1_2_session.py	assignment::FIXTURE_SHARD	0	ABSENT	113	{'e2e_t05_orion_pin': 'e2e-1', 'e2e_t13_orion_pin': 'e2e-2', 'e2e_t19_nova_key': 'e2e-3', 'e2e_t22_mira_seal': 'e2e-3', 'e2e_t24_terra_port': 'e2e-3', 'e2e_t26_ember_code': 'e2e-4', 'e2e_t30_atlas_tone': 'e2e-4'}	New harness/internal default: not a production adoption receipt; see file order/registration and reference inventory
scripts/grm_sc1_2_session.py	assignment::FROZEN_RUN	0	ABSENT	77	ROOT / 'artifacts' / 'grm_det1' / 'run_20260831T160525Z_2'	New harness/internal default: not a production adoption receipt; see file order/registration and reference inventory
scripts/grm_sc1_2_session.py	assignment::INSTRUMENTATION_SHARD	0	ABSENT	176	'e2e-4'	New harness/internal default: not a production adoption receipt; see file order/registration and reference inventory
scripts/grm_sc1_2_session.py	assignment::NO_FOLD_FLUSHES	0	ABSENT	145	((11, ()), (19, ()), (28, (1, 4, 6, 8)), (34, (1, 4, 6, 8)))	New harness/internal default: not a production adoption receipt; see file order/registration and reference inventory
scripts/grm_sc1_2_session.py	assignment::ORDER	0	ABSENT	86	ROOT / 'orders' / 'GRM_SC1_2_E2E_PAIRS_SESSION_RESUME.md'	New harness/internal default: not a production adoption receipt; see file order/registration and reference inventory
scripts/grm_sc1_2_session.py	assignment::REGISTRATION	0	ABSENT	85	ARTIFACT_DIR / 'registration.json'	New harness/internal default: not a production adoption receipt; see file order/registration and reference inventory
scripts/grm_sc1_2_session.py	assignment::ROOT	0	ABSENT	74	Path(__file__).resolve().parents[1]	New harness/internal default: not a production adoption receipt; see file order/registration and reference inventory
scripts/grm_sc1_2_session.py	assignment::RUNTIME_FRAME	0	ABSENT	81	FROZEN_RUN / 'runtime_frame_28b3196f8fb04a41.json'	New harness/internal default: not a production adoption receipt; see file order/registration and reference inventory
scripts/grm_sc1_2_session.py	assignment::SC1_1_G2_SUMMARY	0	ABSENT	89	ROOT / 'artifacts' / 'grm_sc1_1' / 'sc1_1_g2_summary_c1baaea3f682e7cc.json'	New harness/internal default: not a production adoption receipt; see file order/registration and reference inventory
scripts/grm_sc1_2_session.py	assignment::SHARDS	0	ABSENT	80	CAMPAIGN / 'eval' / 'mechanistic_shards'	New harness/internal default: not a production adoption receipt; see file order/registration and reference inventory
scripts/grm_sc1_2_session.py	assignment::SOURCE_SHARD	0	ABSENT	129	'e2e-4'	New harness/internal default: not a production adoption receipt; see file order/registration and reference inventory
scripts/grm_sc1_2_session.py	assignment::SUP_FIXTURE_IDS	0	ABSENT	106	('sup_harbor_restatement', 'sup_praxis_fresh', 'sup_solace_fresh')	New harness/internal default: not a production adoption receipt; see file order/registration and reference inventory
scripts/grm_sc1_2_session.py	assignment::_FIXTURE_TURN	0	ABSENT	182	re.compile('^e2e_t(\\d+)_')	New harness/internal default: not a production adoption receipt; see file order/registration and reference inventory
scripts/grm_sc1_2_session.py	parameter:e2e_pairs:node_counts	0	ABSENT	216	None	New harness/internal default: not a production adoption receipt; see file order/registration and reference inventory
scripts/grm_sc1_2_session.py	parameter:e2e_pairs:rows	0	ABSENT	216	None	New harness/internal default: not a production adoption receipt; see file order/registration and reference inventory
scripts/grm_sc1_2_session.py	parameter:race_rows:path	0	ABSENT	204	EVAL_ROWS	New harness/internal default: not a production adoption receipt; see file order/registration and reference inventory
scripts/grm_sc1_2_session.py	parameter:truncated_manifest:no_fold_at_probe	0	ABSENT	427	None	New harness/internal default: not a production adoption receipt; see file order/registration and reference inventory
scripts/grm_sc1_bit_identity_gpu.py	assignment::ARTIFACT_DIR	0	ABSENT	51	ROOT / 'artifacts' / 'grm_sc1'	New harness/internal default: not a production adoption receipt; see file order/registration and reference inventory
scripts/grm_sc1_bit_identity_gpu.py	assignment::DEFAULT_SESSION	0	ABSENT	63	'fresh_fact_controls'	New harness/internal default: not a production adoption receipt; see file order/registration and reference inventory
scripts/grm_sc1_bit_identity_gpu.py	assignment::LEASE_SECONDS	0	ABSENT	64	580	New harness/internal default: not a production adoption receipt; see file order/registration and reference inventory
scripts/grm_sc1_bit_identity_gpu.py	assignment::LOCK_WAIT_SECONDS	0	ABSENT	65	7200	New harness/internal default: not a production adoption receipt; see file order/registration and reference inventory
scripts/grm_sc1_bit_identity_gpu.py	assignment::REGISTRATION	0	ABSENT	57	ARTIFACT_DIR / 'grm_sc1_registration.json'	New harness/internal default: not a production adoption receipt; see file order/registration and reference inventory
scripts/grm_sc1_bit_identity_gpu.py	assignment::ROOT	0	ABSENT	41	Path(__file__).resolve().parents[1]	New harness/internal default: not a production adoption receipt; see file order/registration and reference inventory
scripts/grm_sc1_bit_identity_gpu.py	assignment::RUNTIME_FRAME	0	ABSENT	53	ROOT / 'artifacts' / 'grm_det1' / 'run_20260831T160525Z_2' / 'runtime_frame_28b3196f8fb04a41.json'	New harness/internal default: not a production adoption receipt; see file order/registration and reference inventory
scripts/grm_sc1_bit_identity_gpu.py	assignment::SCHEMA_PREFIX	0	ABSENT	52	'grm.sc1'	New harness/internal default: not a production adoption receipt; see file order/registration and reference inventory
scripts/grm_sc1_bit_identity_gpu.py	assignment::SUP_FIXTURES	0	ABSENT	58	ROOT / 'tests' / 'fixtures' / 'supersession_battery'	New harness/internal default: not a production adoption receipt; see file order/registration and reference inventory
scripts/grm_sc1_bit_identity_gpu.py	cli:parse_args:'--lease-seconds'	0	ABSENT	274	default=LEASE_SECONDS	New harness/internal default: not a production adoption receipt; see file order/registration and reference inventory
scripts/grm_sc1_bit_identity_gpu.py	cli:parse_args:'--lock-wait-seconds'	0	ABSENT	275	default=LOCK_WAIT_SECONDS	New harness/internal default: not a production adoption receipt; see file order/registration and reference inventory
scripts/grm_sc1_bit_identity_gpu.py	cli:parse_args:'--probe-index'	0	ABSENT	273	default=0	New harness/internal default: not a production adoption receipt; see file order/registration and reference inventory
scripts/grm_sc1_bit_identity_gpu.py	cli:parse_args:'--session-id'	0	ABSENT	272	default=DEFAULT_SESSION	New harness/internal default: not a production adoption receipt; see file order/registration and reference inventory
scripts/grm_sc1_bit_identity_gpu.py	parameter:main:argv	0	ABSENT	280	None	New harness/internal default: not a production adoption receipt; see file order/registration and reference inventory
scripts/grm_sc1_bit_identity_gpu.py	parameter:parse_args:argv	0	ABSENT	270	None	New harness/internal default: not a production adoption receipt; see file order/registration and reference inventory
scripts/grm_sc1_bit_identity_gpu.py	parameter:run_gate:probe_index	0	ABSENT	107	0	New harness/internal default: not a production adoption receipt; see file order/registration and reference inventory
scripts/grm_sc1_lived_battery_gpu.py	assignment::ARTIFACT_DIR	0	ABSENT	51	ROOT / 'artifacts' / 'grm_sc1'	New harness/internal default: not a production adoption receipt; see file order/registration and reference inventory
scripts/grm_sc1_lived_battery_gpu.py	assignment::LEASE_SECONDS	0	ABSENT	59	580	New harness/internal default: not a production adoption receipt; see file order/registration and reference inventory
scripts/grm_sc1_lived_battery_gpu.py	assignment::LOCK_WAIT_SECONDS	0	ABSENT	60	7200	New harness/internal default: not a production adoption receipt; see file order/registration and reference inventory
scripts/grm_sc1_lived_battery_gpu.py	assignment::ORDER	0	ABSENT	57	ROOT / 'orders' / 'GRM_SC1_DEMAND_LOOP_NGH.md'	New harness/internal default: not a production adoption receipt; see file order/registration and reference inventory
scripts/grm_sc1_lived_battery_gpu.py	assignment::REGISTRATION	0	ABSENT	55	ARTIFACT_DIR / 'grm_sc1_registration.json'	New harness/internal default: not a production adoption receipt; see file order/registration and reference inventory
scripts/grm_sc1_lived_battery_gpu.py	assignment::ROOT	0	ABSENT	40	Path(__file__).resolve().parents[1]	New harness/internal default: not a production adoption receipt; see file order/registration and reference inventory
scripts/grm_sc1_lived_battery_gpu.py	assignment::SC1_1_ARTIFACT_DIR	0	ABSENT	53	ROOT / 'artifacts' / 'grm_sc1_1'	New harness/internal default: not a production adoption receipt; see file order/registration and reference inventory
scripts/grm_sc1_lived_battery_gpu.py	assignment::SC1_1_ORDER	0	ABSENT	58	ROOT / 'orders' / 'GRM_SC1_1_GROUNDING_GLYPHS.md'	New harness/internal default: not a production adoption receipt; see file order/registration and reference inventory
scripts/grm_sc1_lived_battery_gpu.py	assignment::SC1_1_REGISTRATION	0	ABSENT	56	SC1_1_ARTIFACT_DIR / 'registration.json'	New harness/internal default: not a production adoption receipt; see file order/registration and reference inventory
scripts/grm_sc1_lived_battery_gpu.py	assignment::SCHEMA_PREFIX	0	ABSENT	54	'grm.sc1'	New harness/internal default: not a production adoption receipt; see file order/registration and reference inventory
scripts/grm_sc1_lived_battery_gpu.py	assignment::_INFO_KEYS	0	ABSENT	64	tuple(p2c._INFO_KEYS)	New harness/internal default: not a production adoption receipt; see file order/registration and reference inventory
scripts/grm_sc1_lived_battery_gpu.py	assignment:serve_fixture:os.environ['GRM_DEMAND_NGH']	0	ABSENT	98	'1' if demand else '0'	New harness/internal default: not a production adoption receipt; see file order/registration and reference inventory
scripts/grm_sc1_lived_battery_gpu.py	assignment:serve_fixture:os.environ['GRM_LSR_FIXES']	0	ABSENT	96	'1'	New harness/internal default: not a production adoption receipt; see file order/registration and reference inventory
scripts/grm_sc1_lived_battery_gpu.py	cli:parse_args:'--demand'	0	ABSENT	322	default=1; choices=(0, 1)	New harness/internal default: not a production adoption receipt; see file order/registration and reference inventory
scripts/grm_sc1_lived_battery_gpu.py	cli:parse_args:'--demand-receipts'	0	ABSENT	324	nargs='*'; default=()	New harness/internal default: not a production adoption receipt; see file order/registration and reference inventory
scripts/grm_sc1_lived_battery_gpu.py	cli:parse_args:'--lease-seconds'	0	ABSENT	326	default=LEASE_SECONDS	New harness/internal default: not a production adoption receipt; see file order/registration and reference inventory
scripts/grm_sc1_lived_battery_gpu.py	cli:parse_args:'--lock-wait-seconds'	0	ABSENT	327	default=LOCK_WAIT_SECONDS	New harness/internal default: not a production adoption receipt; see file order/registration and reference inventory
scripts/grm_sc1_lived_battery_gpu.py	cli:parse_args:'--p2c-receipts'	0	ABSENT	325	nargs='*'; default=()	New harness/internal default: not a production adoption receipt; see file order/registration and reference inventory
scripts/grm_sc1_lived_battery_gpu.py	cli:parse_args:'--session-id'	0	ABSENT	321	default=None	New harness/internal default: not a production adoption receipt; see file order/registration and reference inventory
scripts/grm_sc1_lived_battery_gpu.py	cli:parse_args:'command'	0	ABSENT	320	choices=('fixture', 'compare')	New harness/internal default: not a production adoption receipt; see file order/registration and reference inventory
scripts/grm_sc1_lived_battery_gpu.py	env:serve_fixture:'GRM_DEMAND_NGH'	0	ABSENT	192	os.environ.get('GRM_DEMAND_NGH')	New harness/internal default: not a production adoption receipt; see file order/registration and reference inventory
scripts/grm_sc1_lived_battery_gpu.py	env:serve_fixture:'GRM_LSR_FIXES'	0	ABSENT	191	os.environ.get('GRM_LSR_FIXES')	New harness/internal default: not a production adoption receipt; see file order/registration and reference inventory
scripts/grm_sc1_lived_battery_gpu.py	parameter:main:argv	0	ABSENT	332	None	New harness/internal default: not a production adoption receipt; see file order/registration and reference inventory
scripts/grm_sc1_lived_battery_gpu.py	parameter:parse_args:argv	0	ABSENT	318	None	New harness/internal default: not a production adoption receipt; see file order/registration and reference inventory
scripts/grm_sc1_lived_battery_gpu.py	parameter:serve_fixture:demand	0	ABSENT	79	True	New harness/internal default: not a production adoption receipt; see file order/registration and reference inventory
scripts/grm_sc1_overhead_gpu.py	assignment::ARTIFACT_DIR	0	ABSENT	49	ROOT / 'artifacts' / 'grm_sc1'	New harness/internal default: not a production adoption receipt; see file order/registration and reference inventory
scripts/grm_sc1_overhead_gpu.py	assignment::DEFAULT_SESSION	0	ABSENT	53	'fresh_fact_controls'	New harness/internal default: not a production adoption receipt; see file order/registration and reference inventory
scripts/grm_sc1_overhead_gpu.py	assignment::LEASE_SECONDS	0	ABSENT	56	580	New harness/internal default: not a production adoption receipt; see file order/registration and reference inventory
scripts/grm_sc1_overhead_gpu.py	assignment::LOCK_WAIT_SECONDS	0	ABSENT	57	7200	New harness/internal default: not a production adoption receipt; see file order/registration and reference inventory
scripts/grm_sc1_overhead_gpu.py	assignment::ORDER	0	ABSENT	52	ROOT / 'orders' / 'GRM_SC1_DEMAND_LOOP_NGH.md'	New harness/internal default: not a production adoption receipt; see file order/registration and reference inventory
scripts/grm_sc1_overhead_gpu.py	assignment::REGISTRATION	0	ABSENT	51	ARTIFACT_DIR / 'grm_sc1_registration.json'	New harness/internal default: not a production adoption receipt; see file order/registration and reference inventory
scripts/grm_sc1_overhead_gpu.py	assignment::ROOT	0	ABSENT	38	Path(__file__).resolve().parents[1]	New harness/internal default: not a production adoption receipt; see file order/registration and reference inventory
scripts/grm_sc1_overhead_gpu.py	assignment::SCHEMA_PREFIX	0	ABSENT	50	'grm.sc1'	New harness/internal default: not a production adoption receipt; see file order/registration and reference inventory
scripts/grm_sc1_overhead_gpu.py	assignment::WARMUP_PAIRS	0	ABSENT	55	1	New harness/internal default: not a production adoption receipt; see file order/registration and reference inventory
scripts/grm_sc1_overhead_gpu.py	cli:parse_args:'--lease-seconds'	0	ABSENT	239	default=LEASE_SECONDS	New harness/internal default: not a production adoption receipt; see file order/registration and reference inventory
scripts/grm_sc1_overhead_gpu.py	cli:parse_args:'--lock-wait-seconds'	0	ABSENT	240	default=LOCK_WAIT_SECONDS	New harness/internal default: not a production adoption receipt; see file order/registration and reference inventory
scripts/grm_sc1_overhead_gpu.py	cli:parse_args:'--session-id'	0	ABSENT	237	default=DEFAULT_SESSION	New harness/internal default: not a production adoption receipt; see file order/registration and reference inventory
scripts/grm_sc1_overhead_gpu.py	cli:parse_args:'--turns'	0	ABSENT	238	default=3	New harness/internal default: not a production adoption receipt; see file order/registration and reference inventory
scripts/grm_sc1_overhead_gpu.py	parameter:main:argv	0	ABSENT	245	None	New harness/internal default: not a production adoption receipt; see file order/registration and reference inventory
scripts/grm_sc1_overhead_gpu.py	parameter:parse_args:argv	0	ABSENT	235	None	New harness/internal default: not a production adoption receipt; see file order/registration and reference inventory
scripts/grm_sc1_overhead_gpu.py	parameter:run_gate._prepare:clean	0	ABSENT	128	clean	New harness/internal default: not a production adoption receipt; see file order/registration and reference inventory
scripts/grm_sc1_overhead_gpu.py	parameter:run_gate:turns	0	ABSENT	81	3	New harness/internal default: not a production adoption receipt; see file order/registration and reference inventory
scripts/grm_sc1_recovery_gpu.py	assignment::ARTIFACT_DIR	0	ABSENT	70	ROOT / 'artifacts' / 'grm_sc1'	New harness/internal default: not a production adoption receipt; see file order/registration and reference inventory
scripts/grm_sc1_recovery_gpu.py	assignment::DET1_REGISTRATION	0	ABSENT	85	FROZEN_RUN / 'registration_62cb6c09cbec211d.json'	New harness/internal default: not a production adoption receipt; see file order/registration and reference inventory
scripts/grm_sc1_recovery_gpu.py	assignment::EVAL_ROWS	0	ABSENT	81	FROZEN_RUN / 'det1_4' / 'campaign' / 'eval' / 'mechanistic_rows.jsonl'	New harness/internal default: not a production adoption receipt; see file order/registration and reference inventory
scripts/grm_sc1_recovery_gpu.py	assignment::FROZEN_RUN	0	ABSENT	74	ROOT / 'artifacts' / 'grm_det1' / 'run_20260831T160525Z_2'	New harness/internal default: not a production adoption receipt; see file order/registration and reference inventory
scripts/grm_sc1_recovery_gpu.py	assignment::LEASE_SECONDS	0	ABSENT	94	580	New harness/internal default: not a production adoption receipt; see file order/registration and reference inventory
scripts/grm_sc1_recovery_gpu.py	assignment::LOCK_WAIT_SECONDS	0	ABSENT	95	7200	New harness/internal default: not a production adoption receipt; see file order/registration and reference inventory
scripts/grm_sc1_recovery_gpu.py	assignment::ORDER	0	ABSENT	77	ROOT / 'orders' / 'GRM_SC1_DEMAND_LOOP_NGH.md'	New harness/internal default: not a production adoption receipt; see file order/registration and reference inventory
scripts/grm_sc1_recovery_gpu.py	assignment::REGISTRATION	0	ABSENT	76	ARTIFACT_DIR / 'grm_sc1_registration.json'	New harness/internal default: not a production adoption receipt; see file order/registration and reference inventory
scripts/grm_sc1_recovery_gpu.py	assignment::ROOT	0	ABSENT	60	Path(__file__).resolve().parents[1]	New harness/internal default: not a production adoption receipt; see file order/registration and reference inventory
scripts/grm_sc1_recovery_gpu.py	assignment::RUNTIME_FRAME	0	ABSENT	75	FROZEN_RUN / 'runtime_frame_28b3196f8fb04a41.json'	New harness/internal default: not a production adoption receipt; see file order/registration and reference inventory
scripts/grm_sc1_recovery_gpu.py	assignment::SC1_1_ARTIFACT_DIR	0	ABSENT	72	ROOT / 'artifacts' / 'grm_sc1_1'	New harness/internal default: not a production adoption receipt; see file order/registration and reference inventory
scripts/grm_sc1_recovery_gpu.py	assignment::SC1_1_ORDER	0	ABSENT	78	ROOT / 'orders' / 'GRM_SC1_1_GROUNDING_GLYPHS.md'	New harness/internal default: not a production adoption receipt; see file order/registration and reference inventory
scripts/grm_sc1_recovery_gpu.py	assignment::SC1_1_REGISTRATION	0	ABSENT	79	SC1_1_ARTIFACT_DIR / 'registration.json'	New harness/internal default: not a production adoption receipt; see file order/registration and reference inventory
scripts/grm_sc1_recovery_gpu.py	assignment::SCHEMA_PREFIX	0	ABSENT	73	'grm.sc1'	New harness/internal default: not a production adoption receipt; see file order/registration and reference inventory
scripts/grm_sc1_recovery_gpu.py	assignment::SUP_FIXTURES	0	ABSENT	80	ROOT / 'tests' / 'fixtures' / 'supersession_battery'	New harness/internal default: not a production adoption receipt; see file order/registration and reference inventory
scripts/grm_sc1_recovery_gpu.py	assignment::SUP_SESSIONS	0	ABSENT	88	('correction_then_restatement', 'fresh_fact_controls', 'multi_hop_a_b_c', 'short_correction_long_competitor')	New harness/internal default: not a production adoption receipt; see file order/registration and reference inventory
scripts/grm_sc1_recovery_gpu.py	assignment:run_session:os.environ['GRM_DEMAND_NGH']	0	ABSENT	635	'1'	New harness/internal default: not a production adoption receipt; see file order/registration and reference inventory
scripts/grm_sc1_recovery_gpu.py	assignment:run_session:os.environ['GRM_LSR_FIXES']	0	ABSENT	638	'1'	New harness/internal default: not a production adoption receipt; see file order/registration and reference inventory
scripts/grm_sc1_recovery_gpu.py	cli:parse_args:'--lease-seconds'	0	ABSENT	900	default=LEASE_SECONDS	New harness/internal default: not a production adoption receipt; see file order/registration and reference inventory
scripts/grm_sc1_recovery_gpu.py	cli:parse_args:'--lock-wait-seconds'	0	ABSENT	901	default=LOCK_WAIT_SECONDS	New harness/internal default: not a production adoption receipt; see file order/registration and reference inventory
scripts/grm_sc1_recovery_gpu.py	cli:parse_args:'--receipts'	0	ABSENT	896	nargs='*'; default=()	New harness/internal default: not a production adoption receipt; see file order/registration and reference inventory
scripts/grm_sc1_recovery_gpu.py	cli:parse_args:'--sc1-2-receipts'	0	ABSENT	897	nargs='*'; default=()	New harness/internal default: not a production adoption receipt; see file order/registration and reference inventory
scripts/grm_sc1_recovery_gpu.py	cli:parse_args:'--session-id'	0	ABSENT	895	default=None	New harness/internal default: not a production adoption receipt; see file order/registration and reference inventory
scripts/grm_sc1_recovery_gpu.py	cli:parse_args:'command'	0	ABSENT	893	choices=('plan', 'session', 'summarize', 'summarize10')	New harness/internal default: not a production adoption receipt; see file order/registration and reference inventory
scripts/grm_sc1_recovery_gpu.py	env:run_session:'GRM_DEMAND_NGH'	0	ABSENT	681	os.environ.get('GRM_DEMAND_NGH')	New harness/internal default: not a production adoption receipt; see file order/registration and reference inventory
scripts/grm_sc1_recovery_gpu.py	env:run_session:'GRM_LSR_FIXES'	0	ABSENT	680	os.environ.get('GRM_LSR_FIXES')	New harness/internal default: not a production adoption receipt; see file order/registration and reference inventory
scripts/grm_sc1_recovery_gpu.py	parameter:main:argv	0	ABSENT	906	None	New harness/internal default: not a production adoption receipt; see file order/registration and reference inventory
scripts/grm_sc1_recovery_gpu.py	parameter:parse_args:argv	0	ABSENT	891	None	New harness/internal default: not a production adoption receipt; see file order/registration and reference inventory
scripts/grm_sc2_calibration.py	assignment::ARTIFACTS	0	ABSENT	46	ROOT / 'artifacts'	New harness/internal default: not a production adoption receipt; see file order/registration and reference inventory
scripts/grm_sc2_calibration.py	assignment::CARRIED_THRESHOLDS	0	ABSENT	53	RACE_ROOT / 'calibration' / 'thresholds_2149a44b6136fd1b.json'	New harness/internal default: not a production adoption receipt; see file order/registration and reference inventory
scripts/grm_sc2_calibration.py	assignment::RACE_CALIBRATION_ROWS	0	ABSENT	51	RACE_ROOT / 'calibration' / 'mechanistic_rows.jsonl'	New harness/internal default: not a production adoption receipt; see file order/registration and reference inventory
scripts/grm_sc2_calibration.py	assignment::RACE_EVAL_ROWS	0	ABSENT	52	RACE_ROOT / 'eval' / 'mechanistic_rows.jsonl'	New harness/internal default: not a production adoption receipt; see file order/registration and reference inventory
scripts/grm_sc2_calibration.py	assignment::RACE_ROOT	0	ABSENT	50	ARTIFACTS / 'grm_det1' / 'run_20260831T160525Z_2' / 'det1_4' / 'campaign'	New harness/internal default: not a production adoption receipt; see file order/registration and reference inventory
scripts/grm_sc2_calibration.py	assignment::RECOVERY_UNMEASURABLE_PROBE	0	ABSENT	436	'sup_solace_fresh'	New harness/internal default: not a production adoption receipt; see file order/registration and reference inventory
scripts/grm_sc2_calibration.py	assignment::REGISTRATION_PATH	0	ABSENT	48	SC2_DIR / 'registration.json'	New harness/internal default: not a production adoption receipt; see file order/registration and reference inventory
scripts/grm_sc2_calibration.py	assignment::ROOT	0	ABSENT	42	Path(__file__).resolve().parents[1]	New harness/internal default: not a production adoption receipt; see file order/registration and reference inventory
scripts/grm_sc2_calibration.py	assignment::SC1_1_G2_RECEIPTS	0	ABSENT	58	(ARTIFACTS / 'grm_sc1_1' / 'sc1_1_g2_correction_then_restatement_3b13020d92d8ff89.json', ARTIFACTS / 'grm_sc1_1' / 'sc1_1_g2_fresh_fact_controls_832fe67cd8e33a05.json')	New harness/internal default: not a production adoption receipt; see file order/registration and reference inventory
scripts/grm_sc2_calibration.py	assignment::SC1_1_G3_SUMMARY	0	ABSENT	55	ARTIFACTS / 'grm_sc1_1' / 'sc1_1_g3_summary_979e8e70276871ab.json'	New harness/internal default: not a production adoption receipt; see file order/registration and reference inventory
scripts/grm_sc2_calibration.py	assignment::SC1_1_G3_SUMMARY_DEMAND_OFF	0	ABSENT	56	ARTIFACTS / 'grm_sc1_1' / 'sc1_1_g3_summary_51eb47fdbebfbdd1.json'	New harness/internal default: not a production adoption receipt; see file order/registration and reference inventory
scripts/grm_sc2_calibration.py	assignment::SC1_2_PAIR_GLOB	0	ABSENT	62	'sc1_2_pair_e2e_*.json'	New harness/internal default: not a production adoption receipt; see file order/registration and reference inventory
scripts/grm_sc2_calibration.py	assignment::SC2_DIR	0	ABSENT	47	ARTIFACTS / 'grm_sc2'	New harness/internal default: not a production adoption receipt; see file order/registration and reference inventory
scripts/grm_sc2_calibration.py	assignment::SWEEP_POINTS	0	ABSENT	68	41	New harness/internal default: not a production adoption receipt; see file order/registration and reference inventory
scripts/grm_sc2_calibration.py	assignment::SWEEP_START	0	ABSENT	65	0.05	New harness/internal default: not a production adoption receipt; see file order/registration and reference inventory
scripts/grm_sc2_calibration.py	assignment::SWEEP_STEP	0	ABSENT	67	0.01	New harness/internal default: not a production adoption receipt; see file order/registration and reference inventory
scripts/grm_sc2_calibration.py	assignment::SWEEP_STOP	0	ABSENT	66	0.45	New harness/internal default: not a production adoption receipt; see file order/registration and reference inventory
scripts/grm_sc2_calibration.py	parameter:main:argv	0	ABSENT	806	None	New harness/internal default: not a production adoption receipt; see file order/registration and reference inventory
scripts/grm_sc2_e2e_abort_gpu.py	assignment::ARTIFACT_DIR	0	ABSENT	73	ROOT / 'artifacts' / 'grm_sc2'	New harness/internal default: not a production adoption receipt; see file order/registration and reference inventory
scripts/grm_sc2_e2e_abort_gpu.py	assignment::INTER_RUN_GAP_SECONDS	0	ABSENT	80	30	New harness/internal default: not a production adoption receipt; see file order/registration and reference inventory
scripts/grm_sc2_e2e_abort_gpu.py	assignment::LEASE_SECONDS	0	ABSENT	78	520	New harness/internal default: not a production adoption receipt; see file order/registration and reference inventory
scripts/grm_sc2_e2e_abort_gpu.py	assignment::LOCK_WAIT_SECONDS	0	ABSENT	79	7200	New harness/internal default: not a production adoption receipt; see file order/registration and reference inventory
scripts/grm_sc2_e2e_abort_gpu.py	assignment::ORDER	0	ABSENT	75	'orders/GRM_SC2_CALIBRATION_EARLY_ABORT.md'	New harness/internal default: not a production adoption receipt; see file order/registration and reference inventory
scripts/grm_sc2_e2e_abort_gpu.py	assignment::REGISTRATION	0	ABSENT	76	ARTIFACT_DIR / 'registration.json'	New harness/internal default: not a production adoption receipt; see file order/registration and reference inventory
scripts/grm_sc2_e2e_abort_gpu.py	assignment::ROOT	0	ABSENT	64	Path(__file__).resolve().parents[1]	New harness/internal default: not a production adoption receipt; see file order/registration and reference inventory
scripts/grm_sc2_e2e_abort_gpu.py	assignment::SC12_TEN_PAIR_TABLE	0	ABSENT	83	ROOT / 'artifacts' / 'grm_sc1_2' / 'sc1_2_ten_pair_table_4a0da1ed598cbfec.json'	New harness/internal default: not a production adoption receipt; see file order/registration and reference inventory
scripts/grm_sc2_e2e_abort_gpu.py	assignment::SCHEMA_PREFIX	0	ABSENT	74	'grm.sc2'	New harness/internal default: not a production adoption receipt; see file order/registration and reference inventory
scripts/grm_sc2_e2e_abort_gpu.py	assignment:measure_pair_abort:os.environ['GRM_DEMAND_NGH']	0	ABSENT	420	'1'	New harness/internal default: not a production adoption receipt; see file order/registration and reference inventory
scripts/grm_sc2_e2e_abort_gpu.py	assignment:measure_pair_abort:os.environ[grm_demand.ENV_EARLY_ABORT]	0	ABSENT	428	'1'	New harness/internal default: not a production adoption receipt; see file order/registration and reference inventory
scripts/grm_sc2_e2e_abort_gpu.py	assignment:run_pair:os.environ['GRM_LSR_FIXES']	0	ABSENT	512	'1'	New harness/internal default: not a production adoption receipt; see file order/registration and reference inventory
scripts/grm_sc2_e2e_abort_gpu.py	cli:parse_args:'--fixture-id'	0	ABSENT	680	default=None	New harness/internal default: not a production adoption receipt; see file order/registration and reference inventory
scripts/grm_sc2_e2e_abort_gpu.py	cli:parse_args:'--gap-seconds'	0	ABSENT	685	default=INTER_RUN_GAP_SECONDS	New harness/internal default: not a production adoption receipt; see file order/registration and reference inventory
scripts/grm_sc2_e2e_abort_gpu.py	cli:parse_args:'--lease-seconds'	0	ABSENT	682	default=LEASE_SECONDS	New harness/internal default: not a production adoption receipt; see file order/registration and reference inventory
scripts/grm_sc2_e2e_abort_gpu.py	cli:parse_args:'--lock-wait-seconds'	0	ABSENT	683	default=LOCK_WAIT_SECONDS	New harness/internal default: not a production adoption receipt; see file order/registration and reference inventory
scripts/grm_sc2_e2e_abort_gpu.py	cli:parse_args:'--receipts'	0	ABSENT	681	nargs='*'; default=()	New harness/internal default: not a production adoption receipt; see file order/registration and reference inventory
scripts/grm_sc2_e2e_abort_gpu.py	cli:parse_args:'command'	0	ABSENT	679	choices=('pair', 'summarize')	New harness/internal default: not a production adoption receipt; see file order/registration and reference inventory
scripts/grm_sc2_e2e_abort_gpu.py	env:run_pair:_runtime_env(frame)	0	ABSENT	489	os.environ.update(_runtime_env(frame))	New harness/internal default: not a production adoption receipt; see file order/registration and reference inventory
scripts/grm_sc2_e2e_abort_gpu.py	parameter:main:argv	0	ABSENT	690	None	New harness/internal default: not a production adoption receipt; see file order/registration and reference inventory
scripts/grm_sc2_e2e_abort_gpu.py	parameter:parse_args:argv	0	ABSENT	677	None	New harness/internal default: not a production adoption receipt; see file order/registration and reference inventory
scripts/grm_sc2_results.py	assignment::ROOT	0	ABSENT	18	Path(__file__).resolve().parents[1]	New harness/internal default: not a production adoption receipt; see file order/registration and reference inventory
scripts/grm_sc2_results.py	assignment::SC2_DIR	0	ABSENT	24	ROOT / 'artifacts' / 'grm_sc2'	New harness/internal default: not a production adoption receipt; see file order/registration and reference inventory
scripts/grm_sc2_results.py	cli:main:'--calibration'	0	ABSENT	218	required=True	New harness/internal default: not a production adoption receipt; see file order/registration and reference inventory
scripts/grm_sc2_results.py	cli:main:'--g3-table'	0	ABSENT	219	required=True	New harness/internal default: not a production adoption receipt; see file order/registration and reference inventory
scripts/grm_sc2_results.py	cli:main:'--g4-baseline'	0	ABSENT	221	required=True	New harness/internal default: not a production adoption receipt; see file order/registration and reference inventory
scripts/grm_sc2_results.py	cli:main:'--g4-summary'	0	ABSENT	220	required=True	New harness/internal default: not a production adoption receipt; see file order/registration and reference inventory
scripts/grm_sc2_results.py	cli:main:'--pytest-log'	0	ABSENT	222	nargs='*'; default=()	New harness/internal default: not a production adoption receipt; see file order/registration and reference inventory
scripts/grm_sc2_results.py	parameter:main:argv	0	ABSENT	214	None	New harness/internal default: not a production adoption receipt; see file order/registration and reference inventory
scripts/grm_sup_l2_default_on_gate.py	assignment::ARTIFACT_ROOT	0	ABSENT	34	ROOT / 'artifacts' / 'grm_supersession'	New harness/internal default: not a production adoption receipt; see file order/registration and reference inventory
scripts/grm_sup_l2_default_on_gate.py	assignment::ENVELOPE_KEYS	0	ABSENT	50	frozenset(('schema', 'record_type', 'dialect', 'mode'))	New harness/internal default: not a production adoption receipt; see file order/registration and reference inventory
scripts/grm_sup_l2_default_on_gate.py	assignment::EXPECTED_CHANGED_PROBES	0	ABSENT	47	frozenset(('harbor_restatement', 'lumen_head', 'orion_current'))	New harness/internal default: not a production adoption receipt; see file order/registration and reference inventory
scripts/grm_sup_l2_default_on_gate.py	assignment::GPU_LOCK	0	ABSENT	38	Path('/tmp/forge-gpu.lock')	New harness/internal default: not a production adoption receipt; see file order/registration and reference inventory
scripts/grm_sup_l2_default_on_gate.py	assignment::L2_ANCHOR	0	ABSENT	36	ARTIFACT_ROOT / 'diag_resolve_only.jsonl'	New harness/internal default: not a production adoption receipt; see file order/registration and reference inventory
scripts/grm_sup_l2_default_on_gate.py	assignment::L2_RECEIPT_SHA256	0	ABSENT	44	'8053f9c3437bb6ff4c0e81533159b2e5870c32ca20f895e799ca61f8585d2a78'	New harness/internal default: not a production adoption receipt; see file order/registration and reference inventory
scripts/grm_sup_l2_default_on_gate.py	assignment::L2_REPEAT	0	ABSENT	37	ARTIFACT_ROOT / 'postmerge_resolve.jsonl'	New harness/internal default: not a production adoption receipt; see file order/registration and reference inventory
scripts/grm_sup_l2_default_on_gate.py	assignment::LEGACY_ANCHOR	0	ABSENT	35	ARTIFACT_ROOT / 'g0_baseline.jsonl'	New harness/internal default: not a production adoption receipt; see file order/registration and reference inventory
scripts/grm_sup_l2_default_on_gate.py	assignment::LEGACY_RECEIPT_SHA256	0	ABSENT	41	'7bc14aaf1eb58a61b6df12586341f409f1768a537b5910b17dd67df9541e8ccd'	New harness/internal default: not a production adoption receipt; see file order/registration and reference inventory
scripts/grm_sup_l2_default_on_gate.py	assignment::MAX_LEASE_SECONDS	0	ABSENT	39	590	New harness/internal default: not a production adoption receipt; see file order/registration and reference inventory
scripts/grm_sup_l2_default_on_gate.py	assignment::ROOT	0	ABSENT	33	Path(__file__).resolve().parents[1]	New harness/internal default: not a production adoption receipt; see file order/registration and reference inventory
scripts/grm_sup_l2_default_on_gate.py	cli:parse_args:'--artifact-root'	0	ABSENT	485	default=ARTIFACT_ROOT	New harness/internal default: not a production adoption receipt; see file order/registration and reference inventory
scripts/grm_sup_l2_default_on_gate.py	cli:parse_args:'--command-timeout'	0	ABSENT	484	default=580	New harness/internal default: not a production adoption receipt; see file order/registration and reference inventory
scripts/grm_sup_l2_default_on_gate.py	cli:parse_args:'--run-gpu'	0	ABSENT	479	action='store_true'	New harness/internal default: not a production adoption receipt; see file order/registration and reference inventory
scripts/grm_sup_l2_default_on_gate.py	cli:parse_args:'--wait-seconds'	0	ABSENT	483	default=21600	New harness/internal default: not a production adoption receipt; see file order/registration and reference inventory
scripts/grm_sup_l2_default_on_gate.py	env:gpu_acceptance:'PYTHONPATH'	0	ABSENT	347	env.get('PYTHONPATH', '')	New harness/internal default: not a production adoption receipt; see file order/registration and reference inventory
scripts/grm_sup_l2_default_on_gate.py	parameter:main:argv	0	ABSENT	489	None	New harness/internal default: not a production adoption receipt; see file order/registration and reference inventory
scripts/grm_sup_l2_default_on_gate.py	parameter:parse_args:argv	0	ABSENT	477	None	New harness/internal default: not a production adoption receipt; see file order/registration and reference inventory
scripts/grm_sup_l2_default_on_gate.py	parameter:transcript_projection_bytes:scenario	0	ABSENT	89	None	New harness/internal default: not a production adoption receipt; see file order/registration and reference inventory
scripts/grm_wc1_amend.py	assignment::A1	0	ABSENT	31	"{'id': 'A1', 'title': ""Width 96 sup lands 9/9, not RS3 Part 4's 8/9 — because RT1 is on this branch and its rule is ON by default"", 'raised_before': 'any width other than 96 was run', 'what_the_registration_said': ""g2_reproduction_targets.declared_ambiguity registered, BEFORE any gate ran, that RS3 Part 4 on disk records sup 8/9 while the order's G2 line asks for 9/9, and that WC1 would treat REPRODUCTION OF THE RECEIPT (8/9, same probe verdicts, same served text) as the criterion."", 'what_was_measured': {'sup_at_width_96': '9/9', 'probes_reproducing_rs3_part4_bit_equal': 8, 'the_one_divergence': 'sup_solace_fresh', 'rs3_part4_served': ""I'm sorry, but I don't have that information."", 'wc1_w96_served': 'The current Solace key is **Raven-9-Ivory**.', 'direction': 'RECOVERY, not regression'}, 'cause': ""The divergence is NOT the width injection and NOT a WC1 defect. It is GRM-RT1, which landed on this branch (lc1-wip) AFTER the RS3 Part 4 receipt was written. core/grm_admission.rt1_enabled resolves the rule through the GRM_LSR_FIXES family switch when GRM_RT1_RULE is unset, and WC1 runs with GRM_LSR_FIXES=1 — so the RT1 rule (demote_non_binding_split_members) is ON. RT1's own registered prediction for exactly this battery, in orders/GRM_RT1_SPLIT_CHILD_ROUTING.md, is '9/9 (solace recovers, nothing regresses)' with 'rule OFF reproduces RS3's 8/9 bit-equal on served text'."", 'mechanism_receipt': ""The width-96 solace row's fit info records mount_fitted=[1] and mount_plan=[1] — graft 1, the solace FACT node. RS1/RT1 named the failure as routing to a split child of graft 4 instead of graft 1. The fact node is now the mount, which is the rule doing what it was written to do."", 'ruling': ""G2 is judged REPRODUCED. Both reproduction targets are met at once: 8/9 probes are bit-equal to RS3 Part 4's served text, and the ninth reproduces RT1's registered G2 result. The order's G2 line asks for 'sup 9/9' and names 'RS3 Part 4 + RT1' as the joint target; 9/9 is the RT1-ON column of that pair. This is a reconciliation of two receipts written at different commits, NOT a threshold moved after seeing a result — the registration declared the discrepancy and both candidate criteria before the gate ran."", 'consequence_for_the_sweep': 'The width-96 reference column every other width is compared against is the RT1-ON 9/9 column. A width that loses solace is a regression vs 96 and is reported as one.'}"	New harness/internal default: not a production adoption receipt; see file order/registration and reference inventory
scripts/grm_wc1_amend.py	assignment::AMENDMENTS	0	ABSENT	83	{'A1': A1}	New harness/internal default: not a production adoption receipt; see file order/registration and reference inventory
scripts/grm_wc1_amend.py	assignment::REGISTRATION	0	ABSENT	28	ARTIFACT_DIR / 'registration.json'	New harness/internal default: not a production adoption receipt; see file order/registration and reference inventory
scripts/grm_wc1_amend.py	assignment::ROOT	0	ABSENT	16	Path(__file__).resolve().parents[1]	New harness/internal default: not a production adoption receipt; see file order/registration and reference inventory
scripts/grm_wc1_amend.py	cli:parse_args:'amendment_id'	0	ABSENT	116	choices=sorted(AMENDMENTS)	New harness/internal default: not a production adoption receipt; see file order/registration and reference inventory
scripts/grm_wc1_amend.py	parameter:main:argv	0	ABSENT	120	None	New harness/internal default: not a production adoption receipt; see file order/registration and reference inventory
scripts/grm_wc1_amend.py	parameter:parse_args:argv	0	ABSENT	114	None	New harness/internal default: not a production adoption receipt; see file order/registration and reference inventory
scripts/grm_wc1_common.py	assignment::ARTIFACT_DIR	0	ABSENT	45	ROOT / 'artifacts' / 'grm_wc1'	New harness/internal default: not a production adoption receipt; see file order/registration and reference inventory
scripts/grm_wc1_common.py	assignment::BATTERIES	0	ABSENT	59	('sup', 'census', 'longhorizon')	New harness/internal default: not a production adoption receipt; see file order/registration and reference inventory
scripts/grm_wc1_common.py	assignment::FRAME_DIR	0	ABSENT	46	ARTIFACT_DIR / 'frames'	New harness/internal default: not a production adoption receipt; see file order/registration and reference inventory
scripts/grm_wc1_common.py	assignment::LEVERS	0	ABSENT	62	{'capture_pin': 'live', 'seat_near_live': True, 'lsr_fixes': True, 'frame': 'ephemeral (EB1 spec frame, constructor default)', 'demand': 'off'}	New harness/internal default: not a production adoption receipt; see file order/registration and reference inventory
scripts/grm_wc1_common.py	assignment::REFERENCE_WIDTH	0	ABSENT	56	96	New harness/internal default: not a production adoption receipt; see file order/registration and reference inventory
scripts/grm_wc1_common.py	assignment::ROOT	0	ABSENT	41	Path(__file__).resolve().parents[1]	New harness/internal default: not a production adoption receipt; see file order/registration and reference inventory
scripts/grm_wc1_common.py	assignment::SCHEMA_PREFIX	0	ABSENT	47	'grm.wc1'	New harness/internal default: not a production adoption receipt; see file order/registration and reference inventory
scripts/grm_wc1_common.py	assignment::WIDTH_GRID	0	ABSENT	52	(64, 96, 128, 192, 256)	New harness/internal default: not a production adoption receipt; see file order/registration and reference inventory
scripts/grm_wc1_common.py	parameter:probe_row:expected	0	ABSENT	133	()	New harness/internal default: not a production adoption receipt; see file order/registration and reference inventory
scripts/grm_wc1_common.py	parameter:probe_row:served	0	ABSENT	133	''	New harness/internal default: not a production adoption receipt; see file order/registration and reference inventory
scripts/grm_wc1_common.py	parameter:sweep_table:reference_width	0	ABSENT	194	REFERENCE_WIDTH	New harness/internal default: not a production adoption receipt; see file order/registration and reference inventory
scripts/grm_wc1_g1_pytest.py	assignment::GPU_CONTENTION_REGION	0	ABSENT	133	"{'verdict': 'NOT COMPLETED — the card was held by the parallel seat', 'files': ['tests/test_scribe_floor_gates.py', 'tests/test_scribe_resume_kill.py', 'tests/test_scribe_g0.py', 'tests/test_scribe_fit_probe.py', 'tests/test_graft_migrate.py', 'tests/test_graft_descent.py', 'tests/test_graft_corpus100.py'], 'symptom': 'RuntimeError: cudaMalloc failed: out of memory, AT COLLECTION', 'log': 'logs/wc1_pytest_G1_D.log, logs/wc1_pytest_G1_D1.log', 'precedent': ""RS4's own G1 receipt records the same class ('GPU CONTENTION — QuantLinearTC INT4 init failed is the OOM path. Another seat, in a SEPARATE worktree, held the card'). ANOTHER SEAT IS RUNNING THIS SAME ORDER in a parallel worktree throughout this gate. Nothing was killed, signalled or waited on to clear it."", 'honesty_note': 'Reported as an INCOMPLETE region, not as a pass. None of these files imports any WC1 module.', 'also_not_completed': {'files': ['tests/test_graft_gqa_arena.py', 'tests/test_graft_gqa_features.py'], 'line': '2 warnings in 183.07s (rc=5, no tests collected)', 'log': 'logs/wc1_pytest_G1_F.log', 'note': ""Both are in RS4's own not-completed region; here they collected zero tests rather than failing.""}}"	New harness/internal default: not a production adoption receipt; see file order/registration and reference inventory
scripts/grm_wc1_g1_pytest.py	assignment::RECEIPT	0	ABSENT	41	ARTIFACT_DIR / 'grm_wc1_g1_pytest.json'	New harness/internal default: not a production adoption receipt; see file order/registration and reference inventory
scripts/grm_wc1_g1_pytest.py	assignment::ROOT	0	ABSENT	30	Path(__file__).resolve().parents[1]	New harness/internal default: not a production adoption receipt; see file order/registration and reference inventory
scripts/grm_wc1_g1_pytest.py	assignment::RS4_G1	0	ABSENT	42	Path('/mnt/ForgeRealm/GraftRepository/artifacts/grm_rs4/grm_rs4_g1_pytest.json')	New harness/internal default: not a production adoption receipt; see file order/registration and reference inventory
scripts/grm_wc1_g1_pytest.py	assignment::SHARDS	0	ABSENT	45	"({'shard': 'A (WC1 + RS3/RS4 + LSR P2A/P2B/P2C + RT1 + admission + EB1)', 'line': '354 passed, 10 skipped, 2 warnings in 6.95s', 'rc': 0, 'log': 'logs/wc1_pytest_G1_A.log', 'note': 'Contains the 39 NEW WC1 CPU tests. First run of this shard had 2 failures in tests/test_grm_rs4_baseline_and_gates.py, both FileNotFoundError on artifacts/grm_rs3/registration.json — an absent read-only receipt in a fresh worktree, not a code fault. The receipt was copied in unchanged and the shard went green.'}, {'shard': 'C1 (importance, S4, SC1.1, three-pass, supersession, arena)', 'line': '374 passed, 2 warnings in 7.37s', 'rc': 0, 'log': 'logs/wc1_pytest_G1_C1.log'}, {'shard': 'D2 (router baseline, route seams, RS1, RS2, runtime lifecycle, deepseek hooks, apamq)', 'line': '1 failed, 133 passed, 66 skipped, 2 warnings in 291.68s', 'rc': 1, 'log': 'logs/wc1_pytest_G1_D2.log', 'note': ""The single failure is tests/test_apamq_fc_ppl.py::test_summary_is_paired_and_contains_no_verdict — ALREADY IN THE PRE-EXISTING FAILING SET per RS4's G1 receipt ('STILL FAILS — reproduced alone. In the set.'), and re-confirmed failing in the MAIN checkout during this gate (1 failed, 5 passed in 0.25s).""}, {'shard': 'E (native runtime, probe ladder)', 'line': '136 passed, 2 warnings in 410.70s', 'rc': 0, 'log': 'logs/wc1_pytest_G1_E.log', 'note': ""Both files are in RS4's 'not completed under the per-call budget' region; under WC1 they completed and passed.""}, {'shard': 'quant_format alone', 'line': '22 passed, 2 warnings in 0.38s', 'rc': 0, 'log': ""(run inline; matches RS4's '22 passed alone')""})"	New harness/internal default: not a production adoption receipt; see file order/registration and reference inventory
scripts/grm_wc1_g1_pytest.py	assignment::WORKTREE_ABSENCE_REGION	0	ABSENT	95	{'verdict': 'INCOMPLETE IN THIS WORKTREE — reported, never counted as pass', 'cause': 'artifacts/ is gitignored, so a fresh worktree has no artifacts tree. These files read FROZEN receipts (the 8.6 GB DET1.5 race tree at artifacts/grm_det1/run_20260831T160525Z_2/ and sibling campaign trees). Every failure and error in this region is a FileNotFoundError on a missing read-only receipt.', 'not_a_regression_because': 'WC1 modified NO core file, NO existing script and NO existing test. The identical file lists PASS in the main checkout at the same HEAD, measured during this gate.', 'measured_both_ways': [{'files': 'test_grm_det1_11_achieved, test_grm_det1_11_census, test_grm_det1_11_envelope_lineage, test_grm_det1_3_snapshot, test_grm_det1_5_campaign, test_grm_det1_7_registry, test_grm_det1_7_source_auth, test_grm_det1_8_source_auth, test_grm_det1_9_findings, test_grm_det1_9_source_auth, test_grm_det1_baseline_registry, test_grm_adm1_3_dual_frame, test_grm_adm1_probe_adjudication, test_grm_adm1_snapshot, test_lsr_p2c_1_census', 'worktree': '25 failed, 249 passed, 2 skipped, 23 errors', 'main_checkout': '299 passed', 'worktree_log': 'logs/wc1_pytest_G1_B.log'}, {'files': 'test_grm_sc1_2_e2e_pairs, test_grm_sc1_demand_loop, test_grm_sc2_calibration_early_abort', 'worktree': '23 failed, 118 passed, 20 errors', 'main_checkout': '161 passed', 'worktree_log': 'logs/wc1_pytest_G1_C.log'}]}	New harness/internal default: not a production adoption receipt; see file order/registration and reference inventory
scripts/grm_wc1_g1_pytest.py	parameter:main:argv	0	ABSENT	253	None	New harness/internal default: not a production adoption receipt; see file order/registration and reference inventory
scripts/grm_wc1_g2_reproduction.py	assignment::RECEIPT	0	ABSENT	36	ARTIFACT_DIR / 'grm_wc1_g2_reproduction.json'	New harness/internal default: not a production adoption receipt; see file order/registration and reference inventory
scripts/grm_wc1_g2_reproduction.py	assignment::ROOT	0	ABSENT	20	Path(__file__).resolve().parents[1]	New harness/internal default: not a production adoption receipt; see file order/registration and reference inventory
scripts/grm_wc1_g2_reproduction.py	assignment::RS3_PART4	0	ABSENT	37	Path('/mnt/ForgeRealm/GraftRepository/artifacts/grm_rs3/grm_rs3_part4.json')	New harness/internal default: not a production adoption receipt; see file order/registration and reference inventory
scripts/grm_wc1_g2_reproduction.py	assignment::RT1_ORDER	0	ABSENT	39	ROOT / 'orders' / 'GRM_RT1_SPLIT_CHILD_ROUTING.md'	New harness/internal default: not a production adoption receipt; see file order/registration and reference inventory
scripts/grm_wc1_g2_reproduction.py	parameter:main:argv	0	ABSENT	208	None	New harness/internal default: not a production adoption receipt; see file order/registration and reference inventory
scripts/grm_wc1_registration.py	assignment::FROZEN_CENSUS	0	ABSENT	39	ROOT / 'artifacts' / 'grm_det1' / 'run_20260831T160525Z_2' / 'det1_11' / 'census' / 'lived_serving_census_98ef71e88dec17a1.json'	New harness/internal default: not a production adoption receipt; see file order/registration and reference inventory
scripts/grm_wc1_registration.py	assignment::FROZEN_FRAME	0	ABSENT	35	ROOT / 'artifacts' / 'grm_det1' / 'run_20260831T160525Z_2' / 'runtime_frame_28b3196f8fb04a41.json'	New harness/internal default: not a production adoption receipt; see file order/registration and reference inventory
scripts/grm_wc1_registration.py	assignment::PREDICTIONS	0	ABSENT	52	({'id': 'P1', 'check': '96_not_optimum', 'claim': '96 is NOT the optimum: 128 and 192 match or beat 96 on all three batteries (fewer splits, no co-mount blending because admission is k=1 on these probes).'}, {'id': 'P2', 'check': '64_loses_two_sup', 'claim': '64 loses at least 2 sup probes (unseatable-after-split class).'}, {'id': 'P3', 'check': '256_yarn_wall', 'claim': '256 shows the first sign of the YaRN wall: wall ms per turn rises and at least one census probe degrades; if it does not, say so — the 384 collapse may be a cliff, not a slope.'}, {'id': 'P4', 'check': 'longhorizon_4_of_4', 'claim': 'Long-horizon 4/4 at every width >= 96.'})	New harness/internal default: not a production adoption receipt; see file order/registration and reference inventory
scripts/grm_wc1_registration.py	assignment::REGISTRATION	0	ABSENT	28	ARTIFACT_DIR / 'registration.json'	New harness/internal default: not a production adoption receipt; see file order/registration and reference inventory
scripts/grm_wc1_registration.py	assignment::ROOT	0	ABSENT	15	Path(__file__).resolve().parents[1]	New harness/internal default: not a production adoption receipt; see file order/registration and reference inventory
scripts/grm_wc1_registration.py	assignment::RS3_PART4	0	ABSENT	46	Path('/mnt/ForgeRealm/GraftRepository/artifacts/grm_rs3/grm_rs3_part4.json')	New harness/internal default: not a production adoption receipt; see file order/registration and reference inventory
scripts/grm_wc1_registration.py	parameter:main:argv	0	ABSENT	256	None	New harness/internal default: not a production adoption receipt; see file order/registration and reference inventory
scripts/grm_wc1_results.py	assignment::MASS_COLUMN_NOTE	0	ABSENT	59	"""NOT MEASURED. RS2's LayerTypeMassObserver wraps the arena's forward and the sliding-attention kernel; none of the three registered batteries attaches it, and attaching it inside them would change the serve path this sweep is measuring (RS3 used a SEPARATE build path, grm_rs1_read_strength_gpu._load_lived_repo, for exactly that reason). The order registers this as an optional column that must not block the gate, so it is reported null with the reason rather than approximated."""	New harness/internal default: not a production adoption receipt; see file order/registration and reference inventory
scripts/grm_wc1_results.py	assignment::RESULTS	0	ABSENT	55	ARTIFACT_DIR / 'grm_wc1_results.json'	New harness/internal default: not a production adoption receipt; see file order/registration and reference inventory
scripts/grm_wc1_results.py	assignment::ROOT	0	ABSENT	36	Path(__file__).resolve().parents[1]	New harness/internal default: not a production adoption receipt; see file order/registration and reference inventory
scripts/grm_wc1_results.py	cli:parse_args:'--print-table'	0	ABSENT	355	action='store_true'	New harness/internal default: not a production adoption receipt; see file order/registration and reference inventory
scripts/grm_wc1_results.py	parameter:_fmt:width	0	ABSENT	359	9	New harness/internal default: not a production adoption receipt; see file order/registration and reference inventory
scripts/grm_wc1_results.py	parameter:main:argv	0	ABSENT	367	None	New harness/internal default: not a production adoption receipt; see file order/registration and reference inventory
scripts/grm_wc1_results.py	parameter:parse_args:argv	0	ABSENT	353	None	New harness/internal default: not a production adoption receipt; see file order/registration and reference inventory
scripts/grm_wc1_sweep_gpu.py	assignment::CENSUS_SHARDS	0	ABSENT	79	('e2e-1', 'e2e-2', 'e2e-3', 'e2e-4')	New harness/internal default: not a production adoption receipt; see file order/registration and reference inventory
scripts/grm_wc1_sweep_gpu.py	assignment::EB1_SPOT_RECEIPT	0	ABSENT	397	Path('/mnt/ForgeRealm/GraftRepository/artifacts/grm_rs3/grm_rs3_part4.json')	New harness/internal default: not a production adoption receipt; see file order/registration and reference inventory
scripts/grm_wc1_sweep_gpu.py	assignment::LEASE_SECONDS	0	ABSENT	70	580	New harness/internal default: not a production adoption receipt; see file order/registration and reference inventory
scripts/grm_wc1_sweep_gpu.py	assignment::LOCK_WAIT_SECONDS	0	ABSENT	71	7200	New harness/internal default: not a production adoption receipt; see file order/registration and reference inventory
scripts/grm_wc1_sweep_gpu.py	assignment::LONGHORIZON_SHARDS	0	ABSENT	80	('lh-1', 'lh-2', 'lh-3', 'lh-4', 'lh-5')	New harness/internal default: not a production adoption receipt; see file order/registration and reference inventory
scripts/grm_wc1_sweep_gpu.py	assignment::REGISTRATION	0	ABSENT	68	ARTIFACT_DIR / 'registration.json'	New harness/internal default: not a production adoption receipt; see file order/registration and reference inventory
scripts/grm_wc1_sweep_gpu.py	assignment::ROOT	0	ABSENT	54	Path(__file__).resolve().parents[1]	New harness/internal default: not a production adoption receipt; see file order/registration and reference inventory
scripts/grm_wc1_sweep_gpu.py	assignment::RUN_ROOT	0	ABSENT	69	ARTIFACT_DIR / 'runs'	New harness/internal default: not a production adoption receipt; see file order/registration and reference inventory
scripts/grm_wc1_sweep_gpu.py	assignment::SUP_SESSIONS	0	ABSENT	73	('correction_then_restatement', 'fresh_fact_controls', 'multi_hop_a_b_c', 'short_correction_long_competitor')	New harness/internal default: not a production adoption receipt; see file order/registration and reference inventory
scripts/grm_wc1_sweep_gpu.py	assignment:rs3_lever_env:os.environ[key]	0	ABSENT	192	old	New harness/internal default: not a production adoption receipt; see file order/registration and reference inventory
scripts/grm_wc1_sweep_gpu.py	cli:parse_args:'--lease-seconds'	0	ABSENT	482	default=LEASE_SECONDS	New harness/internal default: not a production adoption receipt; see file order/registration and reference inventory
scripts/grm_wc1_sweep_gpu.py	cli:parse_args:'--lock-wait-seconds'	0	ABSENT	483	default=LOCK_WAIT_SECONDS	New harness/internal default: not a production adoption receipt; see file order/registration and reference inventory
scripts/grm_wc1_sweep_gpu.py	cli:parse_args:'--session-id'	0	ABSENT	480	default=None; choices=SUP_SESSIONS	New harness/internal default: not a production adoption receipt; see file order/registration and reference inventory
scripts/grm_wc1_sweep_gpu.py	cli:parse_args:'--spec'	0	ABSENT	481	default=None	New harness/internal default: not a production adoption receipt; see file order/registration and reference inventory
scripts/grm_wc1_sweep_gpu.py	cli:parse_args:'--width'	0	ABSENT	479	default=None	New harness/internal default: not a production adoption receipt; see file order/registration and reference inventory
scripts/grm_wc1_sweep_gpu.py	cli:parse_args:'command'	0	ABSENT	475	choices=('plan', 'sup', 'census-shard', 'census-score', 'lh-shard', 'lh-score', 'frame')	New harness/internal default: not a production adoption receipt; see file order/registration and reference inventory
scripts/grm_wc1_sweep_gpu.py	env:rs3_lever_env:k	0	ABSENT	179	os.environ.get(k)	New harness/internal default: not a production adoption receipt; see file order/registration and reference inventory
scripts/grm_wc1_sweep_gpu.py	env:rs3_lever_env:key	0	ABSENT	190	os.environ.pop(key, None)	New harness/internal default: not a production adoption receipt; see file order/registration and reference inventory
scripts/grm_wc1_sweep_gpu.py	parameter:main:argv	0	ABSENT	488	None	New harness/internal default: not a production adoption receipt; see file order/registration and reference inventory
scripts/grm_wc1_sweep_gpu.py	parameter:parse_args:argv	0	ABSENT	473	None	New harness/internal default: not a production adoption receipt; see file order/registration and reference inventory
scripts/lsr_p0_core.py	assignment::ARTIFACT_DIR	0	ABSENT	54	ROOT / 'artifacts' / 'lsr_p0'	New harness/internal default: not a production adoption receipt; see file order/registration and reference inventory
scripts/lsr_p0_core.py	assignment::CENSUS	0	ABSENT	56	ROOT / 'artifacts' / 'grm_det1' / 'run_20260831T160525Z_2' / 'det1_11' / 'census' / 'lived_serving_census_98ef71e88dec17a1.json'	New harness/internal default: not a production adoption receipt; see file order/registration and reference inventory
scripts/lsr_p0_core.py	assignment::CONVICTION_DENOMINATOR	0	ABSENT	90	6	New harness/internal default: not a production adoption receipt; see file order/registration and reference inventory
scripts/lsr_p0_core.py	assignment::CONVICTION_NUMERATOR	0	ABSENT	89	4	New harness/internal default: not a production adoption receipt; see file order/registration and reference inventory
scripts/lsr_p0_core.py	assignment::DET1_RUN	0	ABSENT	61	ROOT / 'artifacts' / 'grm_det1' / 'run_20260831T160525Z_2'	New harness/internal default: not a production adoption receipt; see file order/registration and reference inventory
scripts/lsr_p0_core.py	assignment::PLAN	0	ABSENT	55	ROOT / 'docs' / 'LSR_LIVED_SERVING_PLAN.md'	New harness/internal default: not a production adoption receipt; see file order/registration and reference inventory
scripts/lsr_p0_core.py	assignment::REGIONS	0	ABSENT	84	(REGION_ANCHOR, REGION_ARENA, REGION_RECENT, REGION_LIVE)	New harness/internal default: not a production adoption receipt; see file order/registration and reference inventory
scripts/lsr_p0_core.py	assignment::REGION_ANCHOR	0	ABSENT	80	'anchor'	New harness/internal default: not a production adoption receipt; see file order/registration and reference inventory
scripts/lsr_p0_core.py	assignment::REGION_ARENA	0	ABSENT	81	'arena'	New harness/internal default: not a production adoption receipt; see file order/registration and reference inventory
scripts/lsr_p0_core.py	assignment::REGION_LIVE	0	ABSENT	83	'live'	New harness/internal default: not a production adoption receipt; see file order/registration and reference inventory
scripts/lsr_p0_core.py	assignment::REGION_RECENT	0	ABSENT	82	'recent'	New harness/internal default: not a production adoption receipt; see file order/registration and reference inventory
scripts/lsr_p0_core.py	assignment::REGISTERED_VERDICTS	0	ABSENT	74	(VERDICT_RECENT_TURNS, VERDICT_ARENA, VERDICT_ABSENT)	New harness/internal default: not a production adoption receipt; see file order/registration and reference inventory
scripts/lsr_p0_core.py	assignment::RESERVE_SESSION_BINDINGS	0	ABSENT	859	{'sup_reserve_juniper_pass': 'correction_then_restatement', 'sup_reserve_tundra_ledger': 'fresh_fact_controls', 'sup_reserve_meridian_docket': 'multi_hop_a_b_c', 'sup_reserve_falcon_registry': 'short_correction_long_competitor'}	New harness/internal default: not a production adoption receipt; see file order/registration and reference inventory
scripts/lsr_p0_core.py	assignment::ROOT	0	ABSENT	39	Path(__file__).resolve().parents[1]	New harness/internal default: not a production adoption receipt; see file order/registration and reference inventory
scripts/lsr_p0_core.py	assignment::SCHEMA_PREFIX	0	ABSENT	63	'grm.lsr_p0'	New harness/internal default: not a production adoption receipt; see file order/registration and reference inventory
scripts/lsr_p0_core.py	assignment::SERVED_VALUE_BINDINGS	0	ABSENT	844	{'sup_lumen_head': 'Birch-2-Beacon', 'sup_orion_current': 'Auric-4-Alpha', 'sup_reserve_falcon_registry': '42', 'sup_reserve_juniper_pass': '0', 'sup_reserve_meridian_docket': 'Cobalt-3-Comet', 'sup_reserve_tundra_ledger': 'Tundra-42-Eagle-Blue-Sapphire', 'sup_harbor_restatement': 'Nacre-6-Blue', 'sup_praxis_fresh': 'Quartz-8-Jade', 'sup_solace_fresh': 'Raven-9-Ivory'}	New harness/internal default: not a production adoption receipt; see file order/registration and reference inventory
scripts/lsr_p0_core.py	assignment::SUP_FIXTURE_DIR	0	ABSENT	60	ROOT / 'tests' / 'fixtures' / 'supersession_battery'	New harness/internal default: not a production adoption receipt; see file order/registration and reference inventory
scripts/lsr_p0_core.py	assignment::VERDICT_ABSENT	0	ABSENT	72	'ABSENT'	New harness/internal default: not a production adoption receipt; see file order/registration and reference inventory
scripts/lsr_p0_core.py	assignment::VERDICT_ARENA	0	ABSENT	71	'ARENA'	New harness/internal default: not a production adoption receipt; see file order/registration and reference inventory
scripts/lsr_p0_core.py	assignment::VERDICT_NOT_MEASURED	0	ABSENT	73	'NOT_MEASURED'	New harness/internal default: not a production adoption receipt; see file order/registration and reference inventory
scripts/lsr_p0_core.py	assignment::VERDICT_RECENT_TURNS	0	ABSENT	70	'RECENT-TURNS'	New harness/internal default: not a production adoption receipt; see file order/registration and reference inventory
scripts/lsr_p0_core.py	cli:parse_args:'--emit'	0	ABSENT	1363	action='store_true'	New harness/internal default: not a production adoption receipt; see file order/registration and reference inventory
scripts/lsr_p0_core.py	cli:parse_args:'--enumerate'	0	ABSENT	1362	action='store_true'	New harness/internal default: not a production adoption receipt; see file order/registration and reference inventory
scripts/lsr_p0_core.py	cli:parse_args:'--selftest'	0	ABSENT	1361	action='store_true'	New harness/internal default: not a production adoption receipt; see file order/registration and reference inventory
scripts/lsr_p0_core.py	parameter:_scores_for:heads	0	ABSENT	1017	4	New harness/internal default: not a production adoption receipt; see file order/registration and reference inventory
scripts/lsr_p0_core.py	parameter:_scores_for:layers	0	ABSENT	1017	3	New harness/internal default: not a production adoption receipt; see file order/registration and reference inventory
scripts/lsr_p0_core.py	parameter:_scores_for:readouts	0	ABSENT	1017	2	New harness/internal default: not a production adoption receipt; see file order/registration and reference inventory
scripts/lsr_p0_core.py	parameter:_scores_for:weight	0	ABSENT	1017	8.0	New harness/internal default: not a production adoption receipt; see file order/registration and reference inventory
scripts/lsr_p0_core.py	parameter:adjudicate_h_lsr_1:control_verdicts	0	ABSENT	700	()	New harness/internal default: not a production adoption receipt; see file order/registration and reference inventory
scripts/lsr_p0_core.py	parameter:derive_window_layout:prompt_ntok	0	ABSENT	98	0	New harness/internal default: not a production adoption receipt; see file order/registration and reference inventory
scripts/lsr_p0_core.py	parameter:enumerate_probes:census_path	0	ABSENT	755	CENSUS	New harness/internal default: not a production adoption receipt; see file order/registration and reference inventory
scripts/lsr_p0_core.py	parameter:full_window_readout_mass:allowed_masks_by_layer	0	ABSENT	396	None	New harness/internal default: not a production adoption receipt; see file order/registration and reference inventory
scripts/lsr_p0_core.py	parameter:full_window_readout_mass:sink_logits_by_layer	0	ABSENT	396	None	New harness/internal default: not a production adoption receipt; see file order/registration and reference inventory
scripts/lsr_p0_core.py	parameter:layout_from_snapshot_state.scalar:default	0	ABSENT	289	None	New harness/internal default: not a production adoption receipt; see file order/registration and reference inventory
scripts/lsr_p0_core.py	parameter:layout_from_snapshot_state:live_turns	0	ABSENT	278	2	New harness/internal default: not a production adoption receipt; see file order/registration and reference inventory
scripts/lsr_p0_core.py	parameter:load_sup_sessions:directory	0	ABSENT	867	SUP_FIXTURE_DIR	New harness/internal default: not a production adoption receipt; see file order/registration and reference inventory
scripts/lsr_p0_core.py	parameter:main:argv	0	ABSENT	1368	None	New harness/internal default: not a production adoption receipt; see file order/registration and reference inventory
scripts/lsr_p0_core.py	parameter:parse_args:argv	0	ABSENT	1359	None	New harness/internal default: not a production adoption receipt; see file order/registration and reference inventory
scripts/lsr_p0_core.py	parameter:probe_session_map:directory	0	ABSENT	881	SUP_FIXTURE_DIR	New harness/internal default: not a production adoption receipt; see file order/registration and reference inventory
scripts/lsr_p0_core.py	parameter:session_node_inventory:directory	0	ABSENT	932	SUP_FIXTURE_DIR	New harness/internal default: not a production adoption receipt; see file order/registration and reference inventory
scripts/lsr_p0_core.py	parameter:value_presence_across_session:directory	0	ABSENT	966	SUP_FIXTURE_DIR	New harness/internal default: not a production adoption receipt; see file order/registration and reference inventory
scripts/lsr_p0_gpu.py	assignment::LEASE_SECONDS	0	ABSENT	96	580	New harness/internal default: not a production adoption receipt; see file order/registration and reference inventory
scripts/lsr_p0_gpu.py	assignment::LOCK_WAIT_SECONDS	0	ABSENT	97	7200	New harness/internal default: not a production adoption receipt; see file order/registration and reference inventory
scripts/lsr_p0_gpu.py	assignment::ROOT	0	ABSENT	74	Path(__file__).resolve().parents[1]	New harness/internal default: not a production adoption receipt; see file order/registration and reference inventory
scripts/lsr_p0_gpu.py	assignment::RUNTIME_FRAME	0	ABSENT	98	ROOT / 'artifacts' / 'grm_det1' / 'run_20260831T160525Z_2' / 'runtime_frame_28b3196f8fb04a41.json'	New harness/internal default: not a production adoption receipt; see file order/registration and reference inventory
scripts/lsr_p0_gpu.py	assignment::SUP_FIXTURES	0	ABSENT	102	ROOT / 'tests' / 'fixtures' / 'supersession_battery'	New harness/internal default: not a production adoption receipt; see file order/registration and reference inventory
scripts/lsr_p0_gpu.py	assignment::UNATTRIBUTABLE	0	ABSENT	685	'unattributable'	New harness/internal default: not a production adoption receipt; see file order/registration and reference inventory
scripts/lsr_p0_gpu.py	cli:parse_args:'--lease-seconds'	0	ABSENT	1061	default=LEASE_SECONDS	New harness/internal default: not a production adoption receipt; see file order/registration and reference inventory
scripts/lsr_p0_gpu.py	cli:parse_args:'--lock-wait-seconds'	0	ABSENT	1062	default=LOCK_WAIT_SECONDS	New harness/internal default: not a production adoption receipt; see file order/registration and reference inventory
scripts/lsr_p0_gpu.py	cli:parse_args:'--probe'	0	ABSENT	1060	required=True	New harness/internal default: not a production adoption receipt; see file order/registration and reference inventory
scripts/lsr_p0_gpu.py	env:_serve_and_witness:'LSR_REPO_DIR'	0	ABSENT	855	os.environ.get('LSR_REPO_DIR', '/tmp/lsr_p0_repo')	New harness/internal default: not a production adoption receipt; see file order/registration and reference inventory
scripts/lsr_p0_gpu.py	parameter:SinkAttentionTap._record:attention_mask	0	ABSENT	247	None	New harness/internal default: not a production adoption receipt; see file order/registration and reference inventory
scripts/lsr_p0_gpu.py	parameter:SinkAttentionTap._record:key_offset	0	ABSENT	247	0	New harness/internal default: not a production adoption receipt; see file order/registration and reference inventory
scripts/lsr_p0_gpu.py	parameter:SinkAttentionTap._record:total_keys	0	ABSENT	247	None	New harness/internal default: not a production adoption receipt; see file order/registration and reference inventory
scripts/lsr_p0_gpu.py	parameter:_window_tokens:answer_ids	0	ABSENT	688	()	New harness/internal default: not a production adoption receipt; see file order/registration and reference inventory
scripts/lsr_p0_gpu.py	parameter:adjudicate:receipt_dir	0	ABSENT	1015	ARTIFACT_DIR	New harness/internal default: not a production adoption receipt; see file order/registration and reference inventory
scripts/lsr_p0_gpu.py	parameter:main:argv	0	ABSENT	1070	None	New harness/internal default: not a production adoption receipt; see file order/registration and reference inventory
scripts/lsr_p0_gpu.py	parameter:parse_args:argv	0	ABSENT	1056	None	New harness/internal default: not a production adoption receipt; see file order/registration and reference inventory
scripts/lsr_p0_gpu.py	parameter:tap_selftest.FakeArena.__init__:mounts	0	ABSENT	624	(0,)	New harness/internal default: not a production adoption receipt; see file order/registration and reference inventory
scripts/lsr_p0_gpu.py	parameter:tap_selftest.FakeArena.__init__:n_sink	0	ABSENT	624	3	New harness/internal default: not a production adoption receipt; see file order/registration and reference inventory
scripts/lsr_p0_survey.py	assignment::LEAD_SCRIPT	0	ABSENT	62	ROOT / 'scripts' / 'lsr_p0_lead_gpu.sh'	New harness/internal default: not a production adoption receipt; see file order/registration and reference inventory
scripts/lsr_p0_survey.py	assignment::ROOT	0	ABSENT	38	Path(__file__).resolve().parents[1]	New harness/internal default: not a production adoption receipt; see file order/registration and reference inventory
scripts/lsr_p0_survey.py	cli:parse_args:'--emit'	0	ABSENT	314	action='store_true'	New harness/internal default: not a production adoption receipt; see file order/registration and reference inventory
scripts/lsr_p0_survey.py	cli:parse_args:'--json'	0	ABSENT	315	action='store_true'	New harness/internal default: not a production adoption receipt; see file order/registration and reference inventory
scripts/lsr_p0_survey.py	parameter:_snapshot_manifests:run_dir	0	ABSENT	65	DET1_RUN	New harness/internal default: not a production adoption receipt; see file order/registration and reference inventory
scripts/lsr_p0_survey.py	parameter:_state_scalar:default	0	ABSENT	70	None	New harness/internal default: not a production adoption receipt; see file order/registration and reference inventory
scripts/lsr_p0_survey.py	parameter:main:argv	0	ABSENT	319	None	New harness/internal default: not a production adoption receipt; see file order/registration and reference inventory
scripts/lsr_p0_survey.py	parameter:parse_args:argv	0	ABSENT	312	None	New harness/internal default: not a production adoption receipt; see file order/registration and reference inventory
scripts/lsr_p0_survey.py	parameter:survey:census_path	0	ABSENT	193	CENSUS	New harness/internal default: not a production adoption receipt; see file order/registration and reference inventory
scripts/lsr_p1_adjudicate.py	assignment::CONTROLS	0	ABSENT	75	{'sup_harbor_restatement': ('sup-1', 'rung_00'), 'sup_praxis_fresh': ('sup-2', 'rung_00')}	New harness/internal default: not a production adoption receipt; see file order/registration and reference inventory
scripts/lsr_p1_adjudicate.py	assignment::HARVEST	0	ABSENT	27	'artifacts/lsr_p1/lsr_p1_harvest_cf29a6db390d4c81.json'	New harness/internal default: not a production adoption receipt; see file order/registration and reference inventory
scripts/lsr_p1_adjudicate.py	assignment::LIVED_REPO_SIZE	0	ABSENT	55	{'sup_lumen_head': 2, 'sup_orion_current': 1, 'sup_harbor_restatement': 2, 'sup_praxis_fresh': 1, 'sup_reserve_meridian_docket': 4, 'sup_reserve_juniper_pass': 4, 'sup_reserve_falcon_registry': 3, 'sup_reserve_tundra_ledger': 3}	New harness/internal default: not a production adoption receipt; see file order/registration and reference inventory
scripts/lsr_p1_adjudicate.py	assignment::OUTDIR	0	ABSENT	25	os.path.join(REPO, 'artifacts', 'lsr_p1')	New harness/internal default: not a production adoption receipt; see file order/registration and reference inventory
scripts/lsr_p1_adjudicate.py	assignment::PROPOSED_TERM	0	ABSENT	45	'NOT-YET-DEPOSITED'	New harness/internal default: not a production adoption receipt; see file order/registration and reference inventory
scripts/lsr_p1_adjudicate.py	assignment::PROPOSED_TERM_DEFINITION	0	ABSENT	46	'The expected node was absent from the repository at the lived probe turn, so no routing/admission/resolution stage could have selected it. Evidenced by admission.ranking length, identified_candidates, and arena cur_mounts agreeing on a repository smaller than the fixture.'	New harness/internal default: not a production adoption receipt; see file order/registration and reference inventory
scripts/lsr_p1_adjudicate.py	assignment::REPLAY	0	ABSENT	28	'artifacts/lsr_p1/lsr_p1_stage_replay_4d5697bd93febc36.json'	New harness/internal default: not a production adoption receipt; see file order/registration and reference inventory
scripts/lsr_p1_adjudicate.py	assignment::REPO	0	ABSENT	24	os.path.dirname(os.path.dirname(os.path.abspath(__file__)))	New harness/internal default: not a production adoption receipt; see file order/registration and reference inventory
scripts/lsr_p1_adjudicate.py	assignment::SERVED_RUNG	0	ABSENT	67	{'sup_lumen_head': ('sup-3', 'rung_00'), 'sup_orion_current': ('sup-4', 'rung_00'), 'sup_reserve_meridian_docket': ('sup-3', 'rung_01'), 'sup_reserve_juniper_pass': ('sup-1', 'rung_01'), 'sup_reserve_falcon_registry': ('sup-4', 'rung_01'), 'sup_reserve_tundra_ledger': ('sup-2', 'rung_01')}	New harness/internal default: not a production adoption receipt; see file order/registration and reference inventory
scripts/lsr_p1_adjudicate.py	assignment::SURVEY	0	ABSENT	29	'artifacts/lsr_p0/lsr_p0_survey_bd5350fd63ddbf09.json'	New harness/internal default: not a production adoption receipt; see file order/registration and reference inventory
scripts/lsr_p1_adjudicate.py	assignment::VOCAB	0	ABSENT	31	('ROUTE-RANK', 'LINEAGE-RESOLUTION', 'ADMISSION-PRUNE', 'UNRESOLVED')	New harness/internal default: not a production adoption receipt; see file order/registration and reference inventory
scripts/lsr_p1_harvest.py	assignment::ADM_KEYS	0	ABSENT	35	('admission.ranking', 'admission.identified_candidates', 'admission.identifier_tokens', 'admission.policy_branch', 'admission.rank_plan', 'admission.final_mounts', 'admission.authoritative_mounts', 'admission.current_planned', 'admission.current_fitted', 'admission.current_dropped', 'admission.ladder_attempts', 'admission.route_margin_1_2', 'admission.margin_threshold', 'admission.rule_sha256', 'admission.route_backend', 'admission.selection_state', 'admission.current_clean_room', 'admission.current_attempt_ordinal')	New harness/internal default: not a production adoption receipt; see file order/registration and reference inventory
scripts/lsr_p1_harvest.py	assignment::ARENA_KEYS	0	ABSENT	46	('arena.cur_mounts', 'arena.topk', 'arena.revision_resolution', 'arena.decisive_admission', 'arena.route_backend', 'arena.route_layer', 'arena.width', 'arena.cur_mount_n', 'arena.n_sink', 'arena.live_shift', 'arena.live_turns')	New harness/internal default: not a production adoption receipt; see file order/registration and reference inventory
scripts/lsr_p1_harvest.py	assignment::OUTDIR	0	ABSENT	33	os.path.join(REPO, 'artifacts', 'lsr_p1')	New harness/internal default: not a production adoption receipt; see file order/registration and reference inventory
scripts/lsr_p1_harvest.py	assignment::REPO	0	ABSENT	29	os.path.dirname(os.path.dirname(os.path.abspath(__file__)))	New harness/internal default: not a production adoption receipt; see file order/registration and reference inventory
scripts/lsr_p1_harvest.py	assignment::SHARDS	0	ABSENT	30	os.path.join(REPO, 'artifacts', 'grm_det1', 'run_20260831T160525Z_2', 'det1_4', 'campaign', 'det1_7', 'plant_registration', 'shards')	New harness/internal default: not a production adoption receipt; see file order/registration and reference inventory
scripts/lsr_p1_reconcile.py	assignment::DIGEST_MATCH	0	ABSENT	148	{'probe': 'sup_harbor_restatement', 'lived_projection_sha256': 'afefa6be3004208105d1b777040a0422b01fd6911d97e69e9ffd27a51c8c3e4c', 'rebuild_projection_sha256': 'afefa6be3004208105d1b777040a0422b01fd6911d97e69e9ffd27a51c8c3e4c', 'candidate_row_sha256_all_match': True, 'lived_source': 'artifacts/grm_det1/run_20260831T160525Z_2/det1_4/campaign/eval/mechanistic_shards/sup-1/attempt_001/rows.jsonl (variant=served, fork_restore.routing_index)', 'digest_builder': 'scripts/grm_det1_common.py::routing_index_digest', 'scope_quote': 'active route candidates, centroid/child-centroid values, text/length, and revision metadata; excludes mounted K/V snapshot fields'}	New harness/internal default: not a production adoption receipt; see file order/registration and reference inventory
scripts/lsr_p1_reconcile.py	assignment::FIXDIR	0	ABSENT	88	os.path.join(REPO, 'tests', 'fixtures', 'supersession_battery')	New harness/internal default: not a production adoption receipt; see file order/registration and reference inventory
scripts/lsr_p1_reconcile.py	assignment::LIVED	0	ABSENT	92	{'sup_lumen_head': {'session': 'multi_hop_a_b_c', 'tokens': ['lumen', 'seal'], 'ranking': [1, 0], 'identified': [1, 0], 'expected_idx': 2, 'cur_mounts': [1]}, 'sup_orion_current': {'session': 'short_correction_long_competitor', 'tokens': ['orion', 'pin'], 'ranking': [0], 'identified': [0], 'expected_idx': 1, 'cur_mounts': [0]}, 'sup_harbor_restatement': {'session': 'correction_then_restatement', 'tokens': ['harbor', 'token'], 'ranking': [1, 0], 'identified': [1, 0], 'expected_idx': 2, 'cur_mounts': [1]}, 'sup_praxis_fresh': {'session': 'fresh_fact_controls', 'tokens': ['praxis', 'dock'], 'ranking': [0], 'identified': [0], 'expected_idx': 0, 'cur_mounts': [0]}, 'sup_solace_fresh': {'session': 'fresh_fact_controls', 'tokens': ['solace', 'key'], 'ranking': [2, 1, 0], 'identified': [1], 'expected_idx': 1, 'cur_mounts': [1]}, 'sup_reserve_juniper_pass': {'session': 'correction_then_restatement', 'tokens': ['juniper', 'pass'], 'ranking': [3, 2, 1, 0], 'identified': [3], 'expected_idx': 3, 'cur_mounts': [2]}, 'sup_reserve_meridian_docket': {'session': 'multi_hop_a_b_c', 'tokens': ['meridian', 'docket'], 'ranking': [3, 2, 1, 0], 'identified': [3], 'expected_idx': 3, 'cur_mounts': [2]}, 'sup_reserve_falcon_registry': {'session': 'short_correction_long_competitor', 'tokens': ['falcon', 'registry'], 'ranking': [2, 1, 0], 'identified': [2], 'expected_idx': 2, 'cur_mounts': [1]}, 'sup_reserve_tundra_ledger': {'session': 'fresh_fact_controls', 'tokens': ['tundra', 'ledger'], 'ranking': [2, 1, 0], 'identified': [2], 'expected_idx': 2, 'cur_mounts': [1]}}	New harness/internal default: not a production adoption receipt; see file order/registration and reference inventory
scripts/lsr_p1_reconcile.py	assignment::OUTDIR	0	ABSENT	87	os.path.join(REPO, 'artifacts', 'lsr_p1')	New harness/internal default: not a production adoption receipt; see file order/registration and reference inventory
scripts/lsr_p1_reconcile.py	assignment::PROBE_MEASURED	0	ABSENT	136	{'sup_lumen_head': {'ranking': [2, 3, 1, 0], 'identified': [2, 1, 0], 'm6_dropped': [], 'engines_agree': True}, 'sup_orion_current': {'ranking': [2, 1, 0], 'identified': [1, 0], 'm6_dropped': [], 'engines_agree': None}, 'sup_harbor_restatement': {'ranking': [3, 2, 1, 0], 'identified': [1, 0], 'm6_dropped': [], 'engines_agree': None}}	New harness/internal default: not a production adoption receipt; see file order/registration and reference inventory
scripts/lsr_p1_reconcile.py	assignment::REPO	0	ABSENT	79	os.path.dirname(os.path.dirname(os.path.abspath(__file__)))	New harness/internal default: not a production adoption receipt; see file order/registration and reference inventory
scripts/lsr_p1_route_probe.py	assignment::CLASS_M6	0	ABSENT	70	'M6-FILTER-CONVICTED'	New harness/internal default: not a production adoption receipt; see file order/registration and reference inventory
scripts/lsr_p1_route_probe.py	assignment::CLASS_OTHER	0	ABSENT	72	'OTHER'	New harness/internal default: not a production adoption receipt; see file order/registration and reference inventory
scripts/lsr_p1_route_probe.py	assignment::CLASS_RANK	0	ABSENT	71	'SCORE-RANK-CONVICTED'	New harness/internal default: not a production adoption receipt; see file order/registration and reference inventory
scripts/lsr_p1_route_probe.py	assignment::D1	0	ABSENT	75	'D1_vector_route_scores_isfinite'	New harness/internal default: not a production adoption receipt; see file order/registration and reference inventory
scripts/lsr_p1_route_probe.py	assignment::D2	0	ABSENT	76	'D2_python_cent_score_isfinite'	New harness/internal default: not a production adoption receipt; see file order/registration and reference inventory
scripts/lsr_p1_route_probe.py	assignment::D3_MISSING	0	ABSENT	77	'D3_not_in_base'	New harness/internal default: not a production adoption receipt; see file order/registration and reference inventory
scripts/lsr_p1_route_probe.py	assignment::D3_NONFINITE	0	ABSENT	78	'D3_lex_rescore_isfinite'	New harness/internal default: not a production adoption receipt; see file order/registration and reference inventory
scripts/lsr_p1_route_probe.py	assignment::LIVED_ENV	0	ABSENT	112	{'GRM_SUP_RESOLVE': '1', 'GRM_ADM_DECISIVE': '1', 'GRM_ROUTE_QUERY_LEX': '1', 'GRM_GQA_CUDA_ROUTE': '1', 'GRM_GRAFT_STORAGE_BITS': '8', 'GRM_PROBE_LADDER': '1'}	New harness/internal default: not a production adoption receipt; see file order/registration and reference inventory
scripts/lsr_p1_route_probe.py	assignment::LIVED_FRAME	0	ABSENT	90	{'arena_width': 96, 'topk': 3, 'max_trips': 1, 'route_limit': 6, 'length_debias': False, 'route_backend': 'python', 'revision_resolution': True, 'decisive_admission': True}	New harness/internal default: not a production adoption receipt; see file order/registration and reference inventory
scripts/lsr_p1_route_probe.py	assignment::OUTDIR	0	ABSENT	68	os.path.join(REPO, 'artifacts', 'lsr_p1')	New harness/internal default: not a production adoption receipt; see file order/registration and reference inventory
scripts/lsr_p1_route_probe.py	assignment::PROBE_SESSIONS	0	ABSENT	80	{'sup_lumen_head': ('multi_hop_a_b_c', 'What is the current Lumen seal value?'), 'sup_orion_current': ('short_correction_long_competitor', 'What is the current Orion pin value?'), 'sup_harbor_restatement': ('correction_then_restatement', 'What is the current Harbor token value?')}	New harness/internal default: not a production adoption receipt; see file order/registration and reference inventory
scripts/lsr_p1_route_probe.py	assignment::REPO	0	ABSENT	64	os.path.dirname(os.path.dirname(os.path.abspath(__file__)))	New harness/internal default: not a production adoption receipt; see file order/registration and reference inventory
scripts/lsr_p1_route_probe.py	assignment::RUNTIME_FRAME_REL	0	ABSENT	120	'artifacts/grm_det1/run_20260831T160525Z_2/runtime_frame_28b3196f8fb04a41.json'	New harness/internal default: not a production adoption receipt; see file order/registration and reference inventory
scripts/lsr_p1_route_probe.py	assignment:capture_score_table:os.environ[key]	0	ABSENT	685	value	New harness/internal default: not a production adoption receipt; see file order/registration and reference inventory
scripts/lsr_p1_route_probe.py	cli:main:'--emit'	0	ABSENT	786	action='store_true'	New harness/internal default: not a production adoption receipt; see file order/registration and reference inventory
scripts/lsr_p1_route_probe.py	cli:main:'--lease-seconds'	0	ABSENT	792	default=580	New harness/internal default: not a production adoption receipt; see file order/registration and reference inventory
scripts/lsr_p1_route_probe.py	cli:main:'--lock-wait-seconds'	0	ABSENT	793	default=7200	New harness/internal default: not a production adoption receipt; see file order/registration and reference inventory
scripts/lsr_p1_route_probe.py	cli:main:'--probe'	0	ABSENT	790	required=True; choices=sorted(PROBE_SESSIONS)	New harness/internal default: not a production adoption receipt; see file order/registration and reference inventory
scripts/lsr_p1_route_probe.py	env:capture_score_table:LIVED_ENV	0	ABSENT	612	os.environ.update(LIVED_ENV)	New harness/internal default: not a production adoption receipt; see file order/registration and reference inventory
scripts/lsr_p1_route_probe.py	env:capture_score_table:k	0	ABSENT	611	os.environ.get(k)	New harness/internal default: not a production adoption receipt; see file order/registration and reference inventory
scripts/lsr_p1_route_probe.py	env:capture_score_table:key	0	ABSENT	683	os.environ.pop(key, None)	New harness/internal default: not a production adoption receipt; see file order/registration and reference inventory
scripts/lsr_p1_route_probe.py	parameter:classify_score_table:key_lengths	0	ABSENT	140	None	New harness/internal default: not a production adoption receipt; see file order/registration and reference inventory
scripts/lsr_p1_route_probe.py	parameter:classify_score_table:length_debias	0	ABSENT	140	False	New harness/internal default: not a production adoption receipt; see file order/registration and reference inventory
scripts/lsr_p1_route_probe.py	parameter:classify_score_table:normalize	0	ABSENT	140	True	New harness/internal default: not a production adoption receipt; see file order/registration and reference inventory
scripts/lsr_p1_route_probe.py	parameter:classify_score_table:served_ids	0	ABSENT	140	()	New harness/internal default: not a production adoption receipt; see file order/registration and reference inventory
scripts/lsr_p1_route_probe.py	parameter:classify_score_table:vector_path	0	ABSENT	140	True	New harness/internal default: not a production adoption receipt; see file order/registration and reference inventory
scripts/lsr_p1_route_probe.py	parameter:main:argv	0	ABSENT	781	None	New harness/internal default: not a production adoption receipt; see file order/registration and reference inventory
scripts/lsr_p1_stage_replay.py	assignment::FIXDIR	0	ABSENT	39	os.path.join(REPO, 'tests', 'fixtures', 'supersession_battery')	New harness/internal default: not a production adoption receipt; see file order/registration and reference inventory
scripts/lsr_p1_stage_replay.py	assignment::LIVED_IDENTIFIER_TOKENS	0	ABSENT	71	{'sup_lumen_head': ['lumen', 'seal'], 'sup_orion_current': ['orion', 'pin'], 'sup_harbor_restatement': ['harbor', 'token'], 'sup_praxis_fresh': ['praxis', 'dock'], 'sup_solace_fresh': ['solace', 'key'], 'sup_reserve_juniper_pass': ['juniper', 'pass'], 'sup_reserve_tundra_ledger': ['tundra', 'ledger'], 'sup_reserve_meridian_docket': ['meridian', 'docket'], 'sup_reserve_falcon_registry': ['falcon', 'registry']}	New harness/internal default: not a production adoption receipt; see file order/registration and reference inventory
scripts/lsr_p1_stage_replay.py	assignment::OUTDIR	0	ABSENT	40	os.path.join(REPO, 'artifacts', 'lsr_p1')	New harness/internal default: not a production adoption receipt; see file order/registration and reference inventory
scripts/lsr_p1_stage_replay.py	assignment::REPO	0	ABSENT	31	os.path.dirname(os.path.dirname(os.path.abspath(__file__)))	New harness/internal default: not a production adoption receipt; see file order/registration and reference inventory
scripts/lsr_p1_stage_replay.py	assignment::RESERVE_PROBES	0	ABSENT	44	{'correction_then_restatement': {'fixture_id': 'sup_reserve_juniper_pass', 'question': 'What is the current Juniper pass value?', 'expected_values': ['Opal-7-Green']}, 'fresh_fact_controls': {'fixture_id': 'sup_reserve_tundra_ledger', 'question': 'What is the current Tundra ledger value?', 'expected_values': ['Sable-0-Copper']}, 'multi_hop_a_b_c': {'fixture_id': 'sup_reserve_meridian_docket', 'question': 'What is the current Meridian docket value?', 'expected_values': ['Delta-4-Drift']}, 'short_correction_long_competitor': {'fixture_id': 'sup_reserve_falcon_registry', 'question': 'What is the current Falcon registry value?', 'expected_values': ['Vortex-3-Sierra']}}	New harness/internal default: not a production adoption receipt; see file order/registration and reference inventory
scripts/lsr_p2a_replay_gpu.py	assignment::ARTIFACT_DIR	0	ABSENT	58	ROOT / 'artifacts' / 'lsr_p2a'	New harness/internal default: not a production adoption receipt; see file order/registration and reference inventory
scripts/lsr_p2a_replay_gpu.py	assignment::CENSUS	0	ABSENT	64	ROOT / 'artifacts' / 'grm_det1' / 'run_20260831T160525Z_2' / 'det1_11' / 'census' / 'lived_serving_census_98ef71e88dec17a1.json'	New harness/internal default: not a production adoption receipt; see file order/registration and reference inventory
scripts/lsr_p2a_replay_gpu.py	assignment::G3_BOUND_QUESTION	0	ABSENT	77	'What is the current Meridian docket value?'	New harness/internal default: not a production adoption receipt; see file order/registration and reference inventory
scripts/lsr_p2a_replay_gpu.py	assignment::G3_UNBOUND_FIXTURE	0	ABSENT	76	'multi_hop_a_b_c'	New harness/internal default: not a production adoption receipt; see file order/registration and reference inventory
scripts/lsr_p2a_replay_gpu.py	assignment::G3_UNBOUND_QUESTION	0	ABSENT	75	'What is the current Zephyr manifest value?'	New harness/internal default: not a production adoption receipt; see file order/registration and reference inventory
scripts/lsr_p2a_replay_gpu.py	assignment::LEASE_SECONDS	0	ABSENT	69	580	New harness/internal default: not a production adoption receipt; see file order/registration and reference inventory
scripts/lsr_p2a_replay_gpu.py	assignment::LOCK_WAIT_SECONDS	0	ABSENT	70	7200	New harness/internal default: not a production adoption receipt; see file order/registration and reference inventory
scripts/lsr_p2a_replay_gpu.py	assignment::ROOT	0	ABSENT	51	Path(__file__).resolve().parents[1]	New harness/internal default: not a production adoption receipt; see file order/registration and reference inventory
scripts/lsr_p2a_replay_gpu.py	assignment::RUNTIME_FRAME	0	ABSENT	60	ROOT / 'artifacts' / 'grm_det1' / 'run_20260831T160525Z_2' / 'runtime_frame_28b3196f8fb04a41.json'	New harness/internal default: not a production adoption receipt; see file order/registration and reference inventory
scripts/lsr_p2a_replay_gpu.py	assignment::SCHEMA_PREFIX	0	ABSENT	59	'grm.lsr_p2a'	New harness/internal default: not a production adoption receipt; see file order/registration and reference inventory
scripts/lsr_p2a_replay_gpu.py	assignment::SUP_FIXTURES	0	ABSENT	68	ROOT / 'tests' / 'fixtures' / 'supersession_battery'	New harness/internal default: not a production adoption receipt; see file order/registration and reference inventory
scripts/lsr_p2a_replay_gpu.py	assignment::_INFO_KEYS	0	ABSENT	213	('fit_planned', 'fit_seated', 'fit_dropped_planned', 'fit_dropped_filler', 'fit_unseatable', 'fit_shuttle', 'fit_shuttle_trips', 'served_without_plan_head', 'abstained', 'abstain_reason', 'abstain_identifier_tokens', 'admission_policy_branch', 'admission_rank_plan', 'mount_plan', 'mount_fitted', 'ranking_ids', 'trip')	New harness/internal default: not a production adoption receipt; see file order/registration and reference inventory
scripts/lsr_p2a_replay_gpu.py	cli:parse_args:'--lease-seconds'	0	ABSENT	357	default=LEASE_SECONDS	New harness/internal default: not a production adoption receipt; see file order/registration and reference inventory
scripts/lsr_p2a_replay_gpu.py	cli:parse_args:'--lock-wait-seconds'	0	ABSENT	358	default=LOCK_WAIT_SECONDS	New harness/internal default: not a production adoption receipt; see file order/registration and reference inventory
scripts/lsr_p2a_replay_gpu.py	cli:parse_args:'--session-id'	0	ABSENT	356	default=None	New harness/internal default: not a production adoption receipt; see file order/registration and reference inventory
scripts/lsr_p2a_replay_gpu.py	cli:parse_args:'command'	0	ABSENT	355	choices=('plan', 'fixture', 'g3')	New harness/internal default: not a production adoption receipt; see file order/registration and reference inventory
scripts/lsr_p2a_replay_gpu.py	env:_build_session:'LSR_P2A_REPO_DIR'	0	ABSENT	195	os.environ.get('LSR_P2A_REPO_DIR', '/tmp/lsr_p2a_repo')	New harness/internal default: not a production adoption receipt; see file order/registration and reference inventory
scripts/lsr_p2a_replay_gpu.py	parameter:_build_session:repo_dir	0	ABSENT	181	None	New harness/internal default: not a production adoption receipt; see file order/registration and reference inventory
scripts/lsr_p2a_replay_gpu.py	parameter:main:argv	0	ABSENT	363	None	New harness/internal default: not a production adoption receipt; see file order/registration and reference inventory
scripts/lsr_p2a_replay_gpu.py	parameter:parse_args:argv	0	ABSENT	353	None	New harness/internal default: not a production adoption receipt; see file order/registration and reference inventory
scripts/lsr_p2a_replay_gpu.py	parameter:serve_fixture:extra_probes	0	ABSENT	227	()	New harness/internal default: not a production adoption receipt; see file order/registration and reference inventory
scripts/lsr_p2b_g2_replay.py	assignment::NOT_RETRO_PROVABLE	0	ABSENT	44	"(('route.candidate_count', 'candidate base size at route time; lived manifests record the returned ranking only'), ('route.route_limit', 'the limit ARGUMENT passed to route(); lived manifests record the resulting ranking, not the bound'), ('route.ranking_scores', 'per-candidate route scores; never persisted at serve time'), ('route.excluded_live_ids', 'the live/recency exclusion set handed to route()'), ('route.excluded_recency_ids', 'the recency exclusion set handed to route()'), ('route.fallbacks', 'route fallback reason codes; the arena route receipt is profile-gated and was off in the lived campaign'), ('provenance.arena_state_sha256_before_serve', 'canonical arena-state digest before the serve'), ('provenance.request_sha256', 'sha256 of the request text'), ('provenance.output_sha256', 'sha256 of the served output'), ('fit.trips[].mount_set / fit.trips[].grounded', 'per-trip seated set and grounded flag; lived ladder_attempts record planned sets only'), ('fit.info_pass_through', ""P2A's fit_*/abstain*/served_without_plan_head fields; they do not exist yet in the lived code""))"	New harness/internal default: not a production adoption receipt; see file order/registration and reference inventory
scripts/lsr_p2b_g2_replay.py	assignment::REPO	0	ABSENT	31	os.path.dirname(os.path.dirname(os.path.abspath(__file__)))	New harness/internal default: not a production adoption receipt; see file order/registration and reference inventory
scripts/lsr_p2b_g2_replay.py	cli:main:'--det-root'	0	ABSENT	219	default=REPO	New harness/internal default: not a production adoption receipt; see file order/registration and reference inventory
scripts/lsr_p2b_g2_replay.py	cli:main:'--json-out'	0	ABSENT	225	default=None	New harness/internal default: not a production adoption receipt; see file order/registration and reference inventory
scripts/lsr_p2b_g2_replay.py	cli:main:'--p1-adjudication'	0	ABSENT	222	required=True	New harness/internal default: not a production adoption receipt; see file order/registration and reference inventory
scripts/lsr_p2b_g2_replay.py	parameter:main:argv	0	ABSENT	217	None	New harness/internal default: not a production adoption receipt; see file order/registration and reference inventory
scripts/lsr_p2b_route_receipt_dump.py	assignment::EVIDENCE_FIELDS	0	ABSENT	43	('admission.ranking', 'admission.identified_candidates', 'admission.identifier_tokens', 'admission.policy_branch', 'admission.rank_plan', 'admission.current_planned', 'admission.current_fitted', 'admission.current_dropped', 'admission.final_mounts', 'admission.rule_sha256', 'arena.cur_mount_n', 'arena.width', 'lived_repository_size_at_probe', 'ranking_length')	New harness/internal default: not a production adoption receipt; see file order/registration and reference inventory
scripts/lsr_p2b_route_receipt_dump.py	assignment::REPO	0	ABSENT	32	os.path.dirname(os.path.dirname(os.path.abspath(__file__)))	New harness/internal default: not a production adoption receipt; see file order/registration and reference inventory
scripts/lsr_p2b_route_receipt_dump.py	cli:main:'--json'	0	ABSENT	223	action='store_true'	New harness/internal default: not a production adoption receipt; see file order/registration and reference inventory
scripts/lsr_p2b_route_receipt_dump.py	cli:main:'--json-out'	0	ABSENT	225	default=None	New harness/internal default: not a production adoption receipt; see file order/registration and reference inventory
scripts/lsr_p2b_route_receipt_dump.py	cli:main:'target'	0	ABSENT	219	implicit argparse default None	New harness/internal default: not a production adoption receipt; see file order/registration and reference inventory
scripts/lsr_p2b_route_receipt_dump.py	parameter:main:argv	0	ABSENT	217	None	New harness/internal default: not a production adoption receipt; see file order/registration and reference inventory
scripts/lsr_p2c_e2e_gpu.py	assignment::ARTIFACT_DIR	0	ABSENT	70	ROOT / 'artifacts' / 'lsr_p2c'	New harness/internal default: not a production adoption receipt; see file order/registration and reference inventory
scripts/lsr_p2c_e2e_gpu.py	assignment::LEASE_SECONDS	0	ABSENT	72	580	New harness/internal default: not a production adoption receipt; see file order/registration and reference inventory
scripts/lsr_p2c_e2e_gpu.py	assignment::LOCK_WAIT_SECONDS	0	ABSENT	73	7200	New harness/internal default: not a production adoption receipt; see file order/registration and reference inventory
scripts/lsr_p2c_e2e_gpu.py	assignment::ROOT	0	ABSENT	48	Path(__file__).resolve().parents[1]	New harness/internal default: not a production adoption receipt; see file order/registration and reference inventory
scripts/lsr_p2c_e2e_gpu.py	assignment::SCHEMA_PREFIX	0	ABSENT	71	'grm.lsr_p2c'	New harness/internal default: not a production adoption receipt; see file order/registration and reference inventory
scripts/lsr_p2c_e2e_gpu.py	assignment::SHARDS	0	ABSENT	76	('e2e-1', 'e2e-2', 'e2e-3', 'e2e-4')	New harness/internal default: not a production adoption receipt; see file order/registration and reference inventory
scripts/lsr_p2c_e2e_gpu.py	assignment:run_shard:os.environ['GRM_LSR_FIXES']	0	ABSENT	146	'1' if arm else '0'	New harness/internal default: not a production adoption receipt; see file order/registration and reference inventory
scripts/lsr_p2c_e2e_gpu.py	assignment:run_shard:os.environ[CAPTURE_PIN_ENV]	0	ABSENT	152	resolved_pin	New harness/internal default: not a production adoption receipt; see file order/registration and reference inventory
scripts/lsr_p2c_e2e_gpu.py	assignment:run_shard:os.environ[SEAT_NEAR_LIVE_ENV]	0	ABSENT	154	'1'	New harness/internal default: not a production adoption receipt; see file order/registration and reference inventory
scripts/lsr_p2c_e2e_gpu.py	cli:parse_args:'--arm'	0	ABSENT	335	default=None; choices=(0, 1)	New harness/internal default: not a production adoption receipt; see file order/registration and reference inventory
scripts/lsr_p2c_e2e_gpu.py	cli:parse_args:'--capture-pin'	0	ABSENT	339	default=None; choices=CAPTURE_PINS	New harness/internal default: not a production adoption receipt; see file order/registration and reference inventory
scripts/lsr_p2c_e2e_gpu.py	cli:parse_args:'--lease-seconds'	0	ABSENT	347	default=LEASE_SECONDS	New harness/internal default: not a production adoption receipt; see file order/registration and reference inventory
scripts/lsr_p2c_e2e_gpu.py	cli:parse_args:'--lock-wait-seconds'	0	ABSENT	348	default=LOCK_WAIT_SECONDS	New harness/internal default: not a production adoption receipt; see file order/registration and reference inventory
scripts/lsr_p2c_e2e_gpu.py	cli:parse_args:'--run-dir'	0	ABSENT	345	default=ROOT / 'artifacts' / 'lsr_p2c' / 'g3_run'	New harness/internal default: not a production adoption receipt; see file order/registration and reference inventory
scripts/lsr_p2c_e2e_gpu.py	cli:parse_args:'--seat-near-live'	0	ABSENT	341	action='store_true'; default=False	New harness/internal default: not a production adoption receipt; see file order/registration and reference inventory
scripts/lsr_p2c_e2e_gpu.py	cli:parse_args:'--spec'	0	ABSENT	334	default=None; choices=SHARDS	New harness/internal default: not a production adoption receipt; see file order/registration and reference inventory
scripts/lsr_p2c_e2e_gpu.py	cli:parse_args:'command'	0	ABSENT	333	choices=('plan', 'shard', 'score')	New harness/internal default: not a production adoption receipt; see file order/registration and reference inventory
scripts/lsr_p2c_e2e_gpu.py	env:run_shard:CAPTURE_PIN_ENV	0	ABSENT	230	os.environ.get(CAPTURE_PIN_ENV)	New harness/internal default: not a production adoption receipt; see file order/registration and reference inventory
scripts/lsr_p2c_e2e_gpu.py	env:run_shard:SEAT_NEAR_LIVE_ENV	0	ABSENT	231	os.environ.get(SEAT_NEAR_LIVE_ENV)	New harness/internal default: not a production adoption receipt; see file order/registration and reference inventory
scripts/lsr_p2c_e2e_gpu.py	env:score_run:PERSISTENT_BOAT_ENV	0	ABSENT	285	os.environ.get(PERSISTENT_BOAT_ENV)	New harness/internal default: not a production adoption receipt; see file order/registration and reference inventory
scripts/lsr_p2c_e2e_gpu.py	parameter:main:argv	0	ABSENT	353	None	New harness/internal default: not a production adoption receipt; see file order/registration and reference inventory
scripts/lsr_p2c_e2e_gpu.py	parameter:parse_args:argv	0	ABSENT	331	None	New harness/internal default: not a production adoption receipt; see file order/registration and reference inventory
scripts/lsr_p2c_e2e_gpu.py	parameter:run_shard:capture_pin	0	ABSENT	119	None	New harness/internal default: not a production adoption receipt; see file order/registration and reference inventory
scripts/lsr_p2c_e2e_gpu.py	parameter:run_shard:seat_near_live	0	ABSENT	119	None	New harness/internal default: not a production adoption receipt; see file order/registration and reference inventory
scripts/lsr_p2c_replay_gpu.py	assignment::ARTIFACT_DIR	0	ABSENT	84	ROOT / 'artifacts' / 'lsr_p2c'	New harness/internal default: not a production adoption receipt; see file order/registration and reference inventory
scripts/lsr_p2c_replay_gpu.py	assignment::CENSUS	0	ABSENT	90	ROOT / 'artifacts' / 'grm_det1' / 'run_20260831T160525Z_2' / 'det1_11' / 'census' / 'lived_serving_census_98ef71e88dec17a1.json'	New harness/internal default: not a production adoption receipt; see file order/registration and reference inventory
scripts/lsr_p2c_replay_gpu.py	assignment::LEASE_SECONDS	0	ABSENT	95	580	New harness/internal default: not a production adoption receipt; see file order/registration and reference inventory
scripts/lsr_p2c_replay_gpu.py	assignment::LOCK_WAIT_SECONDS	0	ABSENT	96	7200	New harness/internal default: not a production adoption receipt; see file order/registration and reference inventory
scripts/lsr_p2c_replay_gpu.py	assignment::ROOT	0	ABSENT	69	Path(__file__).resolve().parents[1]	New harness/internal default: not a production adoption receipt; see file order/registration and reference inventory
scripts/lsr_p2c_replay_gpu.py	assignment::RUNTIME_FRAME	0	ABSENT	86	ROOT / 'artifacts' / 'grm_det1' / 'run_20260831T160525Z_2' / 'runtime_frame_28b3196f8fb04a41.json'	New harness/internal default: not a production adoption receipt; see file order/registration and reference inventory
scripts/lsr_p2c_replay_gpu.py	assignment::SCHEMA_PREFIX	0	ABSENT	85	'grm.lsr_p2c'	New harness/internal default: not a production adoption receipt; see file order/registration and reference inventory
scripts/lsr_p2c_replay_gpu.py	assignment::SUP_FIXTURES	0	ABSENT	94	ROOT / 'tests' / 'fixtures' / 'supersession_battery'	New harness/internal default: not a production adoption receipt; see file order/registration and reference inventory
scripts/lsr_p2c_replay_gpu.py	assignment::SUP_SESSIONS	0	ABSENT	99	('correction_then_restatement', 'fresh_fact_controls', 'multi_hop_a_b_c', 'short_correction_long_competitor')	New harness/internal default: not a production adoption receipt; see file order/registration and reference inventory
scripts/lsr_p2c_replay_gpu.py	assignment::_INFO_KEYS	0	ABSENT	228	('fit_planned', 'fit_seated', 'fit_dropped_planned', 'fit_dropped_filler', 'fit_unseatable', 'fit_shuttle', 'fit_shuttle_trips', 'served_without_plan_head', 'fit_split_parent', 'fit_split_children', 'fit_split_ephemeral', 'fit_descended_head', 'fit_chunk_trips', 'abstained', 'abstain_reason', 'abstain_identifier_tokens', 'admission_policy_branch', 'admission_rank_plan', 'mount_plan', 'mount_fitted', 'ranking_ids', 'trip', 'frame_ephemeral', 'frame_escape_active', 'recency_mounted_ids', 'recency_seats', 'live_segments_inherited', 'live_segments_carried_into_turn', 'live_segments_after_turn')	New harness/internal default: not a production adoption receipt; see file order/registration and reference inventory
scripts/lsr_p2c_replay_gpu.py	assignment::_INFO_PREFIXES	0	ABSENT	253	('demand_',)	New harness/internal default: not a production adoption receipt; see file order/registration and reference inventory
scripts/lsr_p2c_replay_gpu.py	assignment:serve_fixture:os.environ['GRM_LSR_FIXES']	0	ABSENT	413	'1' if arm else '0'	New harness/internal default: not a production adoption receipt; see file order/registration and reference inventory
scripts/lsr_p2c_replay_gpu.py	assignment:serve_fixture:os.environ[CAPTURE_PIN_ENV]	0	ABSENT	422	resolved_pin	New harness/internal default: not a production adoption receipt; see file order/registration and reference inventory
scripts/lsr_p2c_replay_gpu.py	assignment:serve_fixture:os.environ[SEAT_NEAR_LIVE_ENV]	0	ABSENT	424	'1'	New harness/internal default: not a production adoption receipt; see file order/registration and reference inventory
scripts/lsr_p2c_replay_gpu.py	cli:parse_args:'--arm'	0	ABSENT	570	default=None; choices=(0, 1)	New harness/internal default: not a production adoption receipt; see file order/registration and reference inventory
scripts/lsr_p2c_replay_gpu.py	cli:parse_args:'--capture-pin'	0	ABSENT	572	default=None; choices=CAPTURE_PINS	New harness/internal default: not a production adoption receipt; see file order/registration and reference inventory
scripts/lsr_p2c_replay_gpu.py	cli:parse_args:'--lease-seconds'	0	ABSENT	578	default=LEASE_SECONDS	New harness/internal default: not a production adoption receipt; see file order/registration and reference inventory
scripts/lsr_p2c_replay_gpu.py	cli:parse_args:'--lock-wait-seconds'	0	ABSENT	579	default=LOCK_WAIT_SECONDS	New harness/internal default: not a production adoption receipt; see file order/registration and reference inventory
scripts/lsr_p2c_replay_gpu.py	cli:parse_args:'--seat-near-live'	0	ABSENT	574	action='store_true'; default=False	New harness/internal default: not a production adoption receipt; see file order/registration and reference inventory
scripts/lsr_p2c_replay_gpu.py	cli:parse_args:'--session-id'	0	ABSENT	569	default=None	New harness/internal default: not a production adoption receipt; see file order/registration and reference inventory
scripts/lsr_p2c_replay_gpu.py	cli:parse_args:'command'	0	ABSENT	568	choices=('plan', 'fixture')	New harness/internal default: not a production adoption receipt; see file order/registration and reference inventory
scripts/lsr_p2c_replay_gpu.py	env:serve_fixture:'GRM_LSR_FIXES'	0	ABSENT	499	os.environ.get('GRM_LSR_FIXES')	New harness/internal default: not a production adoption receipt; see file order/registration and reference inventory
scripts/lsr_p2c_replay_gpu.py	env:serve_fixture:CAPTURE_PIN_ENV	0	ABSENT	506	os.environ.get(CAPTURE_PIN_ENV)	New harness/internal default: not a production adoption receipt; see file order/registration and reference inventory
scripts/lsr_p2c_replay_gpu.py	env:serve_fixture:PERSISTENT_BOAT_ENV	0	ABSENT	517	os.environ.get(PERSISTENT_BOAT_ENV)	New harness/internal default: not a production adoption receipt; see file order/registration and reference inventory
scripts/lsr_p2c_replay_gpu.py	env:serve_fixture:SEAT_NEAR_LIVE_ENV	0	ABSENT	507	os.environ.get(SEAT_NEAR_LIVE_ENV)	New harness/internal default: not a production adoption receipt; see file order/registration and reference inventory
scripts/lsr_p2c_replay_gpu.py	parameter:main:argv	0	ABSENT	584	None	New harness/internal default: not a production adoption receipt; see file order/registration and reference inventory
scripts/lsr_p2c_replay_gpu.py	parameter:parse_args:argv	0	ABSENT	566	None	New harness/internal default: not a production adoption receipt; see file order/registration and reference inventory
scripts/lsr_p2c_replay_gpu.py	parameter:serve_fixture:capture_pin	0	ABSENT	388	None	New harness/internal default: not a production adoption receipt; see file order/registration and reference inventory
scripts/lsr_p2c_replay_gpu.py	parameter:serve_fixture:seat_near_live	0	ABSENT	388	None	New harness/internal default: not a production adoption receipt; see file order/registration and reference inventory
scripts/olmoe_e2_experiment.py	assignment::BRINGUP_LONG_MINUS_SHORT_NLL_CAP	0	ABSENT	125	0.15	New harness/internal default: not a production adoption receipt; see file order/registration and reference inventory
scripts/olmoe_e2_experiment.py	assignment::BRINGUP_LONG_TOKENS	0	ABSENT	95	2048	New harness/internal default: not a production adoption receipt; see file order/registration and reference inventory
scripts/olmoe_e2_experiment.py	assignment::BRINGUP_PPL_MAX	0	ABSENT	124	100.0	New harness/internal default: not a production adoption receipt; see file order/registration and reference inventory
scripts/olmoe_e2_experiment.py	assignment::BRINGUP_PPL_MIN	0	ABSENT	123	5.0	New harness/internal default: not a production adoption receipt; see file order/registration and reference inventory
scripts/olmoe_e2_experiment.py	assignment::BRINGUP_SHORT_TOKENS	0	ABSENT	96	512	New harness/internal default: not a production adoption receipt; see file order/registration and reference inventory
scripts/olmoe_e2_experiment.py	assignment::CORPUS_ROOTS	0	ABSENT	66	(Path('/mnt/Shared/01 - Narrative Project/01 - Narrative Research/Methodology/GUIDELINES/Active_Guides'), Path('/mnt/Shared/01 - Narrative Project/01 - Narrative Research/Methodology/GUIDELINES/Active_J_Guides'), Path('/mnt/Shared/01 - Narrative Project/01 - Narrative Research/Methodology/GUIDELINES/Active_O_Guides'))	New harness/internal default: not a production adoption receipt; see file order/registration and reference inventory
scripts/olmoe_e2_experiment.py	assignment::DEFAULT_BOOTSTRAP_RESAMPLES	0	ABSENT	127	2000	New harness/internal default: not a production adoption receipt; see file order/registration and reference inventory
scripts/olmoe_e2_experiment.py	assignment::DEFAULT_MODEL_DIR	0	ABSENT	56	Path('/home/vader/.cache/huggingface/hub/models--allenai--OLMoE-1B-7B-0924/snapshots/6d84c48581ece794365f2b8e9cfb043c68ade9c5')	New harness/internal default: not a production adoption receipt; see file order/registration and reference inventory
scripts/olmoe_e2_experiment.py	assignment::DEFAULT_OUTPUT_DIR	0	ABSENT	55	REPO_ROOT / 'artifacts' / 'moe_e2'	New harness/internal default: not a production adoption receipt; see file order/registration and reference inventory
scripts/olmoe_e2_experiment.py	assignment::DEFAULT_SEED	0	ABSENT	126	20260829	New harness/internal default: not a production adoption receipt; see file order/registration and reference inventory
scripts/olmoe_e2_experiment.py	assignment::EVAL_INDICES	0	ABSENT	103	tuple(range(1, N_KEY_WINDOWS, 2))	New harness/internal default: not a production adoption receipt; see file order/registration and reference inventory
scripts/olmoe_e2_experiment.py	assignment::EXPERTPACK_NAME	0	ABSENT	128	'expertpack_narrative_olmoe_v0'	New harness/internal default: not a production adoption receipt; see file order/registration and reference inventory
scripts/olmoe_e2_experiment.py	assignment::EXPERTS_PER_TOKEN	0	ABSENT	91	8	New harness/internal default: not a production adoption receipt; see file order/registration and reference inventory
scripts/olmoe_e2_experiment.py	assignment::F4_ORDER_PATH	0	ABSENT	53	REPO_ROOT / 'orders' / 'MOE_E2_F4_CONTENT_PROVENANCE.md'	New harness/internal default: not a production adoption receipt; see file order/registration and reference inventory
scripts/olmoe_e2_experiment.py	assignment::FIT_INDICES	0	ABSENT	102	tuple(range(0, N_KEY_WINDOWS, 2))	New harness/internal default: not a production adoption receipt; see file order/registration and reference inventory
scripts/olmoe_e2_experiment.py	assignment::FORBIDDEN_DIRECTORY_TERMS	0	ABSENT	80	('consciousness', 'rcft', 'thesis')	New harness/internal default: not a production adoption receipt; see file order/registration and reference inventory
scripts/olmoe_e2_experiment.py	assignment::FPR_CAPS	0	ABSENT	117	{'code': 0.05, 'grm': 0.05}	New harness/internal default: not a production adoption receipt; see file order/registration and reference inventory
scripts/olmoe_e2_experiment.py	assignment::G3_IMPROVEMENT_FLOOR	0	ABSENT	118	0.1	New harness/internal default: not a production adoption receipt; see file order/registration and reference inventory
scripts/olmoe_e2_experiment.py	assignment::G4_RECOVERY_FLOOR	0	ABSENT	119	0.25	New harness/internal default: not a production adoption receipt; see file order/registration and reference inventory
scripts/olmoe_e2_experiment.py	assignment::G5_CODE_FIRE_CAP	0	ABSENT	121	0.05	New harness/internal default: not a production adoption receipt; see file order/registration and reference inventory
scripts/olmoe_e2_experiment.py	assignment::G5_WIKITEXT_PPL_DELTA_CAP_PERCENT	0	ABSENT	120	0.5	New harness/internal default: not a production adoption receipt; see file order/registration and reference inventory
scripts/olmoe_e2_experiment.py	assignment::GENERIC_FIT_RANK_REFERENCE	0	ABSENT	122	0.02	New harness/internal default: not a production adoption receipt; see file order/registration and reference inventory
scripts/olmoe_e2_experiment.py	assignment::GLC_PATH	0	ABSENT	54	REPO_ROOT / 'docs' / 'GLC_LONG_CONTEXT_SYNTHESIS.md'	New harness/internal default: not a production adoption receipt; see file order/registration and reference inventory
scripts/olmoe_e2_experiment.py	assignment::GPU_PREAMBLE	0	ABSENT	148	'flock -w 7200 /tmp/forge-gpu.lock timeout --signal=TERM --kill-after=5s 590s env CUDA_VISIBLE_DEVICES=0 HF_HUB_OFFLINE=1 TRANSFORMERS_OFFLINE=1 HF_DEACTIVATE_ASYNC_LOAD=1 TOKENIZERS_PARALLELISM=false PYTHONDONTWRITEBYTECODE=1 PYTHONPYCACHEPREFIX=/tmp/olmoe_e2_pycache PYTHONUNBUFFERED=1'	New harness/internal default: not a production adoption receipt; see file order/registration and reference inventory
scripts/olmoe_e2_experiment.py	assignment::HIDDEN_DIM	0	ABSENT	89	2048	New harness/internal default: not a production adoption receipt; see file order/registration and reference inventory
scripts/olmoe_e2_experiment.py	assignment::INNER_TRAIN_INDICES	0	ABSENT	104	(0, 4, 8, 12)	New harness/internal default: not a production adoption receipt; see file order/registration and reference inventory
scripts/olmoe_e2_experiment.py	assignment::INNER_VALIDATION_INDICES	0	ABSENT	105	(2, 6, 10, 14)	New harness/internal default: not a production adoption receipt; see file order/registration and reference inventory
scripts/olmoe_e2_experiment.py	assignment::K4_ALPHA_GRID	0	ABSENT	115	(0.0001, 0.001, 0.01, 0.1, 1.0)	New harness/internal default: not a production adoption receipt; see file order/registration and reference inventory
scripts/olmoe_e2_experiment.py	assignment::KEY_CORPORA	0	ABSENT	106	('narrative', 'wikitext', 'code', 'grm')	New harness/internal default: not a production adoption receipt; see file order/registration and reference inventory
scripts/olmoe_e2_experiment.py	assignment::LOAD_REPORT_FIELDS	0	ABSENT	1701	('missing_keys', 'unexpected_keys', 'mismatched_keys', 'error_msgs')	New harness/internal default: not a production adoption receipt; see file order/registration and reference inventory
scripts/olmoe_e2_experiment.py	assignment::MAX_CONTEXT	0	ABSENT	92	4096	New harness/internal default: not a production adoption receipt; see file order/registration and reference inventory
scripts/olmoe_e2_experiment.py	assignment::MODEL_ID	0	ABSENT	83	'allenai/OLMoE-1B-7B-0924'	New harness/internal default: not a production adoption receipt; see file order/registration and reference inventory
scripts/olmoe_e2_experiment.py	assignment::MODEL_REVISION	0	ABSENT	82	'6d84c48581ece794365f2b8e9cfb043c68ade9c5'	New harness/internal default: not a production adoption receipt; see file order/registration and reference inventory
scripts/olmoe_e2_experiment.py	assignment::NEGATIVE_CORPORA	0	ABSENT	107	('wikitext', 'code', 'grm')	New harness/internal default: not a production adoption receipt; see file order/registration and reference inventory
scripts/olmoe_e2_experiment.py	assignment::N_BEHAVIORAL_WINDOWS	0	ABSENT	101	16	New harness/internal default: not a production adoption receipt; see file order/registration and reference inventory
scripts/olmoe_e2_experiment.py	assignment::N_EXPERTS	0	ABSENT	90	64	New harness/internal default: not a production adoption receipt; see file order/registration and reference inventory
scripts/olmoe_e2_experiment.py	assignment::N_FILES	0	ABSENT	85	35	New harness/internal default: not a production adoption receipt; see file order/registration and reference inventory
scripts/olmoe_e2_experiment.py	assignment::N_HELDOUT_FILES	0	ABSENT	87	10	New harness/internal default: not a production adoption receipt; see file order/registration and reference inventory
scripts/olmoe_e2_experiment.py	assignment::N_KEY_WINDOWS	0	ABSENT	97	16	New harness/internal default: not a production adoption receipt; see file order/registration and reference inventory
scripts/olmoe_e2_experiment.py	assignment::N_LAYERS	0	ABSENT	88	16	New harness/internal default: not a production adoption receipt; see file order/registration and reference inventory
scripts/olmoe_e2_experiment.py	assignment::N_PAIR_TRAIN	0	ABSENT	98	48	New harness/internal default: not a production adoption receipt; see file order/registration and reference inventory
scripts/olmoe_e2_experiment.py	assignment::N_PAIR_VALIDATION	0	ABSENT	99	16	New harness/internal default: not a production adoption receipt; see file order/registration and reference inventory
scripts/olmoe_e2_experiment.py	assignment::N_PAIR_WINDOWS	0	ABSENT	100	N_PAIR_TRAIN + N_PAIR_VALIDATION	New harness/internal default: not a production adoption receipt; see file order/registration and reference inventory
scripts/olmoe_e2_experiment.py	assignment::N_TRAIN_FILES	0	ABSENT	86	25	New harness/internal default: not a production adoption receipt; see file order/registration and reference inventory
scripts/olmoe_e2_experiment.py	assignment::ORDER_PATH	0	ABSENT	52	REPO_ROOT / 'orders' / 'MOE_E2_OLMOE_TESTBED.md'	New harness/internal default: not a production adoption receipt; see file order/registration and reference inventory
scripts/olmoe_e2_experiment.py	assignment::PREFIX_TOKENS	0	ABSENT	94	2048	New harness/internal default: not a production adoption receipt; see file order/registration and reference inventory
scripts/olmoe_e2_experiment.py	assignment::PREPARED_ARRAY_SHAPES	0	ABSENT	135	{'narrative_key_ids': (16, 512), 'pair_ids': (64, 512), 'heldout_ids': (16, 512), 'pair_p0_prefix_ids': (64, 2048), 'heldout_p0_prefix_ids': (16, 2048), 'heldout_p1_prefix_ids': (16, 2048), 'wikitext_ids': (16, 512), 'code_ids': (16, 512), 'grm_ids': (16, 512), 'bringup_ids': (2048,)}	New harness/internal default: not a production adoption receipt; see file order/registration and reference inventory
scripts/olmoe_e2_experiment.py	assignment::PREPARED_CONTENT_ALGORITHM	0	ABSENT	129	'moe_e2_prepared_arrays_v1:sha256(canonical-json(name,shape,dtype,sha256(C-contiguous-little-endian-values)))'	New harness/internal default: not a production adoption receipt; see file order/registration and reference inventory
scripts/olmoe_e2_experiment.py	assignment::PROVENANCE_VALIDATION_DIR	0	ABSENT	133	'provenance_validation'	New harness/internal default: not a production adoption receipt; see file order/registration and reference inventory
scripts/olmoe_e2_experiment.py	assignment::RECALL_FLOOR	0	ABSENT	116	0.5	New harness/internal default: not a production adoption receipt; see file order/registration and reference inventory
scripts/olmoe_e2_experiment.py	assignment::REPO_ROOT	0	ABSENT	51	SCRIPT_PATH.parents[1]	New harness/internal default: not a production adoption receipt; see file order/registration and reference inventory
scripts/olmoe_e2_experiment.py	assignment::SCRIPT_PATH	0	ABSENT	50	Path(__file__).resolve()	New harness/internal default: not a production adoption receipt; see file order/registration and reference inventory
scripts/olmoe_e2_experiment.py	assignment::SENTENCE	0	ABSENT	746	re.compile('[^.!?]+[.!?]+', re.DOTALL)	New harness/internal default: not a production adoption receipt; see file order/registration and reference inventory
scripts/olmoe_e2_experiment.py	assignment::STRUCTURAL_LINE	0	ABSENT	745	re.compile('^(?:#{1,6}\\s|[-*+>]\\s|\\d+[.)]\\s|```|\\|)')	New harness/internal default: not a production adoption receipt; see file order/registration and reference inventory
scripts/olmoe_e2_experiment.py	assignment::TAU_GRID	0	ABSENT	109	(('p90', 0.9), ('p95', 0.95), ('p99', 0.99), ('p99.5', 0.995))	New harness/internal default: not a production adoption receipt; see file order/registration and reference inventory
scripts/olmoe_e2_experiment.py	assignment::TRANSFORMERS_LOAD_REPORT_VERSION	0	ABSENT	84	'5.12.0'	New harness/internal default: not a production adoption receipt; see file order/registration and reference inventory
scripts/olmoe_e2_experiment.py	assignment::WIKITEXT_SNAPSHOT	0	ABSENT	61	Path('/home/vader/.cache/huggingface/hub/datasets--wikitext/snapshots/b08601e04326c79dfdd32d625aee71d232d685c3/wikitext-2-raw-v1')	New harness/internal default: not a production adoption receipt; see file order/registration and reference inventory
scripts/olmoe_e2_experiment.py	assignment::WINDOW_TOKENS	0	ABSENT	93	512	New harness/internal default: not a production adoption receipt; see file order/registration and reference inventory
scripts/olmoe_e2_experiment.py	assignment::os.environ['HF_DEACTIVATE_ASYNC_LOAD']	0	ABSENT	48	'1'	New harness/internal default: not a production adoption receipt; see file order/registration and reference inventory
scripts/olmoe_e2_experiment.py	assignment:load_expert_arrays:A	0	ABSENT	5083	np.load(pack['components']['A']['path'], allow_pickle=False)	New harness/internal default: not a production adoption receipt; see file order/registration and reference inventory
scripts/olmoe_e2_experiment.py	assignment:load_expert_arrays:B	0	ABSENT	5084	np.load(pack['components']['B']['path'], allow_pickle=False)	New harness/internal default: not a production adoption receipt; see file order/registration and reference inventory
scripts/olmoe_e2_experiment.py	assignment:self_test:A	0	ABSENT	3076	rng.standard_normal((4, dimension)).astype(np.float32) * 0.1	New harness/internal default: not a production adoption receipt; see file order/registration and reference inventory
scripts/olmoe_e2_experiment.py	assignment:self_test:B	0	ABSENT	3077	rng.standard_normal((dimension, 4)).astype(np.float32) * 0.1	New harness/internal default: not a production adoption receipt; see file order/registration and reference inventory
scripts/olmoe_e2_experiment.py	cli:parse_args:'--bootstrap-resamples'	0	ABSENT	194	default=DEFAULT_BOOTSTRAP_RESAMPLES	New harness/internal default: not a production adoption receipt; see file order/registration and reference inventory
scripts/olmoe_e2_experiment.py	cli:parse_args:'--bringup-cell'	0	ABSENT	179	choices=('both', 'short', 'long'); default='both'	New harness/internal default: not a production adoption receipt; see file order/registration and reference inventory
scripts/olmoe_e2_experiment.py	cli:parse_args:'--cg-maxiter'	0	ABSENT	197	default=200	New harness/internal default: not a production adoption receipt; see file order/registration and reference inventory
scripts/olmoe_e2_experiment.py	cli:parse_args:'--cg-rtol'	0	ABSENT	196	default=1e-05	New harness/internal default: not a production adoption receipt; see file order/registration and reference inventory
scripts/olmoe_e2_experiment.py	cli:parse_args:'--corpus'	0	ABSENT	187	choices=KEY_CORPORA	New harness/internal default: not a production adoption receipt; see file order/registration and reference inventory
scripts/olmoe_e2_experiment.py	cli:parse_args:'--count'	0	ABSENT	189	default=1	New harness/internal default: not a production adoption receipt; see file order/registration and reference inventory
scripts/olmoe_e2_experiment.py	cli:parse_args:'--cpu-max-memory'	0	ABSENT	183	default='46GiB'	New harness/internal default: not a production adoption receipt; see file order/registration and reference inventory
scripts/olmoe_e2_experiment.py	cli:parse_args:'--cpu-threads'	0	ABSENT	184	default=min(os.cpu_count() or 1, 12)	New harness/internal default: not a production adoption receipt; see file order/registration and reference inventory
scripts/olmoe_e2_experiment.py	cli:parse_args:'--device'	0	ABSENT	178	choices=('cpu', 'auto'); default='cpu'	New harness/internal default: not a production adoption receipt; see file order/registration and reference inventory
scripts/olmoe_e2_experiment.py	cli:parse_args:'--epochs'	0	ABSENT	198	default=100	New harness/internal default: not a production adoption receipt; see file order/registration and reference inventory
scripts/olmoe_e2_experiment.py	cli:parse_args:'--eval-kind'	0	ABSENT	190	choices=('abi', 'narrative', 'wikitext', 'code')	New harness/internal default: not a production adoption receipt; see file order/registration and reference inventory
scripts/olmoe_e2_experiment.py	cli:parse_args:'--learning-rate'	0	ABSENT	200	default=0.001	New harness/internal default: not a production adoption receipt; see file order/registration and reference inventory
scripts/olmoe_e2_experiment.py	cli:parse_args:'--legacy-archive-sha256'	0	ABSENT	212	implicit argparse default None	New harness/internal default: not a production adoption receipt; see file order/registration and reference inventory
scripts/olmoe_e2_experiment.py	cli:parse_args:'--legacy-script-snapshot'	0	ABSENT	204	implicit argparse default None	New harness/internal default: not a production adoption receipt; see file order/registration and reference inventory
scripts/olmoe_e2_experiment.py	cli:parse_args:'--legacy-source-commit'	0	ABSENT	219	implicit argparse default None	New harness/internal default: not a production adoption receipt; see file order/registration and reference inventory
scripts/olmoe_e2_experiment.py	cli:parse_args:'--max-gpu-memory'	0	ABSENT	182	default='11GiB'	New harness/internal default: not a production adoption receipt; see file order/registration and reference inventory
scripts/olmoe_e2_experiment.py	cli:parse_args:'--model-dir'	0	ABSENT	177	default=DEFAULT_MODEL_DIR	New harness/internal default: not a production adoption receipt; see file order/registration and reference inventory
scripts/olmoe_e2_experiment.py	cli:parse_args:'--output-dir'	0	ABSENT	176	default=DEFAULT_OUTPUT_DIR	New harness/internal default: not a production adoption receipt; see file order/registration and reference inventory
scripts/olmoe_e2_experiment.py	cli:parse_args:'--patience'	0	ABSENT	199	default=10	New harness/internal default: not a production adoption receipt; see file order/registration and reference inventory
scripts/olmoe_e2_experiment.py	cli:parse_args:'--prefix-arm'	0	ABSENT	193	choices=('p0', 'p1'); default='p0'	New harness/internal default: not a production adoption receipt; see file order/registration and reference inventory
scripts/olmoe_e2_experiment.py	cli:parse_args:'--rank'	0	ABSENT	195	default=64	New harness/internal default: not a production adoption receipt; see file order/registration and reference inventory
scripts/olmoe_e2_experiment.py	cli:parse_args:'--seed'	0	ABSENT	186	default=DEFAULT_SEED	New harness/internal default: not a production adoption receipt; see file order/registration and reference inventory
scripts/olmoe_e2_experiment.py	cli:parse_args:'--start-window'	0	ABSENT	188	default=0	New harness/internal default: not a production adoption receipt; see file order/registration and reference inventory
scripts/olmoe_e2_experiment.py	cli:parse_args:'--threads'	0	ABSENT	185	default=min(os.cpu_count() or 1, 8)	New harness/internal default: not a production adoption receipt; see file order/registration and reference inventory
scripts/olmoe_e2_experiment.py	cli:parse_args:'--token-batch-size'	0	ABSENT	202	default=256	New harness/internal default: not a production adoption receipt; see file order/registration and reference inventory
scripts/olmoe_e2_experiment.py	cli:parse_args:'--train-tokens-per-window'	0	ABSENT	203	default=128	New harness/internal default: not a production adoption receipt; see file order/registration and reference inventory
scripts/olmoe_e2_experiment.py	cli:parse_args:'--weight-decay'	0	ABSENT	201	default=0.0	New harness/internal default: not a production adoption receipt; see file order/registration and reference inventory
scripts/olmoe_e2_experiment.py	cli:parse_args:'mode'	0	ABSENT	159	choices=('prepare', 'self-test', 'validate-provenance', 'load-check', 'bringup', 'capture-keys', 'fit-key', 'capture-pairs', 'train', 'eval-gates', 'fallback-check', 'analyze')	New harness/internal default: not a production adoption receipt; see file order/registration and reference inventory
scripts/olmoe_e2_experiment.py	env::'HF_HUB_OFFLINE'	0	ABSENT	45	os.environ.setdefault('HF_HUB_OFFLINE', '1')	New harness/internal default: not a production adoption receipt; see file order/registration and reference inventory
scripts/olmoe_e2_experiment.py	env::'PYTHONDONTWRITEBYTECODE'	0	ABSENT	43	os.environ.setdefault('PYTHONDONTWRITEBYTECODE', '1')	New harness/internal default: not a production adoption receipt; see file order/registration and reference inventory
scripts/olmoe_e2_experiment.py	env::'PYTHONPYCACHEPREFIX'	0	ABSENT	44	os.environ.setdefault('PYTHONPYCACHEPREFIX', '/tmp/olmoe_e2_pycache')	New harness/internal default: not a production adoption receipt; see file order/registration and reference inventory
scripts/olmoe_e2_experiment.py	env::'TOKENIZERS_PARALLELISM'	0	ABSENT	47	os.environ.setdefault('TOKENIZERS_PARALLELISM', 'false')	New harness/internal default: not a production adoption receipt; see file order/registration and reference inventory
scripts/olmoe_e2_experiment.py	env::'TRANSFORMERS_OFFLINE'	0	ABSENT	46	os.environ.setdefault('TRANSFORMERS_OFFLINE', '1')	New harness/internal default: not a production adoption receipt; see file order/registration and reference inventory
scripts/olmoe_e2_experiment.py	parameter:bind_receipt_to_prepared_content:allow_unregistered_legacy	0	ABSENT	1456	False	New harness/internal default: not a production adoption receipt; see file order/registration and reference inventory
scripts/olmoe_e2_experiment.py	parameter:bind_receipt_to_prepared_content:require_declared_content	0	ABSENT	1456	False	New harness/internal default: not a production adoption receipt; see file order/registration and reference inventory
scripts/olmoe_e2_experiment.py	parameter:bind_transitive_receipt_content:require_declared_content	0	ABSENT	1555	False	New harness/internal default: not a production adoption receipt; see file order/registration and reference inventory
scripts/olmoe_e2_experiment.py	parameter:build_code_corpus:script_snapshot	0	ABSENT	892	None	New harness/internal default: not a production adoption receipt; see file order/registration and reference inventory
scripts/olmoe_e2_experiment.py	parameter:build_file_corpus:replacements	0	ABSENT	871	None	New harness/internal default: not a production adoption receipt; see file order/registration and reference inventory
scripts/olmoe_e2_experiment.py	parameter:cg_fisher_solve:x0	0	ABSENT	2583	None	New harness/internal default: not a production adoption receipt; see file order/registration and reference inventory
scripts/olmoe_e2_experiment.py	parameter:eval_receipt_path:prefix_arm	0	ABSENT	5243	'p0'	New harness/internal default: not a production adoption receipt; see file order/registration and reference inventory
scripts/olmoe_e2_experiment.py	parameter:eval_receipt_path:window_index	0	ABSENT	5243	None	New harness/internal default: not a production adoption receipt; see file order/registration and reference inventory
scripts/olmoe_e2_experiment.py	parameter:find_non_finite_json_values:path	0	ABSENT	308	'$'	New harness/internal default: not a production adoption receipt; see file order/registration and reference inventory
scripts/olmoe_e2_experiment.py	parameter:format_number:digits	0	ABSENT	5930	6	New harness/internal default: not a production adoption receipt; see file order/registration and reference inventory
scripts/olmoe_e2_experiment.py	parameter:load_addressed_pack:require_adapter	0	ABSENT	4324	False	New harness/internal default: not a production adoption receipt; see file order/registration and reference inventory
scripts/olmoe_e2_experiment.py	parameter:load_eval_sequence:count	0	ABSENT	5857	16	New harness/internal default: not a production adoption receipt; see file order/registration and reference inventory
scripts/olmoe_e2_experiment.py	parameter:load_eval_sequence:expert_binding	0	ABSENT	5857	None	New harness/internal default: not a production adoption receipt; see file order/registration and reference inventory
scripts/olmoe_e2_experiment.py	parameter:load_eval_sequence:manifest	0	ABSENT	5857	None	New harness/internal default: not a production adoption receipt; see file order/registration and reference inventory
scripts/olmoe_e2_experiment.py	parameter:load_eval_sequence:prefix_arm	0	ABSENT	5857	'p0'	New harness/internal default: not a production adoption receipt; see file order/registration and reference inventory
scripts/olmoe_e2_experiment.py	parameter:load_eval_sequence:prepared	0	ABSENT	5857	None	New harness/internal default: not a production adoption receipt; see file order/registration and reference inventory
scripts/olmoe_e2_experiment.py	parameter:load_eval_validations:count	0	ABSENT	5823	16	New harness/internal default: not a production adoption receipt; see file order/registration and reference inventory
scripts/olmoe_e2_experiment.py	parameter:load_eval_validations:expert_binding	0	ABSENT	5823	None	New harness/internal default: not a production adoption receipt; see file order/registration and reference inventory
scripts/olmoe_e2_experiment.py	parameter:load_eval_validations:manifest	0	ABSENT	5823	None	New harness/internal default: not a production adoption receipt; see file order/registration and reference inventory
scripts/olmoe_e2_experiment.py	parameter:load_eval_validations:prefix_arm	0	ABSENT	5823	'p0'	New harness/internal default: not a production adoption receipt; see file order/registration and reference inventory
scripts/olmoe_e2_experiment.py	parameter:load_eval_validations:prepared	0	ABSENT	5823	None	New harness/internal default: not a production adoption receipt; see file order/registration and reference inventory
scripts/olmoe_e2_experiment.py	parameter:require_bringup_green:manifest	0	ABSENT	1659	None	New harness/internal default: not a production adoption receipt; see file order/registration and reference inventory
scripts/olmoe_e2_experiment.py	parameter:require_bringup_green:prepared	0	ABSENT	1659	None	New harness/internal default: not a production adoption receipt; see file order/registration and reference inventory
scripts/olmoe_e2_experiment.py	parameter:save_npz:compressed	0	ABSENT	381	False	New harness/internal default: not a production adoption receipt; see file order/registration and reference inventory
scripts/olmoe_e2_experiment.py	parameter:source_record:rows	0	ABSENT	501	None	New harness/internal default: not a production adoption receipt; see file order/registration and reference inventory
scripts/olmoe_e2_experiment.py	parameter:validate_consolidated_bringup_receipt:receipt	0	ABSENT	2207	None	New harness/internal default: not a production adoption receipt; see file order/registration and reference inventory
scripts/olmoe_e2_experiment.py	parameter:validate_eval_receipt:content_sets	0	ABSENT	5256	None	New harness/internal default: not a production adoption receipt; see file order/registration and reference inventory
scripts/olmoe_e2_experiment.py	parameter:validate_eval_receipt:expert_binding	0	ABSENT	5256	None	New harness/internal default: not a production adoption receipt; see file order/registration and reference inventory
scripts/olmoe_e2_experiment.py	parameter:validate_eval_receipt:prefix_arm	0	ABSENT	5256	'p0'	New harness/internal default: not a production adoption receipt; see file order/registration and reference inventory
scripts/olmoe_e2_experiment.py	parameter:validate_eval_receipt:window_index	0	ABSENT	5256	None	New harness/internal default: not a production adoption receipt; see file order/registration and reference inventory
scripts/olmoe_e2_experiment.py	parameter:validate_key_capture_receipt:allow_unregistered_legacy	0	ABSENT	3618	False	New harness/internal default: not a production adoption receipt; see file order/registration and reference inventory
scripts/olmoe_e2_experiment.py	parameter:validate_key_capture_receipt:classification	0	ABSENT	3618	'active'	New harness/internal default: not a production adoption receipt; see file order/registration and reference inventory
scripts/olmoe_e2_experiment.py	parameter:validate_key_capture_receipt:content_sets	0	ABSENT	3618	None	New harness/internal default: not a production adoption receipt; see file order/registration and reference inventory
scripts/olmoe_e2_experiment.py	parameter:validate_key_capture_receipt:data_path	0	ABSENT	3618	None	New harness/internal default: not a production adoption receipt; see file order/registration and reference inventory
scripts/olmoe_e2_experiment.py	parameter:validate_key_capture_receipt:receipt_path	0	ABSENT	3618	None	New harness/internal default: not a production adoption receipt; see file order/registration and reference inventory
scripts/olmoe_e2_experiment.py	parameter:validate_pair_capture_receipt:content_sets	0	ABSENT	4354	None	New harness/internal default: not a production adoption receipt; see file order/registration and reference inventory
scripts/olmoe_e2_experiment.py	parameter:validate_provenance.validate_active_key:corpus	0	ABSENT	6769	corpus	New harness/internal default: not a production adoption receipt; see file order/registration and reference inventory
scripts/olmoe_e2_experiment.py	parameter:validate_provenance.validate_active_key:index	0	ABSENT	6769	index	New harness/internal default: not a production adoption receipt; see file order/registration and reference inventory
scripts/olmoe_e2_experiment.py	parameter:validate_provenance.validate_one_eval:arm	0	ABSENT	6916	arm	New harness/internal default: not a production adoption receipt; see file order/registration and reference inventory
scripts/olmoe_e2_experiment.py	parameter:validate_provenance.validate_one_eval:index	0	ABSENT	6916	index	New harness/internal default: not a production adoption receipt; see file order/registration and reference inventory
scripts/olmoe_e2_experiment.py	parameter:validate_provenance.validate_one_eval:kind	0	ABSENT	6916	kind	New harness/internal default: not a production adoption receipt; see file order/registration and reference inventory
scripts/olmoe_e2_experiment.py	parameter:validate_provenance.validate_pair:index	0	ABSENT	6826	index	New harness/internal default: not a production adoption receipt; see file order/registration and reference inventory
scripts/olmoe_e2_experiment.py	parameter:write_receipt_validation_sidecar:error	0	ABSENT	6560	None	New harness/internal default: not a production adoption receipt; see file order/registration and reference inventory
scripts/olmoe_e3_1_episode_key.py	assignment::ALL_CORPORA	0	ABSENT	66	(POSITIVE_CORPUS,) + NEGATIVE_CORPORA	New harness/internal default: not a production adoption receipt; see file order/registration and reference inventory
scripts/olmoe_e3_1_episode_key.py	assignment::ARMS	0	ABSENT	67	('K4', 'K5')	New harness/internal default: not a production adoption receipt; see file order/registration and reference inventory
scripts/olmoe_e3_1_episode_key.py	assignment::DEFAULT_BOOTSTRAP_RESAMPLES	0	ABSENT	75	2000	New harness/internal default: not a production adoption receipt; see file order/registration and reference inventory
scripts/olmoe_e3_1_episode_key.py	assignment::DEFAULT_OUTPUT	0	ABSENT	53	REPO_ROOT / 'artifacts' / 'moe_e3_1'	New harness/internal default: not a production adoption receipt; see file order/registration and reference inventory
scripts/olmoe_e3_1_episode_key.py	assignment::DEFAULT_SEED	0	ABSENT	74	20260829	New harness/internal default: not a production adoption receipt; see file order/registration and reference inventory
scripts/olmoe_e3_1_episode_key.py	assignment::E3_OUTPUT	0	ABSENT	52	REPO_ROOT / 'artifacts' / 'moe_e3'	New harness/internal default: not a production adoption receipt; see file order/registration and reference inventory
scripts/olmoe_e3_1_episode_key.py	assignment::EVAL_INDICES	0	ABSENT	60	e3.EVAL_INDICES	New harness/internal default: not a production adoption receipt; see file order/registration and reference inventory
scripts/olmoe_e3_1_episode_key.py	assignment::FIT_INDICES	0	ABSENT	59	e3.FIT_INDICES	New harness/internal default: not a production adoption receipt; see file order/registration and reference inventory
scripts/olmoe_e3_1_episode_key.py	assignment::FPR_CAPS	0	ABSENT	73	{'doc_b': 0.1, 'guides': 0.1, 'code': 0.05, 'grm': 0.05}	New harness/internal default: not a production adoption receipt; see file order/registration and reference inventory
scripts/olmoe_e3_1_episode_key.py	assignment::HIDDEN_DIM	0	ABSENT	58	e3.HIDDEN_DIM	New harness/internal default: not a production adoption receipt; see file order/registration and reference inventory
scripts/olmoe_e3_1_episode_key.py	assignment::INNER_TRAIN_INDICES	0	ABSENT	61	e3.INNER_TRAIN_INDICES	New harness/internal default: not a production adoption receipt; see file order/registration and reference inventory
scripts/olmoe_e3_1_episode_key.py	assignment::INNER_VALIDATION_INDICES	0	ABSENT	62	e3.INNER_VALIDATION_INDICES	New harness/internal default: not a production adoption receipt; see file order/registration and reference inventory
scripts/olmoe_e3_1_episode_key.py	assignment::K4_ALPHA_GRID	0	ABSENT	68	e3.K4_ALPHA_GRID	New harness/internal default: not a production adoption receipt; see file order/registration and reference inventory
scripts/olmoe_e3_1_episode_key.py	assignment::K5_C_GRID	0	ABSENT	69	(0.001, 0.01, 0.1, 1.0, 10.0)	New harness/internal default: not a production adoption receipt; see file order/registration and reference inventory
scripts/olmoe_e3_1_episode_key.py	assignment::NEGATIVE_CORPORA	0	ABSENT	65	('doc_b', 'wikitext', 'code', 'grm', 'guides')	New harness/internal default: not a production adoption receipt; see file order/registration and reference inventory
scripts/olmoe_e3_1_episode_key.py	assignment::N_LAYERS	0	ABSENT	55	e3.N_LAYERS	New harness/internal default: not a production adoption receipt; see file order/registration and reference inventory
scripts/olmoe_e3_1_episode_key.py	assignment::N_WINDOWS	0	ABSENT	56	e3.N_KEY_WINDOWS	New harness/internal default: not a production adoption receipt; see file order/registration and reference inventory
scripts/olmoe_e3_1_episode_key.py	assignment::ORDER_PATH	0	ABSENT	50	REPO_ROOT / 'orders' / 'MOE_E3_1_EPISODE_KEY.md'	New harness/internal default: not a production adoption receipt; see file order/registration and reference inventory
scripts/olmoe_e3_1_episode_key.py	assignment::PARENT_ORDER_PATH	0	ABSENT	51	REPO_ROOT / 'orders' / 'MOE_E3_EPISODIC_CONSOLIDATION.md'	New harness/internal default: not a production adoption receipt; see file order/registration and reference inventory
scripts/olmoe_e3_1_episode_key.py	assignment::POSITIVE_CORPUS	0	ABSENT	64	'doc_a'	New harness/internal default: not a production adoption receipt; see file order/registration and reference inventory
scripts/olmoe_e3_1_episode_key.py	assignment::RECALL_FLOOR	0	ABSENT	72	0.5	New harness/internal default: not a production adoption receipt; see file order/registration and reference inventory
scripts/olmoe_e3_1_episode_key.py	assignment::REPO_ROOT	0	ABSENT	49	SCRIPT_PATH.parents[1]	New harness/internal default: not a production adoption receipt; see file order/registration and reference inventory
scripts/olmoe_e3_1_episode_key.py	assignment::SCRIPT_PATH	0	ABSENT	48	Path(__file__).resolve()	New harness/internal default: not a production adoption receipt; see file order/registration and reference inventory
scripts/olmoe_e3_1_episode_key.py	assignment::SENTENCE_EPISODE	0	ABSENT	77	'EPISODE-ADDRESSABLE'	New harness/internal default: not a production adoption receipt; see file order/registration and reference inventory
scripts/olmoe_e3_1_episode_key.py	assignment::SENTENCE_NOT_LINEAR	0	ABSENT	79	'NOT LINEARLY EPISODE-ADDRESSABLE under these limits — router-geometry keys are domain-grade; episode selection belongs to the mount stage (GRM semantic routing).'	New harness/internal default: not a production adoption receipt; see file order/registration and reference inventory
scripts/olmoe_e3_1_episode_key.py	assignment::SENTENCE_PROBE	0	ABSENT	78	'PROBE-ONLY'	New harness/internal default: not a production adoption receipt; see file order/registration and reference inventory
scripts/olmoe_e3_1_episode_key.py	assignment::TAU_GRID	0	ABSENT	70	e3.TAU_GRID	New harness/internal default: not a production adoption receipt; see file order/registration and reference inventory
scripts/olmoe_e3_1_episode_key.py	assignment::WINDOW_TOKENS	0	ABSENT	57	e3.WINDOW_TOKENS	New harness/internal default: not a production adoption receipt; see file order/registration and reference inventory
scripts/olmoe_e3_1_episode_key.py	assignment::os.environ['CUDA_VISIBLE_DEVICES']	0	ABSENT	29	''	New harness/internal default: not a production adoption receipt; see file order/registration and reference inventory
scripts/olmoe_e3_1_episode_key.py	cli:parse_args:'--bootstrap-resamples'	0	ABSENT	93	default=DEFAULT_BOOTSTRAP_RESAMPLES	New harness/internal default: not a production adoption receipt; see file order/registration and reference inventory
scripts/olmoe_e3_1_episode_key.py	cli:parse_args:'--cg-maxiter'	0	ABSENT	95	default=200	New harness/internal default: not a production adoption receipt; see file order/registration and reference inventory
scripts/olmoe_e3_1_episode_key.py	cli:parse_args:'--cg-rtol'	0	ABSENT	94	default=1e-05	New harness/internal default: not a production adoption receipt; see file order/registration and reference inventory
scripts/olmoe_e3_1_episode_key.py	cli:parse_args:'--logistic-maxiter'	0	ABSENT	96	default=500	New harness/internal default: not a production adoption receipt; see file order/registration and reference inventory
scripts/olmoe_e3_1_episode_key.py	cli:parse_args:'--output-dir'	0	ABSENT	90	default=DEFAULT_OUTPUT	New harness/internal default: not a production adoption receipt; see file order/registration and reference inventory
scripts/olmoe_e3_1_episode_key.py	cli:parse_args:'--seed'	0	ABSENT	92	default=DEFAULT_SEED	New harness/internal default: not a production adoption receipt; see file order/registration and reference inventory
scripts/olmoe_e3_1_episode_key.py	cli:parse_args:'--threads'	0	ABSENT	91	default=min(os.cpu_count() or 1, 8)	New harness/internal default: not a production adoption receipt; see file order/registration and reference inventory
scripts/olmoe_e3_1_episode_key.py	cli:parse_args:'mode'	0	ABSENT	87	choices=('validate-inputs', 'self-test', 'fit', 'analyze', 'run')	New harness/internal default: not a production adoption receipt; see file order/registration and reference inventory
scripts/olmoe_e3_1_episode_key.py	env::'HF_HUB_OFFLINE'	0	ABSENT	30	os.environ.setdefault('HF_HUB_OFFLINE', '1')	New harness/internal default: not a production adoption receipt; see file order/registration and reference inventory
scripts/olmoe_e3_1_episode_key.py	env::'PYTHONDONTWRITEBYTECODE'	0	ABSENT	33	os.environ.setdefault('PYTHONDONTWRITEBYTECODE', '1')	New harness/internal default: not a production adoption receipt; see file order/registration and reference inventory
scripts/olmoe_e3_1_episode_key.py	env::'PYTHONPYCACHEPREFIX'	0	ABSENT	34	os.environ.setdefault('PYTHONPYCACHEPREFIX', '/tmp/olmoe_e3_1_pycache')	New harness/internal default: not a production adoption receipt; see file order/registration and reference inventory
scripts/olmoe_e3_1_episode_key.py	env::'TOKENIZERS_PARALLELISM'	0	ABSENT	32	os.environ.setdefault('TOKENIZERS_PARALLELISM', 'false')	New harness/internal default: not a production adoption receipt; see file order/registration and reference inventory
scripts/olmoe_e3_1_episode_key.py	env::'TRANSFORMERS_OFFLINE'	0	ABSENT	31	os.environ.setdefault('TRANSFORMERS_OFFLINE', '1')	New harness/internal default: not a production adoption receipt; see file order/registration and reference inventory
scripts/olmoe_e3_1_episode_key.py	env:fit:'CUDA_VISIBLE_DEVICES'	0	ABSENT	983	os.environ.get('CUDA_VISIBLE_DEVICES')	New harness/internal default: not a production adoption receipt; see file order/registration and reference inventory
scripts/olmoe_e3_1_episode_key.py	env:self_test:'CUDA_VISIBLE_DEVICES'	0	ABSENT	1381	os.environ.get('CUDA_VISIBLE_DEVICES')	New harness/internal default: not a production adoption receipt; see file order/registration and reference inventory
scripts/olmoe_e3_1_episode_key.py	env:validate_inputs:'CUDA_VISIBLE_DEVICES'	0	ABSENT	173	os.environ.get('CUDA_VISIBLE_DEVICES')	New harness/internal default: not a production adoption receipt; see file order/registration and reference inventory
scripts/olmoe_e3_experiment.py	assignment::CAPTURE_CORPORA	0	ABSENT	82	('doc_a', 'doc_b')	New harness/internal default: not a production adoption receipt; see file order/registration and reference inventory
scripts/olmoe_e3_experiment.py	assignment::DEFAULT_BOOTSTRAP_RESAMPLES	0	ABSENT	96	2000	New harness/internal default: not a production adoption receipt; see file order/registration and reference inventory
scripts/olmoe_e3_experiment.py	assignment::DEFAULT_MODEL_DIR	0	ABSENT	65	e2.DEFAULT_MODEL_DIR	New harness/internal default: not a production adoption receipt; see file order/registration and reference inventory
scripts/olmoe_e3_experiment.py	assignment::DEFAULT_OUTPUT_DIR	0	ABSENT	46	REPO_ROOT / 'artifacts' / 'moe_e3'	New harness/internal default: not a production adoption receipt; see file order/registration and reference inventory
scripts/olmoe_e3_experiment.py	assignment::DEFAULT_SEED	0	ABSENT	95	20260829	New harness/internal default: not a production adoption receipt; see file order/registration and reference inventory
scripts/olmoe_e3_experiment.py	assignment::DOC_A_KEY_WINDOWS	0	ABSENT	77	tuple(range(68, 84))	New harness/internal default: not a production adoption receipt; see file order/registration and reference inventory
scripts/olmoe_e3_experiment.py	assignment::E2_FIT_VALIDATION	0	ABSENT	59	E2_OUTPUT / 'fit_key.provenance_validation.json'	New harness/internal default: not a production adoption receipt; see file order/registration and reference inventory
scripts/olmoe_e3_experiment.py	assignment::E2_LEGACY_ARCHIVE_RECORDED_SHA256	0	ABSENT	61	'c4f61cdf9dbb34a49817e89e70c3f5dae46092a922fcfe113ad38a9282300de3'	New harness/internal default: not a production adoption receipt; see file order/registration and reference inventory
scripts/olmoe_e3_experiment.py	assignment::E2_LEGACY_CONTENT	0	ABSENT	54	E2_OUTPUT / 'provenance_validation' / 'legacy_prepared_content_794e4604e81f94496b3702649953fb866fd89ad47d4cf2800d1925192c98ebf5.json'	New harness/internal default: not a production adoption receipt; see file order/registration and reference inventory
scripts/olmoe_e3_experiment.py	assignment::E2_LEGACY_CONTENT_SHA256	0	ABSENT	60	'794e4604e81f94496b3702649953fb866fd89ad47d4cf2800d1925192c98ebf5'	New harness/internal default: not a production adoption receipt; see file order/registration and reference inventory
scripts/olmoe_e3_experiment.py	assignment::E2_LEGACY_PREPARED	0	ABSENT	49	E2_OUTPUT / 'provenance_validation' / 'legacy_prepared_windows_794e4604e81f94496b3702649953fb866fd89ad47d4cf2800d1925192c98ebf5.npz'	New harness/internal default: not a production adoption receipt; see file order/registration and reference inventory
scripts/olmoe_e3_experiment.py	assignment::E2_OUTPUT	0	ABSENT	48	REPO_ROOT / 'artifacts' / 'moe_e2'	New harness/internal default: not a production adoption receipt; see file order/registration and reference inventory
scripts/olmoe_e3_experiment.py	assignment::EVAL_INDICES	0	ABSENT	79	tuple(range(1, N_KEY_WINDOWS, 2))	New harness/internal default: not a production adoption receipt; see file order/registration and reference inventory
scripts/olmoe_e3_experiment.py	assignment::EXPERTPACK_NAME	0	ABSENT	97	'expertpack_docA_olmoe_v0'	New harness/internal default: not a production adoption receipt; see file order/registration and reference inventory
scripts/olmoe_e3_experiment.py	assignment::FIT_CORPORA	0	ABSENT	84	('doc_a',) + NEGATIVE_CORPORA	New harness/internal default: not a production adoption receipt; see file order/registration and reference inventory
scripts/olmoe_e3_experiment.py	assignment::FIT_INDICES	0	ABSENT	78	tuple(range(0, N_KEY_WINDOWS, 2))	New harness/internal default: not a production adoption receipt; see file order/registration and reference inventory
scripts/olmoe_e3_experiment.py	assignment::FORBIDDEN_PATH_TERMS	0	ABSENT	98	('rcft', 'consciousness', 'thesis')	New harness/internal default: not a production adoption receipt; see file order/registration and reference inventory
scripts/olmoe_e3_experiment.py	assignment::FPR_CAPS	0	ABSENT	87	{'code': 0.05, 'grm': 0.05, 'guides': 0.1}	New harness/internal default: not a production adoption receipt; see file order/registration and reference inventory
scripts/olmoe_e3_experiment.py	assignment::G3_IMPROVEMENT_FLOOR	0	ABSENT	89	0.1	New harness/internal default: not a production adoption receipt; see file order/registration and reference inventory
scripts/olmoe_e3_experiment.py	assignment::G4_RECOVERY_FLOOR	0	ABSENT	91	0.25	New harness/internal default: not a production adoption receipt; see file order/registration and reference inventory
scripts/olmoe_e3_experiment.py	assignment::G5_CODE_FIRE_CAP	0	ABSENT	93	0.05	New harness/internal default: not a production adoption receipt; see file order/registration and reference inventory
scripts/olmoe_e3_experiment.py	assignment::G5_WIKITEXT_PPL_DELTA_CAP_PERCENT	0	ABSENT	92	0.5	New harness/internal default: not a production adoption receipt; see file order/registration and reference inventory
scripts/olmoe_e3_experiment.py	assignment::GENERIC_FIT_RANK_REFERENCE	0	ABSENT	94	0.02	New harness/internal default: not a production adoption receipt; see file order/registration and reference inventory
scripts/olmoe_e3_experiment.py	assignment::GPU_PREAMBLE	0	ABSENT	116	'flock -w 7200 /tmp/forge-gpu.lock timeout --signal=TERM --kill-after=5s 590s env CUDA_VISIBLE_DEVICES=0 HF_HUB_OFFLINE=1 TRANSFORMERS_OFFLINE=1 HF_DEACTIVATE_ASYNC_LOAD=1 TOKENIZERS_PARALLELISM=false PYTHONDONTWRITEBYTECODE=1 PYTHONPYCACHEPREFIX=/tmp/olmoe_e3_pycache PYTHONUNBUFFERED=1'	New harness/internal default: not a production adoption receipt; see file order/registration and reference inventory
scripts/olmoe_e3_experiment.py	assignment::HIDDEN_DIM	0	ABSENT	67	e2.HIDDEN_DIM	New harness/internal default: not a production adoption receipt; see file order/registration and reference inventory
scripts/olmoe_e3_experiment.py	assignment::INNER_TRAIN_INDICES	0	ABSENT	80	(0, 4, 8, 12)	New harness/internal default: not a production adoption receipt; see file order/registration and reference inventory
scripts/olmoe_e3_experiment.py	assignment::INNER_VALIDATION_INDICES	0	ABSENT	81	(2, 6, 10, 14)	New harness/internal default: not a production adoption receipt; see file order/registration and reference inventory
scripts/olmoe_e3_experiment.py	assignment::K4_ALPHA_GRID	0	ABSENT	86	e2.K4_ALPHA_GRID	New harness/internal default: not a production adoption receipt; see file order/registration and reference inventory
scripts/olmoe_e3_experiment.py	assignment::MAX_CONTEXT	0	ABSENT	70	e2.MAX_CONTEXT	New harness/internal default: not a production adoption receipt; see file order/registration and reference inventory
scripts/olmoe_e3_experiment.py	assignment::MODEL_ID	0	ABSENT	63	e2.MODEL_ID	New harness/internal default: not a production adoption receipt; see file order/registration and reference inventory
scripts/olmoe_e3_experiment.py	assignment::MODEL_REVISION	0	ABSENT	64	e2.MODEL_REVISION	New harness/internal default: not a production adoption receipt; see file order/registration and reference inventory
scripts/olmoe_e3_experiment.py	assignment::NEGATIVE_CORPORA	0	ABSENT	83	('wikitext', 'code', 'grm', 'guides')	New harness/internal default: not a production adoption receipt; see file order/registration and reference inventory
scripts/olmoe_e3_experiment.py	assignment::N_BEHAVIORAL_WINDOWS	0	ABSENT	75	16	New harness/internal default: not a production adoption receipt; see file order/registration and reference inventory
scripts/olmoe_e3_experiment.py	assignment::N_KEY_WINDOWS	0	ABSENT	71	16	New harness/internal default: not a production adoption receipt; see file order/registration and reference inventory
scripts/olmoe_e3_experiment.py	assignment::N_LAYERS	0	ABSENT	66	e2.N_LAYERS	New harness/internal default: not a production adoption receipt; see file order/registration and reference inventory
scripts/olmoe_e3_experiment.py	assignment::N_PAIR_TRAIN	0	ABSENT	73	48	New harness/internal default: not a production adoption receipt; see file order/registration and reference inventory
scripts/olmoe_e3_experiment.py	assignment::N_PAIR_VALIDATION	0	ABSENT	74	16	New harness/internal default: not a production adoption receipt; see file order/registration and reference inventory
scripts/olmoe_e3_experiment.py	assignment::N_PAIR_WINDOWS	0	ABSENT	72	64	New harness/internal default: not a production adoption receipt; see file order/registration and reference inventory
scripts/olmoe_e3_experiment.py	assignment::ORDER_PATH	0	ABSENT	45	REPO_ROOT / 'orders' / 'MOE_E3_EPISODIC_CONSOLIDATION.md'	New harness/internal default: not a production adoption receipt; see file order/registration and reference inventory
scripts/olmoe_e3_experiment.py	assignment::PAIR_DOC_WINDOWS	0	ABSENT	76	tuple(range(4, 68))	New harness/internal default: not a production adoption receipt; see file order/registration and reference inventory
scripts/olmoe_e3_experiment.py	assignment::PREFIX_TOKENS	0	ABSENT	69	e2.PREFIX_TOKENS	New harness/internal default: not a production adoption receipt; see file order/registration and reference inventory
scripts/olmoe_e3_experiment.py	assignment::PREPARED_ARRAY_SHAPES	0	ABSENT	103	{'doc_a_key_ids': (16, 512), 'doc_b_ids': (16, 512), 'pair_ids': (64, 512), 'pair_prefix_ids': (64, 2048), 'heldout_ids': (16, 512), 'heldout_prefix_ids': (16, 2048), 'wikitext_ids': (16, 512), 'code_ids': (16, 512), 'grm_ids': (16, 512), 'guides_ids': (16, 512), 'bringup_ids': (2048,)}	New harness/internal default: not a production adoption receipt; see file order/registration and reference inventory
scripts/olmoe_e3_experiment.py	assignment::PREPARED_CONTENT_ALGORITHM	0	ABSENT	99	'moe_e3_prepared_arrays_v1:sha256(canonical-json(name,shape,dtype,sha256(C-contiguous-little-endian-values)))'	New harness/internal default: not a production adoption receipt; see file order/registration and reference inventory
scripts/olmoe_e3_experiment.py	assignment::RECALL_FLOOR	0	ABSENT	88	0.5	New harness/internal default: not a production adoption receipt; see file order/registration and reference inventory
scripts/olmoe_e3_experiment.py	assignment::REPO_ROOT	0	ABSENT	44	SCRIPT_PATH.parents[1]	New harness/internal default: not a production adoption receipt; see file order/registration and reference inventory
scripts/olmoe_e3_experiment.py	assignment::SCRIPT_PATH	0	ABSENT	43	Path(__file__).resolve()	New harness/internal default: not a production adoption receipt; see file order/registration and reference inventory
scripts/olmoe_e3_experiment.py	assignment::STORIES_ROOT	0	ABSENT	47	Path('/mnt/Shared/01 - Narrative Stories')	New harness/internal default: not a production adoption receipt; see file order/registration and reference inventory
scripts/olmoe_e3_experiment.py	assignment::TAU_GRID	0	ABSENT	85	e2.TAU_GRID	New harness/internal default: not a production adoption receipt; see file order/registration and reference inventory
scripts/olmoe_e3_experiment.py	assignment::TEACHER_GAP_FLOOR_PPL	0	ABSENT	90	0.5	New harness/internal default: not a production adoption receipt; see file order/registration and reference inventory
scripts/olmoe_e3_experiment.py	assignment::WINDOW_TOKENS	0	ABSENT	68	e2.WINDOW_TOKENS	New harness/internal default: not a production adoption receipt; see file order/registration and reference inventory
scripts/olmoe_e3_experiment.py	assignment::os.environ['HF_DEACTIVATE_ASYNC_LOAD']	0	ABSENT	38	'1'	New harness/internal default: not a production adoption receipt; see file order/registration and reference inventory
scripts/olmoe_e3_experiment.py	assignment:load_expert_arrays:A	0	ABSENT	2165	np.load(pack['components']['A']['path'], allow_pickle=False)	New harness/internal default: not a production adoption receipt; see file order/registration and reference inventory
scripts/olmoe_e3_experiment.py	assignment:load_expert_arrays:B	0	ABSENT	2166	np.load(pack['components']['B']['path'], allow_pickle=False)	New harness/internal default: not a production adoption receipt; see file order/registration and reference inventory
scripts/olmoe_e3_experiment.py	cli:parse_args:'--bootstrap-resamples'	0	ABSENT	158	default=DEFAULT_BOOTSTRAP_RESAMPLES	New harness/internal default: not a production adoption receipt; see file order/registration and reference inventory
scripts/olmoe_e3_experiment.py	cli:parse_args:'--cg-maxiter'	0	ABSENT	161	default=200	New harness/internal default: not a production adoption receipt; see file order/registration and reference inventory
scripts/olmoe_e3_experiment.py	cli:parse_args:'--cg-rtol'	0	ABSENT	160	default=1e-05	New harness/internal default: not a production adoption receipt; see file order/registration and reference inventory
scripts/olmoe_e3_experiment.py	cli:parse_args:'--corpus'	0	ABSENT	151	choices=CAPTURE_CORPORA	New harness/internal default: not a production adoption receipt; see file order/registration and reference inventory
scripts/olmoe_e3_experiment.py	cli:parse_args:'--count'	0	ABSENT	153	default=1	New harness/internal default: not a production adoption receipt; see file order/registration and reference inventory
scripts/olmoe_e3_experiment.py	cli:parse_args:'--cpu-max-memory'	0	ABSENT	147	default='46GiB'	New harness/internal default: not a production adoption receipt; see file order/registration and reference inventory
scripts/olmoe_e3_experiment.py	cli:parse_args:'--cpu-threads'	0	ABSENT	148	default=min(os.cpu_count() or 1, 12)	New harness/internal default: not a production adoption receipt; see file order/registration and reference inventory
scripts/olmoe_e3_experiment.py	cli:parse_args:'--device'	0	ABSENT	145	choices=('cpu', 'auto'); default='cpu'	New harness/internal default: not a production adoption receipt; see file order/registration and reference inventory
scripts/olmoe_e3_experiment.py	cli:parse_args:'--epochs'	0	ABSENT	162	default=100	New harness/internal default: not a production adoption receipt; see file order/registration and reference inventory
scripts/olmoe_e3_experiment.py	cli:parse_args:'--eval-kind'	0	ABSENT	154	choices=('abi', 'doc-a-teacher', 'doc-a-expert', 'wikitext', 'code', 'doc-b')	New harness/internal default: not a production adoption receipt; see file order/registration and reference inventory
scripts/olmoe_e3_experiment.py	cli:parse_args:'--learning-rate'	0	ABSENT	164	default=0.001	New harness/internal default: not a production adoption receipt; see file order/registration and reference inventory
scripts/olmoe_e3_experiment.py	cli:parse_args:'--max-gpu-memory'	0	ABSENT	146	default='11GiB'	New harness/internal default: not a production adoption receipt; see file order/registration and reference inventory
scripts/olmoe_e3_experiment.py	cli:parse_args:'--model-dir'	0	ABSENT	144	default=DEFAULT_MODEL_DIR	New harness/internal default: not a production adoption receipt; see file order/registration and reference inventory
scripts/olmoe_e3_experiment.py	cli:parse_args:'--output-dir'	0	ABSENT	143	default=DEFAULT_OUTPUT_DIR	New harness/internal default: not a production adoption receipt; see file order/registration and reference inventory
scripts/olmoe_e3_experiment.py	cli:parse_args:'--patience'	0	ABSENT	163	default=10	New harness/internal default: not a production adoption receipt; see file order/registration and reference inventory
scripts/olmoe_e3_experiment.py	cli:parse_args:'--rank'	0	ABSENT	159	default=64	New harness/internal default: not a production adoption receipt; see file order/registration and reference inventory
scripts/olmoe_e3_experiment.py	cli:parse_args:'--seed'	0	ABSENT	150	default=DEFAULT_SEED	New harness/internal default: not a production adoption receipt; see file order/registration and reference inventory
scripts/olmoe_e3_experiment.py	cli:parse_args:'--start-window'	0	ABSENT	152	default=0	New harness/internal default: not a production adoption receipt; see file order/registration and reference inventory
scripts/olmoe_e3_experiment.py	cli:parse_args:'--threads'	0	ABSENT	149	default=min(os.cpu_count() or 1, 8)	New harness/internal default: not a production adoption receipt; see file order/registration and reference inventory
scripts/olmoe_e3_experiment.py	cli:parse_args:'--token-batch-size'	0	ABSENT	166	default=256	New harness/internal default: not a production adoption receipt; see file order/registration and reference inventory
scripts/olmoe_e3_experiment.py	cli:parse_args:'--train-tokens-per-window'	0	ABSENT	167	default=128	New harness/internal default: not a production adoption receipt; see file order/registration and reference inventory
scripts/olmoe_e3_experiment.py	cli:parse_args:'--weight-decay'	0	ABSENT	165	default=0.0	New harness/internal default: not a production adoption receipt; see file order/registration and reference inventory
scripts/olmoe_e3_experiment.py	cli:parse_args:'mode'	0	ABSENT	128	choices=('prepare', 'self-test', 'bringup', 'capture-keys', 'fit-key', 'capture-pairs', 'train', 'eval-gates', 'precondition', 'analyze')	New harness/internal default: not a production adoption receipt; see file order/registration and reference inventory
scripts/olmoe_e3_experiment.py	env::'HF_HUB_OFFLINE'	0	ABSENT	35	os.environ.setdefault('HF_HUB_OFFLINE', '1')	New harness/internal default: not a production adoption receipt; see file order/registration and reference inventory
scripts/olmoe_e3_experiment.py	env::'PYTHONDONTWRITEBYTECODE'	0	ABSENT	33	os.environ.setdefault('PYTHONDONTWRITEBYTECODE', '1')	New harness/internal default: not a production adoption receipt; see file order/registration and reference inventory
scripts/olmoe_e3_experiment.py	env::'PYTHONPYCACHEPREFIX'	0	ABSENT	34	os.environ.setdefault('PYTHONPYCACHEPREFIX', '/tmp/olmoe_e3_pycache')	New harness/internal default: not a production adoption receipt; see file order/registration and reference inventory
scripts/olmoe_e3_experiment.py	env::'TOKENIZERS_PARALLELISM'	0	ABSENT	37	os.environ.setdefault('TOKENIZERS_PARALLELISM', 'false')	New harness/internal default: not a production adoption receipt; see file order/registration and reference inventory
scripts/olmoe_e3_experiment.py	env::'TRANSFORMERS_OFFLINE'	0	ABSENT	36	os.environ.setdefault('TRANSFORMERS_OFFLINE', '1')	New harness/internal default: not a production adoption receipt; see file order/registration and reference inventory
scripts/olmoe_e3_experiment.py	parameter:eval_path:index	0	ABSENT	2183	None	New harness/internal default: not a production adoption receipt; see file order/registration and reference inventory
scripts/olmoe_e3_experiment.py	parameter:fmt:digits	0	ABSENT	2847	6	New harness/internal default: not a production adoption receipt; see file order/registration and reference inventory
scripts/olmoe_e3_experiment.py	parameter:load_addressed_pack:require_adapter	0	ABSENT	1445	False	New harness/internal default: not a production adoption receipt; see file order/registration and reference inventory
scripts/olmoe_e3_experiment.py	parameter:validate_eval:index	0	ABSENT	2202	None	New harness/internal default: not a production adoption receipt; see file order/registration and reference inventory
scripts/olmoe_e3_experiment.py	parameter:window_record:prefix	0	ABSENT	238	None	New harness/internal default: not a production adoption receipt; see file order/registration and reference inventory
scripts/olmoe_e4_experiment.py	assignment::ADDRESS_CAVEAT	0	ABSENT	77	'domain-grade address'	New harness/internal default: not a production adoption receipt; see file order/registration and reference inventory
scripts/olmoe_e4_experiment.py	assignment::ARMS	0	ABSENT	80	('cf', 'sgd')	New harness/internal default: not a production adoption receipt; see file order/registration and reference inventory
scripts/olmoe_e4_experiment.py	assignment::ARM_ACTIVATIONS	0	ABSENT	82	{'cf': 'identity', 'sgd': 'silu'}	New harness/internal default: not a production adoption receipt; see file order/registration and reference inventory
scripts/olmoe_e4_experiment.py	assignment::ARM_NAMES	0	ABSENT	81	{'cf': 'ARM-CF', 'sgd': 'ARM-SGD'}	New harness/internal default: not a production adoption receipt; see file order/registration and reference inventory
scripts/olmoe_e4_experiment.py	assignment::CPU_WALL_SECONDS	0	ABSENT	90	7200	New harness/internal default: not a production adoption receipt; see file order/registration and reference inventory
scripts/olmoe_e4_experiment.py	assignment::DEFAULT_BOOTSTRAP_RESAMPLES	0	ABSENT	69	2000	New harness/internal default: not a production adoption receipt; see file order/registration and reference inventory
scripts/olmoe_e4_experiment.py	assignment::DEFAULT_MODEL_DIR	0	ABSENT	56	e2.DEFAULT_MODEL_DIR	New harness/internal default: not a production adoption receipt; see file order/registration and reference inventory
scripts/olmoe_e4_experiment.py	assignment::DEFAULT_OUTPUT_DIR	0	ABSENT	47	REPO_ROOT / 'artifacts' / 'moe_e4'	New harness/internal default: not a production adoption receipt; see file order/registration and reference inventory
scripts/olmoe_e4_experiment.py	assignment::DEFAULT_SEED	0	ABSENT	68	20260829	New harness/internal default: not a production adoption receipt; see file order/registration and reference inventory
scripts/olmoe_e4_experiment.py	assignment::DOC_B_ROLE	0	ABSENT	78	'DESCRIPTIVE'	New harness/internal default: not a production adoption receipt; see file order/registration and reference inventory
scripts/olmoe_e4_experiment.py	assignment::E31_FIT_PATH	0	ABSENT	50	E31_OUTPUT / 'fit_keys.json'	New harness/internal default: not a production adoption receipt; see file order/registration and reference inventory
scripts/olmoe_e4_experiment.py	assignment::E31_KEYS_PATH	0	ABSENT	51	E31_OUTPUT / 'all_layer_linear_keys.npz'	New harness/internal default: not a production adoption receipt; see file order/registration and reference inventory
scripts/olmoe_e4_experiment.py	assignment::E31_MANIFEST_PATH	0	ABSENT	52	E31_OUTPUT / 'artifact_manifest.json'	New harness/internal default: not a production adoption receipt; see file order/registration and reference inventory
scripts/olmoe_e4_experiment.py	assignment::E31_ORDER_PATH	0	ABSENT	46	REPO_ROOT / 'orders' / 'MOE_E3_1_EPISODE_KEY.md'	New harness/internal default: not a production adoption receipt; see file order/registration and reference inventory
scripts/olmoe_e4_experiment.py	assignment::E31_OUTPUT	0	ABSENT	49	REPO_ROOT / 'artifacts' / 'moe_e3_1'	New harness/internal default: not a production adoption receipt; see file order/registration and reference inventory
scripts/olmoe_e4_experiment.py	assignment::E3_ORDER_PATH	0	ABSENT	45	REPO_ROOT / 'orders' / 'MOE_E3_EPISODIC_CONSOLIDATION.md'	New harness/internal default: not a production adoption receipt; see file order/registration and reference inventory
scripts/olmoe_e4_experiment.py	assignment::E3_OUTPUT	0	ABSENT	48	REPO_ROOT / 'artifacts' / 'moe_e3'	New harness/internal default: not a production adoption receipt; see file order/registration and reference inventory
scripts/olmoe_e4_experiment.py	assignment::E4_H_MARGIN_POINTS	0	ABSENT	74	5.0	New harness/internal default: not a production adoption receipt; see file order/registration and reference inventory
scripts/olmoe_e4_experiment.py	assignment::EVAL_KINDS	0	ABSENT	88	('abi', 'doc-a-teacher', 'doc-a-expert', 'wikitext', 'code', 'doc-b', 'guides')	New harness/internal default: not a production adoption receipt; see file order/registration and reference inventory
scripts/olmoe_e4_experiment.py	assignment::G3_IMPROVEMENT_FLOOR	0	ABSENT	71	0.1	New harness/internal default: not a production adoption receipt; see file order/registration and reference inventory
scripts/olmoe_e4_experiment.py	assignment::G4_RECOVERY_FLOOR	0	ABSENT	73	0.25	New harness/internal default: not a production adoption receipt; see file order/registration and reference inventory
scripts/olmoe_e4_experiment.py	assignment::G5_CODE_FIRE_CAP	0	ABSENT	76	0.05	New harness/internal default: not a production adoption receipt; see file order/registration and reference inventory
scripts/olmoe_e4_experiment.py	assignment::G5_WIKITEXT_PPL_DELTA_CAP_PERCENT	0	ABSENT	75	0.5	New harness/internal default: not a production adoption receipt; see file order/registration and reference inventory
scripts/olmoe_e4_experiment.py	assignment::GPU_PREAMBLE	0	ABSENT	92	'flock -w 7200 /tmp/forge-gpu.lock timeout --signal=TERM --kill-after=5s 590s env CUDA_VISIBLE_DEVICES=0 HF_HUB_OFFLINE=1 TRANSFORMERS_OFFLINE=1 HF_DEACTIVATE_ASYNC_LOAD=1 TOKENIZERS_PARALLELISM=false PYTHONDONTWRITEBYTECODE=1 PYTHONPYCACHEPREFIX=/tmp/olmoe_e4_pycache PYTHONUNBUFFERED=1'	New harness/internal default: not a production adoption receipt; see file order/registration and reference inventory
scripts/olmoe_e4_experiment.py	assignment::GPU_WALL_SECONDS	0	ABSENT	91	590	New harness/internal default: not a production adoption receipt; see file order/registration and reference inventory
scripts/olmoe_e4_experiment.py	assignment::GUIDES_ROLE	0	ABSENT	79	'DESCRIPTIVE'	New harness/internal default: not a production adoption receipt; see file order/registration and reference inventory
scripts/olmoe_e4_experiment.py	assignment::HIDDEN_DIM	0	ABSENT	58	e2.HIDDEN_DIM	New harness/internal default: not a production adoption receipt; see file order/registration and reference inventory
scripts/olmoe_e4_experiment.py	assignment::MAX_CONTEXT	0	ABSENT	61	e2.MAX_CONTEXT	New harness/internal default: not a production adoption receipt; see file order/registration and reference inventory
scripts/olmoe_e4_experiment.py	assignment::MODEL_ID	0	ABSENT	54	e2.MODEL_ID	New harness/internal default: not a production adoption receipt; see file order/registration and reference inventory
scripts/olmoe_e4_experiment.py	assignment::MODEL_REVISION	0	ABSENT	55	e2.MODEL_REVISION	New harness/internal default: not a production adoption receipt; see file order/registration and reference inventory
scripts/olmoe_e4_experiment.py	assignment::N_BEHAVIORAL_WINDOWS	0	ABSENT	65	e3.N_BEHAVIORAL_WINDOWS	New harness/internal default: not a production adoption receipt; see file order/registration and reference inventory
scripts/olmoe_e4_experiment.py	assignment::N_LAYERS	0	ABSENT	57	e2.N_LAYERS	New harness/internal default: not a production adoption receipt; see file order/registration and reference inventory
scripts/olmoe_e4_experiment.py	assignment::N_PAIR_TRAIN	0	ABSENT	63	e3.N_PAIR_TRAIN	New harness/internal default: not a production adoption receipt; see file order/registration and reference inventory
scripts/olmoe_e4_experiment.py	assignment::N_PAIR_VALIDATION	0	ABSENT	64	e3.N_PAIR_VALIDATION	New harness/internal default: not a production adoption receipt; see file order/registration and reference inventory
scripts/olmoe_e4_experiment.py	assignment::N_PAIR_WINDOWS	0	ABSENT	62	e3.N_PAIR_WINDOWS	New harness/internal default: not a production adoption receipt; see file order/registration and reference inventory
scripts/olmoe_e4_experiment.py	assignment::ORDER_PATH	0	ABSENT	44	REPO_ROOT / 'orders' / 'MOE_E4_CLOSED_FORM_CONSOLIDATION.md'	New harness/internal default: not a production adoption receipt; see file order/registration and reference inventory
scripts/olmoe_e4_experiment.py	assignment::PACK_NAMES	0	ABSENT	83	{'cf': 'expertpack_docA_olmoe_cf_r64_v0', 'sgd': 'expertpack_docA_olmoe_sgd_r64_v0'}	New harness/internal default: not a production adoption receipt; see file order/registration and reference inventory
scripts/olmoe_e4_experiment.py	assignment::PAIR_ARRAY_NAMES	0	ABSENT	89	{'h_student_fp16', 'out_student_fp16', 'out_teacher_fp16'}	New harness/internal default: not a production adoption receipt; see file order/registration and reference inventory
scripts/olmoe_e4_experiment.py	assignment::PAIR_DOC_WINDOWS	0	ABSENT	66	e3.PAIR_DOC_WINDOWS	New harness/internal default: not a production adoption receipt; see file order/registration and reference inventory
scripts/olmoe_e4_experiment.py	assignment::PREFIX_TOKENS	0	ABSENT	60	e2.PREFIX_TOKENS	New harness/internal default: not a production adoption receipt; see file order/registration and reference inventory
scripts/olmoe_e4_experiment.py	assignment::RANK	0	ABSENT	67	64	New harness/internal default: not a production adoption receipt; see file order/registration and reference inventory
scripts/olmoe_e4_experiment.py	assignment::REPO_ROOT	0	ABSENT	43	SCRIPT_PATH.parents[1]	New harness/internal default: not a production adoption receipt; see file order/registration and reference inventory
scripts/olmoe_e4_experiment.py	assignment::RIDGE_ALPHA_GRID	0	ABSENT	70	(1e-06, 1e-05, 0.0001, 0.001, 0.01, 0.1, 1.0, 10.0)	New harness/internal default: not a production adoption receipt; see file order/registration and reference inventory
scripts/olmoe_e4_experiment.py	assignment::SCRIPT_PATH	0	ABSENT	42	Path(__file__).resolve()	New harness/internal default: not a production adoption receipt; see file order/registration and reference inventory
scripts/olmoe_e4_experiment.py	assignment::TEACHER_GAP_FLOOR_PPL	0	ABSENT	72	0.5	New harness/internal default: not a production adoption receipt; see file order/registration and reference inventory
scripts/olmoe_e4_experiment.py	assignment::TRAINING_FILES	0	ABSENT	87	{'cf': 'cf_fit.json', 'sgd': 'sgd_train.json'}	New harness/internal default: not a production adoption receipt; see file order/registration and reference inventory
scripts/olmoe_e4_experiment.py	assignment::WINDOW_TOKENS	0	ABSENT	59	e2.WINDOW_TOKENS	New harness/internal default: not a production adoption receipt; see file order/registration and reference inventory
scripts/olmoe_e4_experiment.py	assignment::os.environ['HF_DEACTIVATE_ASYNC_LOAD']	0	ABSENT	36	'1'	New harness/internal default: not a production adoption receipt; see file order/registration and reference inventory
scripts/olmoe_e4_experiment.py	assignment:fit_cf:(A64, B64)	0	ABSENT	1229	factor_from_svd(u, singular, vt, RANK)	New harness/internal default: not a production adoption receipt; see file order/registration and reference inventory
scripts/olmoe_e4_experiment.py	assignment:fit_cf:W	0	ABSENT	1225	np.ascontiguousarray(coefficient.T)	New harness/internal default: not a production adoption receipt; see file order/registration and reference inventory
scripts/olmoe_e4_experiment.py	assignment:load_arm:A	0	ABSENT	1826	np.load(pack['components']['A']['path'], allow_pickle=False)	New harness/internal default: not a production adoption receipt; see file order/registration and reference inventory
scripts/olmoe_e4_experiment.py	assignment:load_arm:B	0	ABSENT	1827	np.load(pack['components']['B']['path'], allow_pickle=False)	New harness/internal default: not a production adoption receipt; see file order/registration and reference inventory
scripts/olmoe_e4_experiment.py	assignment:self_test:A	0	ABSENT	3131	np.zeros((3, dimension), dtype=np.float16)	New harness/internal default: not a production adoption receipt; see file order/registration and reference inventory
scripts/olmoe_e4_experiment.py	assignment:self_test:A[:, 0]	0	ABSENT	3132	1.0	New harness/internal default: not a production adoption receipt; see file order/registration and reference inventory
scripts/olmoe_e4_experiment.py	assignment:self_test:B	0	ABSENT	3133	np.zeros((dimension, 3), dtype=np.float16)	New harness/internal default: not a production adoption receipt; see file order/registration and reference inventory
scripts/olmoe_e4_experiment.py	assignment:self_test:B[0, :]	0	ABSENT	3134	0.25	New harness/internal default: not a production adoption receipt; see file order/registration and reference inventory
scripts/olmoe_e4_experiment.py	cli:parse_args:'--arm'	0	ABSENT	128	choices=ARMS	New harness/internal default: not a production adoption receipt; see file order/registration and reference inventory
scripts/olmoe_e4_experiment.py	cli:parse_args:'--bootstrap-resamples'	0	ABSENT	130	default=DEFAULT_BOOTSTRAP_RESAMPLES	New harness/internal default: not a production adoption receipt; see file order/registration and reference inventory
scripts/olmoe_e4_experiment.py	cli:parse_args:'--count'	0	ABSENT	127	default=1	New harness/internal default: not a production adoption receipt; see file order/registration and reference inventory
scripts/olmoe_e4_experiment.py	cli:parse_args:'--cpu-max-memory'	0	ABSENT	122	default='46GiB'	New harness/internal default: not a production adoption receipt; see file order/registration and reference inventory
scripts/olmoe_e4_experiment.py	cli:parse_args:'--cpu-threads'	0	ABSENT	123	default=min(os.cpu_count() or 1, 12)	New harness/internal default: not a production adoption receipt; see file order/registration and reference inventory
scripts/olmoe_e4_experiment.py	cli:parse_args:'--device'	0	ABSENT	120	choices=('cpu', 'auto'); default='cpu'	New harness/internal default: not a production adoption receipt; see file order/registration and reference inventory
scripts/olmoe_e4_experiment.py	cli:parse_args:'--epochs'	0	ABSENT	132	default=100	New harness/internal default: not a production adoption receipt; see file order/registration and reference inventory
scripts/olmoe_e4_experiment.py	cli:parse_args:'--eval-kind'	0	ABSENT	129	choices=EVAL_KINDS	New harness/internal default: not a production adoption receipt; see file order/registration and reference inventory
scripts/olmoe_e4_experiment.py	cli:parse_args:'--learning-rate'	0	ABSENT	134	default=0.001	New harness/internal default: not a production adoption receipt; see file order/registration and reference inventory
scripts/olmoe_e4_experiment.py	cli:parse_args:'--max-gpu-memory'	0	ABSENT	121	default='11GiB'	New harness/internal default: not a production adoption receipt; see file order/registration and reference inventory
scripts/olmoe_e4_experiment.py	cli:parse_args:'--model-dir'	0	ABSENT	119	default=DEFAULT_MODEL_DIR	New harness/internal default: not a production adoption receipt; see file order/registration and reference inventory
scripts/olmoe_e4_experiment.py	cli:parse_args:'--output-dir'	0	ABSENT	118	default=DEFAULT_OUTPUT_DIR	New harness/internal default: not a production adoption receipt; see file order/registration and reference inventory
scripts/olmoe_e4_experiment.py	cli:parse_args:'--patience'	0	ABSENT	133	default=10	New harness/internal default: not a production adoption receipt; see file order/registration and reference inventory
scripts/olmoe_e4_experiment.py	cli:parse_args:'--rank'	0	ABSENT	131	default=RANK	New harness/internal default: not a production adoption receipt; see file order/registration and reference inventory
scripts/olmoe_e4_experiment.py	cli:parse_args:'--seed'	0	ABSENT	125	default=DEFAULT_SEED	New harness/internal default: not a production adoption receipt; see file order/registration and reference inventory
scripts/olmoe_e4_experiment.py	cli:parse_args:'--start-window'	0	ABSENT	126	default=0	New harness/internal default: not a production adoption receipt; see file order/registration and reference inventory
scripts/olmoe_e4_experiment.py	cli:parse_args:'--threads'	0	ABSENT	124	default=min(os.cpu_count() or 1, 8)	New harness/internal default: not a production adoption receipt; see file order/registration and reference inventory
scripts/olmoe_e4_experiment.py	cli:parse_args:'--token-batch-size'	0	ABSENT	136	default=256	New harness/internal default: not a production adoption receipt; see file order/registration and reference inventory
scripts/olmoe_e4_experiment.py	cli:parse_args:'--train-tokens-per-window'	0	ABSENT	137	default=128	New harness/internal default: not a production adoption receipt; see file order/registration and reference inventory
scripts/olmoe_e4_experiment.py	cli:parse_args:'--weight-decay'	0	ABSENT	135	default=0.0	New harness/internal default: not a production adoption receipt; see file order/registration and reference inventory
scripts/olmoe_e4_experiment.py	cli:parse_args:'mode'	0	ABSENT	104	choices=('prepare', 'self-test', 'bringup', 'capture-pairs', 'fit-cf', 'train-sgd', 'eval-gates', 'precondition', 'analyze')	New harness/internal default: not a production adoption receipt; see file order/registration and reference inventory
scripts/olmoe_e4_experiment.py	env::'HF_HUB_OFFLINE'	0	ABSENT	33	os.environ.setdefault('HF_HUB_OFFLINE', '1')	New harness/internal default: not a production adoption receipt; see file order/registration and reference inventory
scripts/olmoe_e4_experiment.py	env::'PYTHONDONTWRITEBYTECODE'	0	ABSENT	31	os.environ.setdefault('PYTHONDONTWRITEBYTECODE', '1')	New harness/internal default: not a production adoption receipt; see file order/registration and reference inventory
scripts/olmoe_e4_experiment.py	env::'PYTHONPYCACHEPREFIX'	0	ABSENT	32	os.environ.setdefault('PYTHONPYCACHEPREFIX', '/tmp/olmoe_e4_pycache')	New harness/internal default: not a production adoption receipt; see file order/registration and reference inventory
scripts/olmoe_e4_experiment.py	env::'TOKENIZERS_PARALLELISM'	0	ABSENT	35	os.environ.setdefault('TOKENIZERS_PARALLELISM', 'false')	New harness/internal default: not a production adoption receipt; see file order/registration and reference inventory
scripts/olmoe_e4_experiment.py	env::'TRANSFORMERS_OFFLINE'	0	ABSENT	34	os.environ.setdefault('TRANSFORMERS_OFFLINE', '1')	New harness/internal default: not a production adoption receipt; see file order/registration and reference inventory
scripts/olmoe_e4_experiment.py	env:self_test:'CUDA_VISIBLE_DEVICES'	0	ABSENT	3215	os.environ.get('CUDA_VISIBLE_DEVICES', '')	New harness/internal default: not a production adoption receipt; see file order/registration and reference inventory
scripts/olmoe_e4_experiment.py	parameter:completed_pack:extra_components	0	ABSENT	1127	None	New harness/internal default: not a production adoption receipt; see file order/registration and reference inventory
scripts/olmoe_e4_experiment.py	parameter:eval_path:arm	0	ABSENT	1983	None	New harness/internal default: not a production adoption receipt; see file order/registration and reference inventory
scripts/olmoe_e4_experiment.py	parameter:eval_path:index	0	ABSENT	1983	None	New harness/internal default: not a production adoption receipt; see file order/registration and reference inventory
scripts/olmoe_e4_experiment.py	parameter:fmt:digits	0	ABSENT	2619	6	New harness/internal default: not a production adoption receipt; see file order/registration and reference inventory
scripts/olmoe_e4_experiment.py	parameter:load_eval_sequence:arm	0	ABSENT	2271	None	New harness/internal default: not a production adoption receipt; see file order/registration and reference inventory
scripts/olmoe_e4_experiment.py	parameter:numpy_validation_metrics:A	0	ABSENT	1058	None	New harness/internal default: not a production adoption receipt; see file order/registration and reference inventory
scripts/olmoe_e4_experiment.py	parameter:numpy_validation_metrics:B	0	ABSENT	1058	None	New harness/internal default: not a production adoption receipt; see file order/registration and reference inventory
scripts/olmoe_e4_experiment.py	parameter:numpy_validation_metrics:W	0	ABSENT	1058	None	New harness/internal default: not a production adoption receipt; see file order/registration and reference inventory
scripts/olmoe_e4_experiment.py	parameter:numpy_validation_metrics:start_index	0	ABSENT	1058	N_PAIR_TRAIN	New harness/internal default: not a production adoption receipt; see file order/registration and reference inventory
scripts/olmoe_e4_experiment.py	parameter:validate_eval:arm	0	ABSENT	2004	None	New harness/internal default: not a production adoption receipt; see file order/registration and reference inventory
scripts/olmoe_e4_experiment.py	parameter:validate_eval:index	0	ABSENT	2004	None	New harness/internal default: not a production adoption receipt; see file order/registration and reference inventory
scripts/qwen38_generate.py	cli:main:'--force-alloc'	0	ABSENT	238	action='store_true'	New harness/internal default: not a production adoption receipt; see file order/registration and reference inventory
scripts/qwen38_generate.py	cli:main:'--kv-block-rows'	0	ABSENT	232	default=DEFAULT_KV_BLOCK	New harness/internal default: not a production adoption receipt; see file order/registration and reference inventory
scripts/qwen38_generate.py	cli:main:'--kv-host'	0	ABSENT	236	action='store_true'	New harness/internal default: not a production adoption receipt; see file order/registration and reference inventory
scripts/qwen38_generate.py	cli:main:'--kv-int8'	0	ABSENT	234	action='store_true'	New harness/internal default: not a production adoption receipt; see file order/registration and reference inventory
scripts/qwen38_generate.py	cli:main:'--lm-head-chunk-rows'	183	default=int(os.environ.get('QWEN38_LM_HEAD_CHUNK_ROWS', DEFAULT_LM_HEAD_CHUNK_ROWS))	240	default=int(os.environ['QWEN38_LM_HEAD_CHUNK_ROWS']) if 'QWEN38_LM_HEAD_CHUNK_ROWS' in os.environ else None	New harness/internal default: not a production adoption receipt; see file order/registration and reference inventory
scripts/qwen38_generate.py	cli:main:'--max-context'	0	ABSENT	228	default=DEFAULT_MAX_CONTEXT	New harness/internal default: not a production adoption receipt; see file order/registration and reference inventory
scripts/qwen38_generate.py	cli:main:'--prefill-chunk'	0	ABSENT	230	default=DEFAULT_PREFILL_CHUNK	New harness/internal default: not a production adoption receipt; see file order/registration and reference inventory
scripts/qwen38_generate.py	env:main:'QWEN38_LM_HEAD_CHUNK_ROWS'	184	os.environ.get('QWEN38_LM_HEAD_CHUNK_ROWS', DEFAULT_LM_HEAD_CHUNK_ROWS)	0	ABSENT	New harness/internal default: not a production adoption receipt; see file order/registration and reference inventory
scripts/qwen38_generate.py	parameter:print_budget:kv_block_rows	0	ABSENT	182	DEFAULT_KV_BLOCK	New harness/internal default: not a production adoption receipt; see file order/registration and reference inventory
scripts/qwen38_generate.py	parameter:print_budget:kv_host	0	ABSENT	182	False	New harness/internal default: not a production adoption receipt; see file order/registration and reference inventory
scripts/qwen38_generate.py	parameter:print_budget:kv_int8	0	ABSENT	182	False	New harness/internal default: not a production adoption receipt; see file order/registration and reference inventory
scripts/qwen38_generate.py	parameter:print_budget:lm_head_chunk_rows	0	ABSENT	182	None	New harness/internal default: not a production adoption receipt; see file order/registration and reference inventory
scripts/qwen38_generate.py	parameter:print_budget:max_context	0	ABSENT	182	DEFAULT_MAX_CONTEXT	New harness/internal default: not a production adoption receipt; see file order/registration and reference inventory
scripts/qwen38_generate.py	parameter:print_budget:prefill_chunk	0	ABSENT	182	DEFAULT_PREFILL_CHUNK	New harness/internal default: not a production adoption receipt; see file order/registration and reference inventory
scripts/qwen38_generate.py	parameter:validate_budget_for_load:force_alloc	0	ABSENT	198	False	New harness/internal default: not a production adoption receipt; see file order/registration and reference inventory
scripts/qwen38_generate.py	parameter:validate_budget_for_load:kv_mode	0	ABSENT	198	'device_bf16'	New harness/internal default: not a production adoption receipt; see file order/registration and reference inventory
scripts/qwen38_generate.py	parameter:validate_budget_for_load:max_context	0	ABSENT	198	DEFAULT_MAX_CONTEXT	New harness/internal default: not a production adoption receipt; see file order/registration and reference inventory
scripts/qwen38_longctx_gate.py	assignment::BASELINE_TOKEN_IDS	0	ABSENT	36	{'code': [71093, 12305, 198, 727, 1118, 1054, 736, 564, 38044, 1393, 1590, 198, 262, 4071, 198, 262, 5019, 279, 1118, 307, 76938, 4947, 13, 198, 1031, 262, 561, 76938, 8240, 8211, 440, 220, 15, 321, 220, 16, 11, 321, 1754, 16905, 198, 262, 1324, 369, 279, 2542, 314, 279, 1330, 36497, 5981, 13, 198, 1031, 262, 1690, 3010, 11, 413, 307, 28, 20, 11, 279], 'factual': [760, 6511, 314, 14209, 369, 2972, 43, 581, 286, 93868, 321, 279, 2972, 93938, 10629, 332, 8213, 1472, 19158, 13, 248046, 198, 248044], 'chat': [9764, 725, 1387, 279, 82104, 13, 8439, 488, 599, 6681, 220, 17, 15, 4276, 11, 567, 1144, 264, 3274, 421, 369, 2972, 435, 9075, 93868, 2972, 9997, 48683, 2399, 93868, 321, 682, 264, 2972, 7187, 6052, 1500, 159034, 271, 8160, 369, 678, 799, 2526, 11, 5222, 3274, 25, 271, 13962, 10838, 241, 251, 561, 328, 5666, 220, 18, 38540, 1, 1697, 271, 332, 9930]}	New harness/internal default: not a production adoption receipt; see file order/registration and reference inventory
scripts/qwen38_longctx_gate.py	assignment::FILLER_WORDS	0	ABSENT	42	'amber atlas birch brook cedar circle cloud copper dawn delta ember field flint garden harbor hazel island juniper lantern maple meadow north oak orchard paper quiet river silver stone summit timber valley willow winter'.split()	New harness/internal default: not a production adoption receipt; see file order/registration and reference inventory
scripts/qwen38_longctx_gate.py	assignment::REPO	0	ABSENT	18	Path(__file__).resolve().parents[1]	New harness/internal default: not a production adoption receipt; see file order/registration and reference inventory
scripts/qwen38_longctx_gate.py	cli:parse_args:'--baseline-check'	0	ABSENT	273	action='store_true'	New harness/internal default: not a production adoption receipt; see file order/registration and reference inventory
scripts/qwen38_longctx_gate.py	cli:parse_args:'--cache-dir'	0	ABSENT	254	default=DEFAULT_CACHE_DIR	New harness/internal default: not a production adoption receipt; see file order/registration and reference inventory
scripts/qwen38_longctx_gate.py	cli:parse_args:'--coherence-smoke'	0	ABSENT	272	action='store_true'	New harness/internal default: not a production adoption receipt; see file order/registration and reference inventory
scripts/qwen38_longctx_gate.py	cli:parse_args:'--depth'	0	ABSENT	257	default=0.5; choices=(0.25, 0.5, 0.75)	New harness/internal default: not a production adoption receipt; see file order/registration and reference inventory
scripts/qwen38_longctx_gate.py	cli:parse_args:'--dry-run'	0	ABSENT	277	action='store_true'	New harness/internal default: not a production adoption receipt; see file order/registration and reference inventory
scripts/qwen38_longctx_gate.py	cli:parse_args:'--force-alloc'	0	ABSENT	269	action='store_true'	New harness/internal default: not a production adoption receipt; see file order/registration and reference inventory
scripts/qwen38_longctx_gate.py	cli:parse_args:'--kv-agreement'	0	ABSENT	274	action='store_true'	New harness/internal default: not a production adoption receipt; see file order/registration and reference inventory
scripts/qwen38_longctx_gate.py	cli:parse_args:'--kv-block-rows'	0	ABSENT	264	default=DEFAULT_KV_BLOCK	New harness/internal default: not a production adoption receipt; see file order/registration and reference inventory
scripts/qwen38_longctx_gate.py	cli:parse_args:'--kv-host'	0	ABSENT	268	action='store_true'	New harness/internal default: not a production adoption receipt; see file order/registration and reference inventory
scripts/qwen38_longctx_gate.py	cli:parse_args:'--kv-int8'	0	ABSENT	267	action='store_true'	New harness/internal default: not a production adoption receipt; see file order/registration and reference inventory
scripts/qwen38_longctx_gate.py	cli:parse_args:'--length'	0	ABSENT	255	default=8192	New harness/internal default: not a production adoption receipt; see file order/registration and reference inventory
scripts/qwen38_longctx_gate.py	cli:parse_args:'--lm-head-chunk-rows'	0	ABSENT	265	default=None	New harness/internal default: not a production adoption receipt; see file order/registration and reference inventory
scripts/qwen38_longctx_gate.py	cli:parse_args:'--max-context'	0	ABSENT	261	default=None	New harness/internal default: not a production adoption receipt; see file order/registration and reference inventory
scripts/qwen38_longctx_gate.py	cli:parse_args:'--max-new-tokens'	0	ABSENT	260	default=64	New harness/internal default: not a production adoption receipt; see file order/registration and reference inventory
scripts/qwen38_longctx_gate.py	cli:parse_args:'--model-dir'	0	ABSENT	253	default=DEFAULT_MODEL_DIR	New harness/internal default: not a production adoption receipt; see file order/registration and reference inventory
scripts/qwen38_longctx_gate.py	cli:parse_args:'--prefill-chunk'	0	ABSENT	263	default=DEFAULT_PREFILL_CHUNK	New harness/internal default: not a production adoption receipt; see file order/registration and reference inventory
scripts/qwen38_longctx_gate.py	cli:parse_args:'--seed'	0	ABSENT	259	default=38001	New harness/internal default: not a production adoption receipt; see file order/registration and reference inventory
scripts/qwen38_longctx_gate.py	cli:parse_args:'--tf-margin'	0	ABSENT	275	action='store_true'	New harness/internal default: not a production adoption receipt; see file order/registration and reference inventory
tests/test_gpt_oss20b_e14_backend_fix.py	assignment::REPO_ROOT	0	ABSENT	5	Path(__file__).resolve().parents[1]	New harness/internal default: not a production adoption receipt; see file order/registration and reference inventory
tests/test_gpt_oss20b_e14_backend_fix.py	assignment::SCRIPTS	0	ABSENT	6	REPO_ROOT / 'scripts'	New harness/internal default: not a production adoption receipt; see file order/registration and reference inventory
tests/test_grm_adm1_3_dual_frame.py	parameter:_table:dec_point	0	ABSENT	29	1.0	New harness/internal default: not a production adoption receipt; see file order/registration and reference inventory
tests/test_grm_adm1_3_dual_frame.py	parameter:_table:dec_wrong	0	ABSENT	29	0.0	New harness/internal default: not a production adoption receipt; see file order/registration and reference inventory
tests/test_grm_adm1_3_dual_frame.py	parameter:_table:k3_point	0	ABSENT	29	1.0	New harness/internal default: not a production adoption receipt; see file order/registration and reference inventory
tests/test_grm_adm1_3_dual_frame.py	parameter:_table:k3_wrong	0	ABSENT	29	0.0	New harness/internal default: not a production adoption receipt; see file order/registration and reference inventory
tests/test_grm_adm1_probe_adjudication.py	assignment::CAPTURE	0	ABSENT	11	ROOT / 'artifacts' / 'grm_adm1' / 'run_20260830T093538Z_3defaa'	New harness/internal default: not a production adoption receipt; see file order/registration and reference inventory
tests/test_grm_adm1_probe_adjudication.py	assignment::ROOT	0	ABSENT	10	Path(__file__).resolve().parents[1]	New harness/internal default: not a production adoption receipt; see file order/registration and reference inventory
tests/test_grm_det1_11_achieved.py	assignment::ROOT	0	ABSENT	22	Path(__file__).resolve().parents[1]	New harness/internal default: not a production adoption receipt; see file order/registration and reference inventory
tests/test_grm_det1_11_achieved.py	assignment::_FIXTURES	0	ABSENT	253	{'eval_0': {'fixture_id': 'eval_0', 'split': 'eval'}, 'cal_0': {'fixture_id': 'cal_0', 'split': 'calibration'}}	New harness/internal default: not a production adoption receipt; see file order/registration and reference inventory
tests/test_grm_det1_11_achieved.py	assignment::_R8_EXCLUDED	0	ABSENT	344	('sup_lumen_head', 'sup_orion_current')	New harness/internal default: not a production adoption receipt; see file order/registration and reference inventory
tests/test_grm_det1_11_achieved.py	assignment::_R8_REGISTRATION	0	ABSENT	326	{'fixtures': [{'fixture_id': 'e2e_t09_cypher_bridge', 'split': 'calibration', 'source_family': 'certified_34_turn'}, {'fixture_id': 'e2e_t16_lyra_dock', 'split': 'calibration', 'source_family': 'certified_34_turn'}, {'fixture_id': 'e2e_t05_orion_pin', 'split': 'eval', 'source_family': 'certified_34_turn'}, {'fixture_id': 'sup_praxis_fresh', 'split': 'eval', 'source_family': 'supersession_battery_on_gpt_oss'}, {'fixture_id': 'sup_lumen_head', 'split': 'eval', 'source_family': 'supersession_battery_on_gpt_oss'}, {'fixture_id': 'sup_orion_current', 'split': 'eval', 'source_family': 'supersession_battery_on_gpt_oss'}]}	New harness/internal default: not a production adoption receipt; see file order/registration and reference inventory
tests/test_grm_det1_11_achieved.py	parameter:_entries:calibration_pairs	0	ABSENT	73	2	New harness/internal default: not a production adoption receipt; see file order/registration and reference inventory
tests/test_grm_det1_11_achieved.py	parameter:_exclusions:start	0	ABSENT	85	0	New harness/internal default: not a production adoption receipt; see file order/registration and reference inventory
tests/test_grm_det1_11_census.py	assignment::ROOT	0	ABSENT	22	Path(__file__).resolve().parents[1]	New harness/internal default: not a production adoption receipt; see file order/registration and reference inventory
tests/test_grm_det1_11_census.py	parameter:_observation:mounted	0	ABSENT	45	None	New harness/internal default: not a production adoption receipt; see file order/registration and reference inventory
tests/test_grm_det1_11_census.py	parameter:_observation:reserve	0	ABSENT	45	False	New harness/internal default: not a production adoption receipt; see file order/registration and reference inventory
tests/test_grm_det1_11_census.py	parameter:_observation:split	0	ABSENT	45	'eval'	New harness/internal default: not a production adoption receipt; see file order/registration and reference inventory
tests/test_grm_det1_11_envelope_lineage.py	assignment::ENVELOPE_CONSUMERS	0	ABSENT	115	[(campaign, '_validate_stage_marker', 'stage marker + stage receipt'), (campaign, 'validate_det1_7_terminal_amendment', 'terminal amendment'), (campaign, '_calibration_thresholds', 'thresholds receipt'), (analyze, '_validate_common_stage_bindings', 'stage receipts'), (analyze, '_validate_marker_chain', 'stage markers + prerequisites'), (analyze, '_worker_shard', 'worker shard')]	New harness/internal default: not a production adoption receipt; see file order/registration and reference inventory
tests/test_grm_det1_11_envelope_lineage.py	assignment::FORBIDDEN_PINS	0	ABSENT	126	"('DET1_7_SOURCE_AUTH.name)', 'file_record(precollection_authorization_path)', 'source_auth[""record""]')"	New harness/internal default: not a production adoption receipt; see file order/registration and reference inventory
tests/test_grm_det1_11_envelope_lineage.py	assignment::ROOT	0	ABSENT	25	Path(__file__).resolve().parents[1]	New harness/internal default: not a production adoption receipt; see file order/registration and reference inventory
tests/test_grm_det1_3_snapshot.py	assignment::IDENTITY	0	ABSENT	136	{'model_revision': 'same-revision', 'model_weights_inventory_sha256': 'weights-hash', 'tokenizer_sha256': 'tokenizer-hash', 'engine_build_sha256': 'engine-hash', 'prompt_template_sha256': 'prompt-template-hash', 'dialect': 'gqa'}	New harness/internal default: not a production adoption receipt; see file order/registration and reference inventory
tests/test_grm_det1_3_snapshot.py	assignment:FakeArena:PAYLOAD	0	ABSENT	46	(('k', 2), ('v', 2))	New harness/internal default: not a production adoption receipt; see file order/registration and reference inventory
tests/test_grm_det1_3_snapshot.py	parameter:FakeArena.__init__:live	0	ABSENT	48	False	New harness/internal default: not a production adoption receipt; see file order/registration and reference inventory
tests/test_grm_det1_3_snapshot.py	parameter:FakeArena.__init__:pos	0	ABSENT	48	3	New harness/internal default: not a production adoption receipt; see file order/registration and reference inventory
tests/test_grm_det1_3_snapshot.py	parameter:_declared_synthesis_admission:dropped	0	ABSENT	623	()	New harness/internal default: not a production adoption receipt; see file order/registration and reference inventory
tests/test_grm_det1_3_snapshot.py	parameter:_declared_synthesis_admission:fitted	0	ABSENT	623	(0, 1)	New harness/internal default: not a production adoption receipt; see file order/registration and reference inventory
tests/test_grm_det1_3_snapshot.py	parameter:capture:admission_plan	0	ABSENT	229	None	New harness/internal default: not a production adoption receipt; see file order/registration and reference inventory
tests/test_grm_det1_3_snapshot.py	parameter:capture:arena	0	ABSENT	229	None	New harness/internal default: not a production adoption receipt; see file order/registration and reference inventory
tests/test_grm_det1_3_snapshot.py	parameter:capture:arm	0	ABSENT	229	None	New harness/internal default: not a production adoption receipt; see file order/registration and reference inventory
tests/test_grm_det1_3_snapshot.py	parameter:capture:finalize	0	ABSENT	229	True	New harness/internal default: not a production adoption receipt; see file order/registration and reference inventory
tests/test_grm_det1_3_snapshot.py	parameter:capture:identity	0	ABSENT	229	None	New harness/internal default: not a production adoption receipt; see file order/registration and reference inventory
tests/test_grm_det1_3_snapshot.py	parameter:capture:live_ids	0	ABSENT	229	None	New harness/internal default: not a production adoption receipt; see file order/registration and reference inventory
tests/test_grm_det1_3_snapshot.py	parameter:capture:process	0	ABSENT	229	None	New harness/internal default: not a production adoption receipt; see file order/registration and reference inventory
tests/test_grm_det1_3_snapshot.py	parameter:linked_answer:answer	0	ABSENT	205	'Nacre-6-Blue'	New harness/internal default: not a production adoption receipt; see file order/registration and reference inventory
tests/test_grm_det1_3_snapshot.py	parameter:linked_answer:mounts	0	ABSENT	205	(0,)	New harness/internal default: not a production adoption receipt; see file order/registration and reference inventory
tests/test_grm_det1_3_snapshot.py	parameter:provenance:attempt	0	ABSENT	168	0	New harness/internal default: not a production adoption receipt; see file order/registration and reference inventory
tests/test_grm_det1_3_snapshot.py	parameter:test_lived_install_accepts_non_ephemeral_feed_none_return.Arena.feed:deposit	0	ABSENT	464	True	New harness/internal default: not a production adoption receipt; see file order/registration and reference inventory
tests/test_grm_det1_5_campaign.py	parameter:_paired_rows:pair_count	0	ABSENT	196	12	New harness/internal default: not a production adoption receipt; see file order/registration and reference inventory
tests/test_grm_det1_5_campaign.py	parameter:_zero_receipt:state	0	ABSENT	98	's'	New harness/internal default: not a production adoption receipt; see file order/registration and reference inventory
tests/test_grm_det1_7_registry.py	assignment::CREATED_UTC	0	ABSENT	20	'2026-09-01T00:00:00Z'	New harness/internal default: not a production adoption receipt; see file order/registration and reference inventory
tests/test_grm_det1_7_registry.py	assignment::EVAL_UTC	0	ABSENT	21	'2026-09-01T01:00:00Z'	New harness/internal default: not a production adoption receipt; see file order/registration and reference inventory
tests/test_grm_det1_7_registry.py	assignment::EVIDENCE_UTC	0	ABSENT	19	'2026-08-31T20:00:00Z'	New harness/internal default: not a production adoption receipt; see file order/registration and reference inventory
tests/test_grm_det1_7_registry.py	parameter:_snapshot:answer	0	ABSENT	85	'registered-value'	New harness/internal default: not a production adoption receipt; see file order/registration and reference inventory
tests/test_grm_det1_7_registry.py	parameter:_snapshot:branch	0	ABSENT	85	'exactly_one_identifier_decisive_rank1'	New harness/internal default: not a production adoption receipt; see file order/registration and reference inventory
tests/test_grm_det1_7_registry.py	parameter:_snapshot:current_planned	0	ABSENT	85	None	New harness/internal default: not a production adoption receipt; see file order/registration and reference inventory
tests/test_grm_det1_7_registry.py	parameter:_snapshot:identified	0	ABSENT	85	None	New harness/internal default: not a production adoption receipt; see file order/registration and reference inventory
tests/test_grm_det1_7_registry.py	parameter:_snapshot:ranking	0	ABSENT	85	None	New harness/internal default: not a production adoption receipt; see file order/registration and reference inventory
tests/test_grm_det1_7_source_auth.py	assignment::CREATED_UTC	0	ABSENT	19	'2026-09-01T01:02:03Z'	New harness/internal default: not a production adoption receipt; see file order/registration and reference inventory
tests/test_grm_det1_8_source_auth.py	assignment::CREATED_7_UTC	0	ABSENT	18	'2026-09-01T01:02:03Z'	New harness/internal default: not a production adoption receipt; see file order/registration and reference inventory
tests/test_grm_det1_8_source_auth.py	assignment::CREATED_8_UTC	0	ABSENT	19	'2026-09-01T02:03:04Z'	New harness/internal default: not a production adoption receipt; see file order/registration and reference inventory
tests/test_grm_det1_8_source_auth.py	assignment::DET1_8_ADDITIONS	0	ABSENT	24	{'src/eight.py': 'append_only_det1_8_source_authorization'}	New harness/internal default: not a production adoption receipt; see file order/registration and reference inventory
tests/test_grm_det1_8_source_auth.py	assignment::DET1_8_CHANGES	0	ABSENT	20	{'src/a.py': 'complete_mounted_member_snapshot_payload', 'src/b.py': 'collect_complete_declared_synthesis_snapshots'}	New harness/internal default: not a production adoption receipt; see file order/registration and reference inventory
tests/test_grm_det1_9_findings.py	assignment::CREATED_UTC	0	ABSENT	31	'2026-09-01T03:04:05Z'	New harness/internal default: not a production adoption receipt; see file order/registration and reference inventory
tests/test_grm_det1_9_findings.py	assignment::PROCESS_INSTANCE	0	ABSENT	32	'1' * 64	New harness/internal default: not a production adoption receipt; see file order/registration and reference inventory
tests/test_grm_det1_9_findings.py	parameter:_fixture:plant_mode	0	ABSENT	182	None	New harness/internal default: not a production adoption receipt; see file order/registration and reference inventory
tests/test_grm_det1_9_findings.py	parameter:_fixture:t30_source_rank	0	ABSENT	182	1	New harness/internal default: not a production adoption receipt; see file order/registration and reference inventory
tests/test_grm_det1_9_findings.py	parameter:_fixture:t33_pass	0	ABSENT	182	False	New harness/internal default: not a production adoption receipt; see file order/registration and reference inventory
tests/test_grm_det1_9_findings.py	parameter:_score_rows:t30_source_rank	0	ABSENT	53	1	New harness/internal default: not a production adoption receipt; see file order/registration and reference inventory
tests/test_grm_det1_9_findings.py	parameter:_score_rows:t33_pass	0	ABSENT	53	False	New harness/internal default: not a production adoption receipt; see file order/registration and reference inventory
tests/test_grm_det1_9_source_auth.py	assignment::CREATED_7_UTC	0	ABSENT	20	'2026-09-01T01:02:03Z'	New harness/internal default: not a production adoption receipt; see file order/registration and reference inventory
tests/test_grm_det1_9_source_auth.py	assignment::CREATED_8_UTC	0	ABSENT	21	'2026-09-01T02:03:04Z'	New harness/internal default: not a production adoption receipt; see file order/registration and reference inventory
tests/test_grm_det1_9_source_auth.py	assignment::CREATED_9_UTC	0	ABSENT	22	'2026-09-01T03:04:05Z'	New harness/internal default: not a production adoption receipt; see file order/registration and reference inventory
tests/test_grm_det1_9_source_auth.py	assignment::DET1_8_ADDITIONS	0	ABSENT	27	{'src/eight.py': 'det1_8_append_only_addition'}	New harness/internal default: not a production adoption receipt; see file order/registration and reference inventory
tests/test_grm_det1_9_source_auth.py	assignment::DET1_8_CHANGES	0	ABSENT	23	{'src/a.py': 'det1_8_a_change', 'src/b.py': 'det1_8_b_change'}	New harness/internal default: not a production adoption receipt; see file order/registration and reference inventory
tests/test_grm_det1_9_source_auth.py	assignment::DET1_9_ADDITIONS	0	ABSENT	35	{'src/nine.py': 'append_only_det1_9_source_authorization'}	New harness/internal default: not a production adoption receipt; see file order/registration and reference inventory
tests/test_grm_det1_9_source_auth.py	assignment::DET1_9_CHANGES	0	ABSENT	30	{'src/a.py': 'cross_session_substitution_selection', 'src/b.py': 'cross_session_substitution_registry', 'src/eight.py': 'det1_8_added_source_successor_change'}	New harness/internal default: not a production adoption receipt; see file order/registration and reference inventory
tests/test_grm_det1_baseline_registry.py	assignment::ANSWER	0	ABSENT	34	'The current Harbor token value is Nacre-6-Blue.'	New harness/internal default: not a production adoption receipt; see file order/registration and reference inventory
tests/test_grm_det1_baseline_registry.py	assignment::HARBOR	0	ABSENT	17	{'fixture_id': 'sup_harbor_restatement', 'source_family': 'supersession_battery_on_gpt_oss', 'source': {'bytes': 2303, 'path': 'tests/fixtures/supersession_battery/correction_then_restatement.json', 'sha256': 'ea97d4007d66357442f0424f76200984e8c2f39311618a4b892e88db9ad90f4b'}, 'session_id': 'correction_then_restatement', 'scenario': 'correction_then_restatement', 'probe_id': 'harbor_restatement', 'question': 'What is the current Harbor token value?', 'target_node': 'harbor_c', 'expected_values': ['nacre-6-blue'], 'stale_values': ['morrow-5-red'], 'wrong_fact_values': ['opal-7-green']}	New harness/internal default: not a production adoption receipt; see file order/registration and reference inventory
tests/test_grm_det1_baseline_registry.py	assignment::ORION	0	ABSENT	35	{'fixture_id': 'sup_orion_current', 'source_family': 'supersession_battery_on_gpt_oss', 'source': {'bytes': 2101, 'path': 'tests/fixtures/supersession_battery/short_correction_long_competitor.json', 'sha256': 'c06decbe127dd228bdf6529b002ccdaaf5f628addda003692e5e49d9e47c1221'}, 'session_id': 'short_correction_long_competitor', 'scenario': 'short_correction_long_competitor', 'probe_id': 'orion_current', 'question': 'What is the current Orion pin value?', 'target_node': 'orion_b', 'expected_values': ['kestrel-9-tango'], 'stale_values': ['auric-4-alpha'], 'wrong_fact_values': ['vortex-3-sierra']}	New harness/internal default: not a production adoption receipt; see file order/registration and reference inventory
tests/test_grm_eb1_ephemeral_frame.py	assignment::ROOT	0	ABSENT	40	Path(__file__).resolve().parents[1]	New harness/internal default: not a production adoption receipt; see file order/registration and reference inventory
tests/test_grm_eb1_ephemeral_frame.py	assignment::_FIXTURE_TURNS	0	ABSENT	445	('What is the harbor token?', 'And the praxis dock?', 'What is the solace key?', 'Remind me of the harbor token.')	New harness/internal default: not a production adoption receipt; see file order/registration and reference inventory
tests/test_grm_eb1_ephemeral_frame.py	assignment::_TRANSCRIPT	0	ABSENT	527	[{'turn': 1, 'user': 'u1', 'assistant': 'a1', 'chat_node_id': 11}, {'turn': 2, 'user': 'u2', 'assistant': 'a2', 'chat_node_id': 12}, {'turn': 3, 'user': 'u3', 'assistant': 'a3', 'chat_node_id': 13}]	New harness/internal default: not a production adoption receipt; see file order/registration and reference inventory
tests/test_grm_eb1_ephemeral_frame.py	parameter:_ResumeArena.feed:deposit	0	ABSENT	517	True	New harness/internal default: not a production adoption receipt; see file order/registration and reference inventory
tests/test_grm_eb1_ephemeral_frame.py	parameter:_drive:turns	0	ABSENT	451	_FIXTURE_TURNS	New harness/internal default: not a production adoption receipt; see file order/registration and reference inventory
tests/test_grm_eb1_ephemeral_frame.py	parameter:_pre_eb1_step_probe:live_turns	0	ABSENT	432	2	New harness/internal default: not a production adoption receipt; see file order/registration and reference inventory
tests/test_grm_eb1_ephemeral_frame.py	parameter:_step_probe:live_turns	0	ABSENT	169	2	New harness/internal default: not a production adoption receipt; see file order/registration and reference inventory
tests/test_grm_lsr_p2a_fit_honesty.py	assignment::_LIVED_PROFILE	0	ABSENT	214	{'ranking': [3, 2, 1, 0], 'identified_candidates': [3], 'identifier_tokens': ['meridian', 'docket'], 'identifier_hit_count': 1, 'route_margin_1_2': 1.036860985747615, 'rank_plan': [3], 'policy_branch': 'exactly_one_identifier_decisive_rank1'}	New harness/internal default: not a production adoption receipt; see file order/registration and reference inventory
tests/test_grm_lsr_p2a_fit_honesty.py	parameter:_arena_probe:grounded	0	ABSENT	162	True	New harness/internal default: not a production adoption receipt; see file order/registration and reference inventory
tests/test_grm_lsr_p2a_probe_path.py	assignment::_LIVED_PROFILE	0	ABSENT	122	{'ranking': [3, 2, 1, 0], 'identified_candidates': [3], 'identifier_tokens': ['meridian', 'docket'], 'identifier_hit_count': 1, 'route_margin_1_2': 1.036860985747615, 'rank_plan': [3], 'policy_branch': 'exactly_one_identifier_decisive_rank1', 'route_backend': 'python', 'margin_threshold': 0.1385774091529802, 'rule_sha256': 'c304609f81475bd2ae3399ad180d3bb00cc5d2b44b1a49db570387c810defb91', 'route_margin_evaluated': True}	New harness/internal default: not a production adoption receipt; see file order/registration and reference inventory
tests/test_grm_lsr_p2a_probe_path.py	parameter:_StubArena.__init__:ephemeral	0	ABSENT	32	False	New harness/internal default: not a production adoption receipt; see file order/registration and reference inventory
tests/test_grm_lsr_p2a_probe_path.py	parameter:_StubArena.__init__:grounded	0	ABSENT	32	True	New harness/internal default: not a production adoption receipt; see file order/registration and reference inventory
tests/test_grm_lsr_p2a_probe_path.py	parameter:_StubArena.__init__:recency_mounts	0	ABSENT	32	0	New harness/internal default: not a production adoption receipt; see file order/registration and reference inventory
tests/test_grm_lsr_p2a_probe_path.py	parameter:_StubArena._attempt:defer_memory	0	ABSENT	89	False	New harness/internal default: not a production adoption receipt; see file order/registration and reference inventory
tests/test_grm_lsr_p2b_e2e_fixture.py	assignment::ABSTAIN_PROFILE	0	ABSENT	321	{'ranking': [1, 0], 'identified_candidates': [], 'identifier_tokens': ['lumen', 'seal'], 'rare_identifier_tokens': [], 'identifier_hit_count': 0, 'route_margin_1_2': 0.0, 'route_margin_evaluated': False, 'margin_threshold': 0.1385774091529802, 'rank_plan': [], 'policy_branch': 'no_identifier_hit', 'rule_sha256': 'c304609f81475bd2ae3399ad180d3bb00cc5d2b44b1a49db570387c810defb91', 'route_backend': 'python'}	New harness/internal default: not a production adoption receipt; see file order/registration and reference inventory
tests/test_grm_lsr_p2b_e2e_fixture.py	assignment::ARENA_WIDTH	0	ABSENT	23	96	New harness/internal default: not a production adoption receipt; see file order/registration and reference inventory
tests/test_grm_lsr_p2b_e2e_fixture.py	assignment::NODES	0	ABSENT	26	[('User: Record the lumen seal.\nAssistant: The lumen seal value is Birch-2-Beacon and the surrounding narrative runs long enough to consume most of the arena width on its own.', 70), ('User: What is the current lumen seal value?\nAssistant: The current lumen seal value is Auric-4-Alpha.', 40)]	New harness/internal default: not a production adoption receipt; see file order/registration and reference inventory
tests/test_grm_lsr_p2b_e2e_fixture.py	assignment::PROBE_IDENTIFIER	0	ABSENT	143	'What is the current lumen seal value?'	New harness/internal default: not a production adoption receipt; see file order/registration and reference inventory
tests/test_grm_lsr_p2b_e2e_fixture.py	assignment::PROBE_TOPICAL	0	ABSENT	147	'what do the records say about that'	New harness/internal default: not a production adoption receipt; see file order/registration and reference inventory
tests/test_grm_lsr_p2b_e2e_fixture.py	parameter:FixtureRepository._extract_from_new_turns:context	0	ABSENT	65	None	New harness/internal default: not a production adoption receipt; see file order/registration and reference inventory
tests/test_grm_lsr_p2b_e2e_fixture.py	parameter:FixtureRuntime._finish_turn_event:autosave	0	ABSENT	50	False	New harness/internal default: not a production adoption receipt; see file order/registration and reference inventory
tests/test_grm_lsr_p2b_e2e_fixture.py	parameter:FixtureRuntime._finish_turn_event:extraction	0	ABSENT	50	()	New harness/internal default: not a production adoption receipt; see file order/registration and reference inventory
tests/test_grm_lsr_p2b_e2e_fixture.py	parameter:_fixture_arena._attempt:defer_memory	0	ABSENT	113	False	New harness/internal default: not a production adoption receipt; see file order/registration and reference inventory
tests/test_grm_lsr_p2b_e2e_fixture.py	parameter:_fixture_arena.route:exclude	0	ABSENT	102	None	New harness/internal default: not a production adoption receipt; see file order/registration and reference inventory
tests/test_grm_lsr_p2b_e2e_fixture.py	parameter:_fixture_arena.route:limit	0	ABSENT	102	None	New harness/internal default: not a production adoption receipt; see file order/registration and reference inventory
tests/test_grm_lsr_p2b_e2e_fixture.py	parameter:_serve:grounded	0	ABSENT	150	True	New harness/internal default: not a production adoption receipt; see file order/registration and reference inventory
tests/test_grm_lsr_p2b_e2e_fixture.py	parameter:_serve:probe	0	ABSENT	150	PROBE_IDENTIFIER	New harness/internal default: not a production adoption receipt; see file order/registration and reference inventory
tests/test_grm_lsr_p2b_e2e_fixture.py	parameter:_serve:served_text	0	ABSENT	150	'The current lumen seal value is Auric-4-Alpha.'	New harness/internal default: not a production adoption receipt; see file order/registration and reference inventory
tests/test_grm_lsr_p2b_route_receipt.py	assignment::LUMEN_INFO	0	ABSENT	65	{'mounts': [2], 'mount_plan': [1, 0], 'mount_fitted': [1], 'mount_dropped_for_width': [0], 'ranking_ids': [1, 0], 'trip': 0, 'admission_policy': 'A-DEC', 'admission_policy_branch': 'declared_synthesis_identified_set', 'admission_rank_plan': [1, 0], 'admission_identified_candidates': [1, 0], 'admission_identifier_hit_count': 2, 'admission_route_margin_1_2': 0.5, 'admission_route_margin_evaluated': True, 'admission_margin_threshold': 0.1385774091529802, 'admission_rule_sha256': 'c304609f81475bd2ae3399ad180d3bb00cc5d2b44b1a49db570387c810defb91'}	New harness/internal default: not a production adoption receipt; see file order/registration and reference inventory
tests/test_grm_lsr_p2b_route_receipt.py	assignment::LUMEN_PROFILE	0	ABSENT	83	{'identifier_tokens': ['lumen', 'seal'], 'rare_identifier_tokens': [], 'ranking': [1, 0], 'rank_plan': [1, 0], 'identified_candidates': [1, 0]}	New harness/internal default: not a production adoption receipt; see file order/registration and reference inventory
tests/test_grm_lsr_p2b_route_receipt.py	assignment::P2A_INFO_FIELDS	0	ABSENT	478	{'fit_planned': [1, 0], 'fit_seated': [1], 'fit_dropped_planned': [0], 'fit_dropped_filler': [], 'fit_unseatable': [0], 'fit_shuttle': True, 'fit_shuttle_trips': [[0]], 'served_without_plan_head': False, 'abstained': True, 'abstain_reason': 'identifier_unbound', 'abstain_identifier_tokens': ['lumen', 'seal'], 'abstain_deposited_graft': 3}	New harness/internal default: not a production adoption receipt; see file order/registration and reference inventory
tests/test_grm_lsr_p2b_route_receipt.py	parameter:FakeArena.__init__:width	0	ABSENT	36	96	New harness/internal default: not a production adoption receipt; see file order/registration and reference inventory
tests/test_grm_lsr_p2b_route_receipt.py	parameter:FakeRepository.__init__:width	0	ABSENT	48	96	New harness/internal default: not a production adoption receipt; see file order/registration and reference inventory
tests/test_grm_lsr_p2b_route_receipt.py	parameter:_StepArena.step:max_trips	0	ABSENT	384	2	New harness/internal default: not a production adoption receipt; see file order/registration and reference inventory
tests/test_grm_lsr_p2b_route_receipt.py	parameter:_StepArena.step:ngen	0	ABSENT	384	64	New harness/internal default: not a production adoption receipt; see file order/registration and reference inventory
tests/test_grm_lsr_p2b_route_receipt.py	parameter:_StepRepository._extract_from_new_turns:context	0	ABSENT	402	None	New harness/internal default: not a production adoption receipt; see file order/registration and reference inventory
tests/test_grm_lsr_p2b_route_receipt.py	parameter:_node:active	0	ABSENT	52	True	New harness/internal default: not a production adoption receipt; see file order/registration and reference inventory
tests/test_grm_lsr_p2c_split_descent.py	assignment::_COMPETITOR_TEXT	0	ABSENT	474	'\n'.join(['filler one two three four five six seven eight nine ten', 'the current meridian docket value is delta-4-drift for the record', 'more filler eleven twelve thirteen fourteen fifteen sixteen'])	New harness/internal default: not a production adoption receipt; see file order/registration and reference inventory
tests/test_grm_lsr_p2c_split_descent.py	assignment::_DRIVER_PROFILE	0	ABSENT	904	{**_LIVED_PROFILE, 'route_backend': 'python', 'margin_threshold': 0.1385774091529802, 'rule_sha256': 'c304609f81475bd2ae3399ad180d3bb00cc5d2b44b1a49db570387c810defb91', 'route_margin_evaluated': True}	New harness/internal default: not a production adoption receipt; see file order/registration and reference inventory
tests/test_grm_lsr_p2c_split_descent.py	assignment::_LIVED_PROFILE	0	ABSENT	460	{'ranking': [3, 2, 1, 0], 'identified_candidates': [3], 'identifier_tokens': ['meridian', 'docket'], 'identifier_hit_count': 1, 'route_margin_1_2': 1.036860985747615, 'rank_plan': [3], 'policy_branch': 'exactly_one_identifier_decisive_rank1'}	New harness/internal default: not a production adoption receipt; see file order/registration and reference inventory
tests/test_grm_lsr_p2c_split_descent.py	assignment::_LONG_SECTIONS	0	ABSENT	155	'\n\n'.join((f'Section {i} covers alpha bravo charlie delta echo foxtrot golf hotel' for i in range(6)))	New harness/internal default: not a production adoption receipt; see file order/registration and reference inventory
tests/test_grm_lsr_p2c_split_descent.py	parameter:_descent_arena:ground_only	0	ABSENT	380	None	New harness/internal default: not a production adoption receipt; see file order/registration and reference inventory
tests/test_grm_lsr_p2c_split_descent.py	parameter:_descent_arena:grounded	0	ABSENT	380	True	New harness/internal default: not a production adoption receipt; see file order/registration and reference inventory
tests/test_grm_lsr_p2c_split_descent.py	parameter:_descent_arena:texts	0	ABSENT	380	None	New harness/internal default: not a production adoption receipt; see file order/registration and reference inventory
tests/test_grm_lsr_p2c_split_descent.py	parameter:_driver_arena.attempt:defer_memory	0	ABSENT	920	False	New harness/internal default: not a production adoption receipt; see file order/registration and reference inventory
tests/test_grm_lsr_p2c_split_descent.py	parameter:_guard_repo:kind	0	ABSENT	83	'doc'	New harness/internal default: not a production adoption receipt; see file order/registration and reference inventory
tests/test_grm_lsr_p2c_split_descent.py	parameter:_guard_repo:metadata	0	ABSENT	83	None	New harness/internal default: not a production adoption receipt; see file order/registration and reference inventory
tests/test_grm_lsr_p2c_split_descent.py	parameter:_guard_repo:tags	0	ABSENT	83	()	New harness/internal default: not a production adoption receipt; see file order/registration and reference inventory
tests/test_grm_rs1_read_strength.py	assignment::REGISTRATION	0	ABSENT	50	ROOT / 'artifacts' / 'grm_rs1' / 'registration.json'	New harness/internal default: not a production adoption receipt; see file order/registration and reference inventory
tests/test_grm_rs1_read_strength.py	assignment::ROOT	0	ABSENT	43	Path(__file__).resolve().parents[1]	New harness/internal default: not a production adoption receipt; see file order/registration and reference inventory
tests/test_grm_rs1_read_strength.py	parameter:_row:correct	0	ABSENT	173	False	New harness/internal default: not a production adoption receipt; see file order/registration and reference inventory
tests/test_grm_rs1_read_strength.py	parameter:_row:live	0	ABSENT	173	0.2	New harness/internal default: not a production adoption receipt; see file order/registration and reference inventory
tests/test_grm_rs1_read_strength.py	parameter:_row:mounted	0	ABSENT	173	0.3	New harness/internal default: not a production adoption receipt; see file order/registration and reference inventory
tests/test_grm_rs2_mount_read.py	assignment::REGISTRATION	0	ABSENT	57	ROOT / 'artifacts' / 'grm_rs2' / 'registration.json'	New harness/internal default: not a production adoption receipt; see file order/registration and reference inventory
tests/test_grm_rs2_mount_read.py	assignment::ROOT	0	ABSENT	50	Path(__file__).resolve().parents[1]	New harness/internal default: not a production adoption receipt; see file order/registration and reference inventory
tests/test_grm_rs2_mount_read.py	assignment::RS1_REGISTRATION	0	ABSENT	58	ROOT / 'artifacts' / 'grm_rs1' / 'registration.json'	New harness/internal default: not a production adoption receipt; see file order/registration and reference inventory
tests/test_grm_rs2_mount_read.py	parameter:_measured_row:correct	0	ABSENT	385	False	New harness/internal default: not a production adoption receipt; see file order/registration and reference inventory
tests/test_grm_rs2_mount_read.py	parameter:_measured_row:mounted_full	0	ABSENT	385	0.18	New harness/internal default: not a production adoption receipt; see file order/registration and reference inventory
tests/test_grm_rs2_mount_read.py	parameter:_measured_row:mounted_sliding	0	ABSENT	385	0.05	New harness/internal default: not a production adoption receipt; see file order/registration and reference inventory
tests/test_grm_rs2_mount_read.py	parameter:_measured_row:variant	0	ABSENT	385	'registered'	New harness/internal default: not a production adoption receipt; see file order/registration and reference inventory
tests/test_grm_rs2_mount_read.py	parameter:_sliding_row:window	0	ABSENT	323	128	New harness/internal default: not a production adoption receipt; see file order/registration and reference inventory
tests/test_grm_rs3_capture_pin_seat.py	assignment::HEAD_DIM	0	ABSENT	83	8	New harness/internal default: not a production adoption receipt; see file order/registration and reference inventory
tests/test_grm_rs3_capture_pin_seat.py	assignment::ROOT	0	ABSENT	67	Path(__file__).resolve().parents[1]	New harness/internal default: not a production adoption receipt; see file order/registration and reference inventory
tests/test_grm_rs3_capture_pin_seat.py	assignment::STUB_LIVE_SHIFT	0	ABSENT	90	STUB_N_SINK + STUB_WIDTH	New harness/internal default: not a production adoption receipt; see file order/registration and reference inventory
tests/test_grm_rs3_capture_pin_seat.py	assignment::STUB_N_SINK	0	ABSENT	88	7	New harness/internal default: not a production adoption receipt; see file order/registration and reference inventory
tests/test_grm_rs3_capture_pin_seat.py	assignment::STUB_WIDTH	0	ABSENT	89	40	New harness/internal default: not a production adoption receipt; see file order/registration and reference inventory
tests/test_grm_rs3_capture_pin_seat.py	assignment::TABLE_POSITIONS	0	ABSENT	84	512	New harness/internal default: not a production adoption receipt; see file order/registration and reference inventory
tests/test_grm_rs3_capture_pin_seat.py	parameter:_StubModel.__init__:n_layers	0	ABSENT	128	3	New harness/internal default: not a production adoption receipt; see file order/registration and reference inventory
tests/test_grm_rs3_capture_pin_seat.py	parameter:_arena:cls	0	ABSENT	135	GQAArenaCache	New harness/internal default: not a production adoption receipt; see file order/registration and reference inventory
tests/test_grm_rs3_capture_pin_seat.py	parameter:_arena:n_layers	0	ABSENT	135	3	New harness/internal default: not a production adoption receipt; see file order/registration and reference inventory
tests/test_grm_rs3_tables.py	assignment::GATE	0	ABSENT	281	"{'rule': ""Part 4 runs ONLY if Part 3's best arm meets the mass >= 0.50 OR flips >= 2/3 line; otherwise SKIP and say so, naming the number that triggered the skip."", 'mass_line': 0.5, 'flip_line': '2/3 of the refusers, with the correct value', 'measured_on': 'the refusers, mounted-band mass on FULL layers'}"	New harness/internal default: not a production adoption receipt; see file order/registration and reference inventory
tests/test_grm_rs3_tables.py	assignment::REGISTRATION	0	ABSENT	54	ROOT / 'artifacts' / 'grm_rs3' / 'registration.json'	New harness/internal default: not a production adoption receipt; see file order/registration and reference inventory
tests/test_grm_rs3_tables.py	assignment::ROOT	0	ABSENT	47	Path(__file__).resolve().parents[1]	New harness/internal default: not a production adoption receipt; see file order/registration and reference inventory
tests/test_grm_rs3_tables.py	parameter:_stats:broken	0	ABSENT	300	()	New harness/internal default: not a production adoption receipt; see file order/registration and reference inventory
tests/test_grm_rs3_tables.py	parameter:_stats:delta	0	ABSENT	300	0.2	New harness/internal default: not a production adoption receipt; see file order/registration and reference inventory
tests/test_grm_rs4_baseline_and_gates.py	assignment::REGISTRATION	0	ABSENT	40	ROOT / 'artifacts' / 'grm_rs4' / 'registration.json'	New harness/internal default: not a production adoption receipt; see file order/registration and reference inventory
tests/test_grm_rs4_baseline_and_gates.py	assignment::RESULTS	0	ABSENT	41	ROOT / 'artifacts' / 'grm_rs4' / 'grm_rs4_results.json'	New harness/internal default: not a production adoption receipt; see file order/registration and reference inventory
tests/test_grm_rs4_baseline_and_gates.py	assignment::ROOT	0	ABSENT	31	Path(__file__).resolve().parents[1]	New harness/internal default: not a production adoption receipt; see file order/registration and reference inventory
tests/test_grm_rs4_row_split.py	assignment::REGISTRATION	0	ABSENT	49	ROOT / 'artifacts' / 'grm_rs4' / 'registration.json'	New harness/internal default: not a production adoption receipt; see file order/registration and reference inventory
tests/test_grm_rs4_row_split.py	assignment::ROOT	0	ABSENT	36	Path(__file__).resolve().parents[1]	New harness/internal default: not a production adoption receipt; see file order/registration and reference inventory
tests/test_grm_rs4_row_split.py	assignment::RS3_C5_FED	0	ABSENT	56	211	New harness/internal default: not a production adoption receipt; see file order/registration and reference inventory
tests/test_grm_rs4_row_split.py	assignment::RS3_C5_N_SINK	0	ABSENT	55	19	New harness/internal default: not a production adoption receipt; see file order/registration and reference inventory
tests/test_grm_rs4_row_split.py	assignment::RS3_C5_QUESTION	0	ABSENT	57	36	New harness/internal default: not a production adoption receipt; see file order/registration and reference inventory
tests/test_grm_rs4_row_split.py	assignment::RS3_C5_S	0	ABSENT	54	266	New harness/internal default: not a production adoption receipt; see file order/registration and reference inventory
tests/test_grm_rs4_row_split.py	parameter:_probs:seed	0	ABSENT	60	0	New harness/internal default: not a production adoption receipt; see file order/registration and reference inventory
tests/test_grm_rt1_split_child_routing.py	assignment::FIXTURE	0	ABSENT	55	ROOT / 'tests/fixtures/supersession_battery/fresh_fact_controls.json'	New harness/internal default: not a production adoption receipt; see file order/registration and reference inventory
tests/test_grm_rt1_split_child_routing.py	assignment::LIVED_SOLACE_RANKING	0	ABSENT	61	[2, 4, 3, 1, 0]	New harness/internal default: not a production adoption receipt; see file order/registration and reference inventory
tests/test_grm_rt1_split_child_routing.py	assignment::LIVED_SPLIT_CHILDREN	0	ABSENT	66	[3, 4]	New harness/internal default: not a production adoption receipt; see file order/registration and reference inventory
tests/test_grm_rt1_split_child_routing.py	assignment::LIVED_SPLIT_PARENT	0	ABSENT	65	2	New harness/internal default: not a production adoption receipt; see file order/registration and reference inventory
tests/test_grm_rt1_split_child_routing.py	assignment::ROOT	0	ABSENT	54	Path(__file__).resolve().parents[1]	New harness/internal default: not a production adoption receipt; see file order/registration and reference inventory
tests/test_grm_rt1_split_child_routing.py	assignment::_SOLACE_TEXTS	0	ABSENT	410	['the current praxis dock value is quartz-8-jade', 'the current solace key value is raven-9-ivory', 'long planning transcript naming the praxis dock and the solace key as index context and owning neither fact', 'long planning transcript naming the praxis dock and the solace key while cataloging search terms but owning neither fact', 'after that background they recorded that the current tundra ledger value is sable-0-copper and the solace key reference is index context']	New harness/internal default: not a production adoption receipt; see file order/registration and reference inventory
tests/test_grm_rt1_split_child_routing.py	parameter:_profile_arena:split_members	0	ABSENT	422	()	New harness/internal default: not a production adoption receipt; see file order/registration and reference inventory
tests/test_grm_sc1_1_grounding_glyphs.py	assignment::ROOT	0	ABSENT	30	Path(__file__).resolve().parents[1]	New harness/internal default: not a production adoption receipt; see file order/registration and reference inventory
tests/test_grm_sc1_1_grounding_glyphs.py	assignment::_ASCII_SOURCE	0	ABSENT	195	'The current Praxis dock value is Quartz-8-Jade.'	New harness/internal default: not a production adoption receipt; see file order/registration and reference inventory
tests/test_grm_sc1_1_grounding_glyphs.py	assignment::_U2011_ANSWER	0	ABSENT	194	'The current Praxis dock value is **Quartz‑8‑Jade**.'	New harness/internal default: not a production adoption receipt; see file order/registration and reference inventory
tests/test_grm_sc1_2_e2e_pairs.py	assignment::ROOT	0	ABSENT	25	Path(__file__).resolve().parents[1]	New harness/internal default: not a production adoption receipt; see file order/registration and reference inventory
tests/test_grm_sc1_demand_loop.py	assignment::QUESTION	0	ABSENT	363	'What is the current Meridian docket value?'	New harness/internal default: not a production adoption receipt; see file order/registration and reference inventory
tests/test_grm_sc1_demand_loop.py	assignment::RACE_THRESHOLDS	0	ABSENT	40	ROOT / 'artifacts' / 'grm_det1' / 'run_20260831T160525Z_2' / 'det1_4' / 'campaign' / 'calibration' / 'thresholds_2149a44b6136fd1b.json'	New harness/internal default: not a production adoption receipt; see file order/registration and reference inventory
tests/test_grm_sc1_demand_loop.py	assignment::ROOT	0	ABSENT	39	Path(__file__).resolve().parents[1]	New harness/internal default: not a production adoption receipt; see file order/registration and reference inventory
tests/test_grm_sc1_demand_loop.py	assignment::THRESHOLD	0	ABSENT	44	0.3380523274342219	New harness/internal default: not a production adoption receipt; see file order/registration and reference inventory
tests/test_grm_sc1_demand_loop.py	assignment::_LIVED_PROFILE	0	ABSENT	348	{'ranking': [3, 2, 1, 0], 'identified_candidates': [3], 'identifier_tokens': ['meridian', 'docket'], 'identifier_hit_count': 1, 'route_margin_1_2': 1.036860985747615, 'rank_plan': [3], 'policy_branch': 'exactly_one_identifier_decisive_rank1', 'route_backend': 'python', 'margin_threshold': 0.1385774091529802, 'rule_sha256': 'c304609f81475bd2ae3399ad180d3bb00cc5d2b44b1a49db570387c810defb91', 'route_margin_evaluated': True}	New harness/internal default: not a production adoption receipt; see file order/registration and reference inventory
tests/test_grm_sc1_demand_loop.py	parameter:_DemandArena.__init__:answers	0	ABSENT	384	None	New harness/internal default: not a production adoption receipt; see file order/registration and reference inventory
tests/test_grm_sc1_demand_loop.py	parameter:_DemandArena.__init__:grounded	0	ABSENT	384	None	New harness/internal default: not a production adoption receipt; see file order/registration and reference inventory
tests/test_grm_sc1_demand_loop.py	parameter:_DemandArena.__init__:width	0	ABSENT	384	96	New harness/internal default: not a production adoption receipt; see file order/registration and reference inventory
tests/test_grm_sc1_demand_loop.py	parameter:_DemandArena._attempt:defer_memory	0	ABSENT	448	False	New harness/internal default: not a production adoption receipt; see file order/registration and reference inventory
tests/test_grm_sc1_demand_loop.py	parameter:_pin_rows._FakeObserver.__init__:early_abort	0	ABSENT	510	False	New harness/internal default: not a production adoption receipt; see file order/registration and reference inventory
tests/test_grm_sc1_demand_loop.py	parameter:_step_arena.attempt:defer_memory	0	ABSENT	738	False	New harness/internal default: not a production adoption receipt; see file order/registration and reference inventory
tests/test_grm_sc1_demand_loop.py	parameter:_step_arena:answers	0	ABSENT	680	None	New harness/internal default: not a production adoption receipt; see file order/registration and reference inventory
tests/test_grm_sc1_demand_loop.py	parameter:_step_arena:grounded	0	ABSENT	680	None	New harness/internal default: not a production adoption receipt; see file order/registration and reference inventory
tests/test_grm_sc1_demand_loop.py	parameter:_step_arena:width	0	ABSENT	680	96	New harness/internal default: not a production adoption receipt; see file order/registration and reference inventory
tests/test_grm_sc2_calibration_early_abort.py	assignment::CARRIED	0	ABSENT	53	0.3380523274342219	New harness/internal default: not a production adoption receipt; see file order/registration and reference inventory
tests/test_grm_sc2_calibration_early_abort.py	assignment::ROOT	0	ABSENT	41	Path(__file__).resolve().parents[1]	New harness/internal default: not a production adoption receipt; see file order/registration and reference inventory
tests/test_grm_sc2_calibration_early_abort.py	assignment::_LIVED_PROFILE	0	ABSENT	758	{'ranking': [3, 2, 1, 0], 'identified_candidates': [3], 'identifier_tokens': ['meridian', 'docket'], 'identifier_hit_count': 1, 'route_margin_1_2': 1.036860985747615, 'rank_plan': [3], 'policy_branch': 'exactly_one_identifier_decisive_rank1', 'route_backend': 'python', 'margin_threshold': 0.1385774091529802, 'rule_sha256': 'c304609f81475bd2ae3399ad180d3bb00cc5d2b44b1a49db570387c810defb91', 'route_margin_evaluated': True}	New harness/internal default: not a production adoption receipt; see file order/registration and reference inventory
tests/test_grm_sc2_calibration_early_abort.py	assignment::_QUESTION	0	ABSENT	754	'What is the current Solace key value?'	New harness/internal default: not a production adoption receipt; see file order/registration and reference inventory
tests/test_grm_sc2_calibration_early_abort.py	assignment:_ResumeArena:PAYLOAD	0	ABSENT	350	()	New harness/internal default: not a production adoption receipt; see file order/registration and reference inventory
tests/test_grm_sc2_calibration_early_abort.py	parameter:_ResumeArena._forward:last_only	0	ABSENT	407	True	New harness/internal default: not a production adoption receipt; see file order/registration and reference inventory
tests/test_grm_sc2_calibration_early_abort.py	parameter:_ScriptedObserver.__enter__.forward_wrapper:last_only	0	ABSENT	437	True	New harness/internal default: not a production adoption receipt; see file order/registration and reference inventory
tests/test_grm_sc2_calibration_early_abort.py	parameter:_abort_step_arena.attempt:defer_memory	0	ABSENT	835	False	New harness/internal default: not a production adoption receipt; see file order/registration and reference inventory
tests/test_grm_sc2_calibration_early_abort.py	parameter:_abort_step_arena.attempt:suspended	0	ABSENT	835	None	New harness/internal default: not a production adoption receipt; see file order/registration and reference inventory
tests/test_grm_sc2_calibration_early_abort.py	parameter:_abort_step_arena:abort_at	0	ABSENT	774	None	New harness/internal default: not a production adoption receipt; see file order/registration and reference inventory
tests/test_grm_sc2_calibration_early_abort.py	parameter:_abort_step_arena:answers	0	ABSENT	774	None	New harness/internal default: not a production adoption receipt; see file order/registration and reference inventory
tests/test_grm_sc2_calibration_early_abort.py	parameter:_abort_step_arena:grounded	0	ABSENT	774	None	New harness/internal default: not a production adoption receipt; see file order/registration and reference inventory
tests/test_grm_sc2_calibration_early_abort.py	parameter:_pin_observer._FakeObserver.__init__:early_abort	0	ABSENT	884	False	New harness/internal default: not a production adoption receipt; see file order/registration and reference inventory
tests/test_grm_sc2_calibration_early_abort.py	parameter:_run_attempt:ngen	0	ABSENT	479	6	New harness/internal default: not a production adoption receipt; see file order/registration and reference inventory
tests/test_grm_supersession_battery.py	cli:parse_args:'--resolve'	691	action='store_true'	754	action=argparse.BooleanOptionalAction; default=None	New harness/internal default: not a production adoption receipt; see file order/registration and reference inventory
tests/test_grm_wc1_sweep.py	assignment::BASE_FRAME	0	ABSENT	48	{'resolved_flags': {'adm_decisive': True, 'arena_width': 96, 'live_turns': 2, 'ngen': 32, 'topk': 3}, 'model': {'path': '/models/gpt-oss-20b', 'revision': 'deadbeef'}, 'schema': 'grm.det1.runtime_frame.v1'}	New harness/internal default: not a production adoption receipt; see file order/registration and reference inventory
tests/test_grm_wc1_sweep.py	assignment::ROOT	0	ABSENT	27	Path(__file__).resolve().parents[1]	New harness/internal default: not a production adoption receipt; see file order/registration and reference inventory
tests/test_lsr_p2c_1_census.py	assignment::ROOT	0	ABSENT	21	Path(__file__).resolve().parents[1]	New harness/internal default: not a production adoption receipt; see file order/registration and reference inventory
tests/test_lsr_p2c_1_census.py	parameter:_result:arm1_correct	0	ABSENT	444	True	New harness/internal default: not a production adoption receipt; see file order/registration and reference inventory
tests/test_lsr_p2c_1_census.py	parameter:_result:arm1_value	0	ABSENT	444	'v'	New harness/internal default: not a production adoption receipt; see file order/registration and reference inventory
tests/test_lsr_p2c_1_census.py	parameter:_result:lived	0	ABSENT	444	'v'	New harness/internal default: not a production adoption receipt; see file order/registration and reference inventory
tests/test_lsr_p2c_1_census.py	parameter:_result:lived_correct	0	ABSENT	444	True	New harness/internal default: not a production adoption receipt; see file order/registration and reference inventory
tests/test_lsr_p2c_1_census.py	parameter:_result:node_index	0	ABSENT	444	5	New harness/internal default: not a production adoption receipt; see file order/registration and reference inventory
tests/test_lsr_p2c_1_census.py	parameter:_result:reachable	0	ABSENT	444	True	New harness/internal default: not a production adoption receipt; see file order/registration and reference inventory
tests/test_lsr_p2c_1_census.py	parameter:_result:reproduced	0	ABSENT	444	True	New harness/internal default: not a production adoption receipt; see file order/registration and reference inventory
tests/test_lsr_p2c_1_census.py	parameter:_result:turn	0	ABSENT	444	1	New harness/internal default: not a production adoption receipt; see file order/registration and reference inventory
tests/test_qwen38_cpu.py	parameter:_TinyTokenizer.decode:skip_special_tokens	0	ABSENT	545	False	New harness/internal default: not a production adoption receipt; see file order/registration and reference inventory
tests/test_qwen38_cpu.py	parameter:_TinyTokenizer.encode:add_special_tokens	0	ABSENT	541	False	New harness/internal default: not a production adoption receipt; see file order/registration and reference inventory
tests/test_qwen38_cpu.py	parameter:test_qwen38_attention_baseline_path_resolves_functional_api.FakeTC.cat:dim	0	ABSENT	449	0	New harness/internal default: not a production adoption receipt; see file order/registration and reference inventory
tests/test_qwen38_cpu.py	parameter:test_qwen38_chunked_prefill_control_flow_and_cache_consumption.forward:last_token_only	0	ABSENT	384	False	New harness/internal default: not a production adoption receipt; see file order/registration and reference inventory
tests/test_qwen38_cpu.py	parameter:test_qwen38_chunked_prefill_control_flow_and_cache_consumption.forward:max_layers	0	ABSENT	384	None	New harness/internal default: not a production adoption receipt; see file order/registration and reference inventory
tests/test_qwen38_cpu.py	parameter:test_qwen38_concat_cache_delegates_to_inherited_attention_unchanged.inherited:kv_cache	0	ABSENT	492	None	New harness/internal default: not a production adoption receipt; see file order/registration and reference inventory
tests/test_qwen38_cpu.py	parameter:test_qwen38_concat_cache_delegates_to_inherited_attention_unchanged.inherited:position_offset	0	ABSENT	492	0	New harness/internal default: not a production adoption receipt; see file order/registration and reference inventory
