{
  "device_device_ms": 0.5609920024871826,
  "device_topk": [
    [
      1792,
      1353,
      899,
      552,
      1606
    ],
    [
      1096,
      322,
      571,
      1018,
      576
    ],
    [
      940,
      1973,
      1955,
      382,
      1348
    ],
    [
      1823,
      1311,
      98,
      31,
      1172
    ],
    [
      1589,
      1152,
      1346,
      179,
      701
    ],
    [
      436,
      48,
      201,
      1676,
      377
    ]
  ],
  "device_wall_ms": 0.585336,
  "dim": 128,
  "host_device_ms": 51.80825424194336,
  "host_topk": [
    [
      1792,
      1353,
      899,
      552,
      1606
    ],
    [
      1096,
      322,
      571,
      1018,
      576
    ],
    [
      940,
      1973,
      1955,
      382,
      1348
    ],
    [
      1823,
      1311,
      98,
      31,
      1172
    ],
    [
      1589,
      1152,
      1346,
      179,
      701
    ],
    [
      436,
      48,
      201,
      1676,
      377
    ]
  ],
  "host_wall_ms": 51.932668,
  "match": true,
  "nodes": 2000,
  "queries": 6,
  "schema": "grm-mla-cuda-device-entry-parity-v1",
  "topk": 5
}