{
  "mode": "standard",
  "window": 2048,
  "stride": 512,
  "refine_percentile": null,
  "n_windows": 8,
  "scored_tokens": 5631,
  "mean_nll": 2.8016761583952667,
  "ppl": 16.472233717426654,
  "elapsed_s": 60.82731819152832,
  "engagement": {
    "APA_ENGAGED": null
  }
}