{
  "backend": "cuda",
  "bridge_results": [
    [
      11,
      102,
      151,
      177,
      187
    ],
    [
      48,
      273,
      145,
      339,
      113
    ],
    [
      85,
      68,
      398,
      12,
      4
    ]
  ],
  "bridge_wall_ms_first": 2204.373953,
  "bridge_wall_ms_min": 1.228243,
  "bridge_wall_ms_runs": [
    2204.373953,
    1.228243,
    1.234625
  ],
  "capture": {
    "capture_dir": "/mnt/ForgeRealm/qwen35_graft_translation_poc/captures",
    "first_shards": [
      "/mnt/ForgeRealm/qwen35_graft_translation_poc/captures/source_doc00cd7dc0ec810389_chunk009271.npz",
      "/mnt/ForgeRealm/qwen35_graft_translation_poc/captures/source_doc00cd7dc0ec810389_chunk009272.npz",
      "/mnt/ForgeRealm/qwen35_graft_translation_poc/captures/source_doc00cd7dc0ec810389_chunk009273.npz",
      "/mnt/ForgeRealm/qwen35_graft_translation_poc/captures/source_doc04bc65bb2095774e_chunk007730.npz",
      "/mnt/ForgeRealm/qwen35_graft_translation_poc/captures/source_doc04bc65bb2095774e_chunk007731.npz"
    ],
    "head_dim": 256,
    "key_name": "l3_k",
    "key_tokens": 256,
    "kv_heads": 2,
    "layer": 3,
    "role": "source",
    "shards": 595,
    "skipped_shape": 5
  },
  "direct_cuda_results": [
    [
      11,
      102,
      151,
      177,
      187
    ],
    [
      48,
      273,
      145,
      339,
      113
    ],
    [
      85,
      68,
      398,
      12,
      4
    ]
  ],
  "expected_results": [
    [
      11,
      102,
      151,
      177,
      187
    ],
    [
      48,
      273,
      145,
      339,
      113
    ],
    [
      85,
      68,
      398,
      12,
      4
    ]
  ],
  "last_cuda_receipt": {
    "device_route_ms_per_query": 0.7403519749641418,
    "device_route_ms_runs": [
      0.7505919933319092,
      0.7396479845046997,
      0.7393280267715454,
      0.7567359805107117,
      0.7394559979438782,
      0.7383040189743042,
      0.7393280267715454,
      0.7464960217475891,
      0.7403519749641418,
      0.7393280267715454,
      0.7407039999961853,
      0.7403519749641418
    ],
    "device_route_ms_total": 0.7403519749641418,
    "measured_queries": 1,
    "route_repeats": 12,
    "route_wall_ms": 0.807226,
    "route_wall_ms_first": 0.799773,
    "route_wall_ms_min": 0.765868,
    "route_wall_ms_runs": [
      0.799773,
      0.769526,
      0.769345,
      0.788481,
      0.767091,
      0.765868,
      0.773824,
      0.781047,
      0.77739,
      0.769615,
      0.906644,
      0.807226
    ]
  },
  "mismatches": [],
  "nodes": 512,
  "parity": true,
  "preset": "qwen35-2b-attn",
  "queries": 3,
  "schema": "grm_gqa_cuda_bridge_smoke_v1",
  "shape": {
    "key_bank": [
      512,
      2,
      256,
      256
    ],
    "queries": [
      3,
      8,
      4,
      256
    ],
    "routes": [
      512,
      1,
      2,
      256,
      256
    ]
  },
  "topk": 5
}