{
  "cold_route": [
    11,
    102,
    151,
    177,
    187
  ],
  "cold_wall_ms": 2344.905049,
  "control_wall_ms_mean": 162.73602844666667,
  "control_wall_ms_median": 161.71325050000002,
  "control_wall_ms_min": 155.354073,
  "control_wall_ms_runs": [
    168.332338,
    164.322755,
    172.556728,
    168.428961,
    163.479302,
    161.791082,
    156.689125,
    161.90116,
    162.646448,
    163.09219,
    160.129875,
    163.664491,
    167.524984,
    168.562975,
    164.972011,
    170.069911,
    181.117739,
    182.304822,
    167.117434,
    164.596582,
    168.401349,
    166.100122,
    160.590695,
    163.686293,
    160.707385,
    163.833721,
    161.338929,
    172.723473,
    168.197614,
    169.836931,
    168.985382,
    170.246093,
    170.033512,
    169.141207,
    171.518988,
    161.106429,
    160.424812,
    164.12946,
    160.020207,
    161.448345,
    159.49201,
    164.199031,
    166.420227,
    162.740065,
    162.666175,
    166.383638,
    160.823836,
    163.559303,
    163.222346,
    160.677119,
    158.674946,
    157.588464,
    161.899677,
    162.314692,
    164.89772,
    160.908045,
    162.097061,
    159.372414,
    161.718746,
    161.188304,
    162.111097,
    159.594153,
    157.502932,
    160.543676,
    162.038139,
    163.534285,
    165.936673,
    160.977596,
    158.351385,
    162.216426,
    163.191868,
    158.855157,
    163.939471,
    162.855173,
    159.389135,
    163.422043,
    160.627805,
    161.5834,
    165.261548,
    161.539747,
    159.00481,
    159.401218,
    158.361724,
    161.012672,
    161.964681,
    158.833166,
    160.176413,
    157.144987,
    159.173137,
    163.508397,
    166.028176,
    158.944996,
    161.514831,
    158.095131,
    167.22112,
    171.032079,
    172.589089,
    166.450374,
    162.295255,
    163.777234,
    162.287381,
    162.499531,
    172.369966,
    169.124285,
    164.549603,
    162.344548,
    168.598341,
    163.465566,
    163.377629,
    164.39424,
    166.880636,
    162.320934,
    160.492129,
    161.62565,
    163.486626,
    164.869688,
    166.895906,
    161.849053,
    169.113144,
    171.058989,
    165.030682,
    166.260334,
    166.047463,
    158.388907,
    158.905352,
    169.057458,
    160.254701,
    159.968099,
    158.741763,
    158.790164,
    158.689714,
    163.518736,
    161.004357,
    160.989438,
    160.87377,
    160.580866,
    157.606668,
    161.146816,
    161.227748,
    164.862024,
    160.402179,
    159.083117,
    162.187372,
    165.613643,
    158.268789,
    162.484763,
    164.54249,
    162.428787,
    158.421217,
    162.947648,
    160.505524,
    164.055089,
    163.95491,
    163.733352,
    160.305757,
    163.836576,
    163.350389,
    161.399383,
    162.510773,
    159.356343,
    160.321537,
    165.472697,
    158.747433,
    161.425071,
    164.549433,
    163.079597,
    161.735888,
    167.255645,
    159.406989,
    157.546424,
    158.815602,
    157.408865,
    155.354073,
    161.603278,
    157.434233,
    157.417361,
    156.013008,
    158.460361,
    165.430888,
    163.251451,
    179.76304,
    161.512346,
    172.704889,
    170.510644,
    159.080994,
    159.684744,
    156.754789,
    167.874333,
    164.146432,
    163.931867,
    162.450668,
    166.276125,
    163.472989,
    165.316122,
    159.358147,
    162.743021,
    166.58623,
    163.66375,
    157.990414,
    158.190542,
    164.707992,
    167.668174,
    159.395508,
    159.729759,
    158.536215,
    158.584656,
    157.643208,
    159.120769,
    160.571388,
    160.409192,
    158.699714,
    158.664026,
    159.639188,
    158.34328,
    160.265781,
    161.707755,
    157.859467,
    158.883801,
    160.26011,
    158.460181,
    162.184236,
    164.250629,
    157.91455,
    157.477785,
    161.913354,
    158.548047,
    160.645819,
    179.707937,
    160.620031,
    160.905751,
    157.491912,
    160.15921,
    166.074434,
    161.055233,
    158.842303,
    159.943343,
    170.75245,
    170.4771,
    172.633383,
    164.412444,
    170.165662,
    161.271441,
    165.941392,
    164.631648,
    168.112704,
    159.068019,
    159.690695,
    160.622555,
    159.344762,
    159.803278,
    161.9961,
    161.061184,
    158.235186,
    159.710733,
    161.125656,
    159.907645,
    162.512896,
    160.784842,
    159.464579,
    158.335315,
    161.84278,
    160.428359,
    163.673819,
    160.636702,
    157.881027,
    157.743838,
    165.879225,
    160.025938,
    165.542829,
    165.868605,
    162.462822,
    160.293214,
    161.013394,
    160.996632,
    163.888314,
    160.395407,
    158.036841,
    158.810743,
    156.78172,
    163.830405,
    181.884748,
    178.842822,
    182.035593,
    169.576128,
    159.120388,
    166.947302,
    165.241962,
    157.654349,
    158.870045,
    156.821215,
    158.98904,
    158.806736,
    160.743624,
    158.773943,
    158.604924,
    156.47434,
    157.158011,
    158.401771,
    161.778059,
    158.808709
  ],
  "node_count": 512,
  "profile_repeats": 300,
  "profiled_wall_ms_mean": 161.98460878333333,
  "profiled_wall_ms_min": 158.211087,