{
  "cold_route": [
    11,
    102,
    48,
    31,
    4
  ],
  "cold_wall_ms": 1829.632348,
  "control_wall_ms_mean": 39.86641696,
  "control_wall_ms_median": 39.555981,
  "control_wall_ms_min": 38.476385,
  "control_wall_ms_runs": [
    39.318513,
    39.112423,
    39.113034,
    39.207874,
    40.376685,
    40.483267,
    39.011552,
    39.151446,
    39.725974,
    39.131028,
    39.707729,
    39.444431,
    39.465571,
    39.556262,
    39.462254,
    39.630964,
    40.501602,
    40.593977,
    42.436063,
    41.269044,
    39.267847,
    39.370381,
    39.97776,
    39.690797,
    39.761831,
    40.826777,
    39.253199,
    39.3751,
    39.558927,
    40.92836,
    40.786461,
    39.204427,
    39.514483,
    40.255395,
    38.959392,
    39.147569,
    39.060995,
    39.205027,
    39.156515,
    38.96365,
    39.140395,
    40.523644,
    42.979902,
    40.880509,
    39.261284,
    39.226308,
    39.599784,
    39.22226,
    39.289027,
    39.458827,
    39.408933,
    39.211109,
    39.006101,
    39.075883,
    39.52345,
    41.144768,
    39.19065,
    39.162848,
    39.303093,
    39.254,
    39.267986,
    39.6926,
    39.330785,
    39.038812,
    39.393454,
    39.224774,
    40.81745,
    42.147056,
    39.620284,
    40.322171,
    39.478605,
    39.25898,
    39.807898,
    39.270591,
    39.191201,
    39.171343,
    39.064401,
    38.996382,
    39.241356,
    39.29112,
    40.504065,
    39.395909,
    39.403032,
    39.669696,
    39.260492,
    39.239442,
    39.747624,
    40.999774,
    39.215637,
    38.901192,
    39.299436,
    44.177269,
    40.484629,
    39.612428,
    41.373201,
    42.124924,
    39.413171,
    39.525734,
    39.820421,
    39.575518,
    39.024495,
    39.049072,
    39.245023,
    39.092924,
    40.720104,
    41.17211,
    41.390293,
    38.804138,
    39.128963,
    39.046767,
    39.093506,
    39.598161,
    39.741832,
    38.947278,
    39.359199,
    41.842409,
    39.8198,
    39.679685,
    39.288374,
    39.55555,
    39.579105,
    39.619421,
    39.288004,
    39.102031,
    40.829161,
    39.268687,
    39.174158,
    40.67513,
    39.50279,
    39.230004,
    40.4907,
    40.757084,
    39.403121,
    39.602819,
    39.498242,
    39.345823,
    39.734008,
    40.02586,
    39.961929,
    41.713895,
    39.948304,
    39.432627,
    40.798553,
    39.714611,
    40.04204,
    40.150556,
    40.688224,
    42.660447,
    40.384258,
    39.551372,
    43.025267,
    42.702957,
    39.966398,
    40.219176,
    39.589434,
    40.675409,
    40.514414,
    39.787669,
    39.274849,
    39.660769,
    39.732134,
    40.084351,
    40.947875,
    42.948892,
    39.834458,
    39.590196,
    39.999941,
    40.088979,
    39.317239,
    39.67751,
    39.09585,
    39.844416,
    39.448287,
    39.607538,
    39.341083,
    39.110096,
    39.197693,
    38.914136,
    38.765885,
    39.000238,
    39.793911,
    40.087977,
    38.865052,
    38.982656,
    38.87447,
    38.601434,
    38.887866,
    41.673087,
    39.912014,
    39.345591,
    39.458285,
    39.53445,
    39.626434,
    39.637615,
    39.594994,
    39.507108,
    39.882689,
    39.40284,
    40.224054,
    39.481319,
    39.49774,
    39.461852,
    39.5557,
    39.563575,
    39.607147,
    39.932914,
    40.842395,
    39.279106,
    39.32333,
    39.27055,
    39.712867,
    42.003312,
    40.666402,
    39.572711,
    39.896324,
    39.531294,
    39.464267,
    40.541896,
    40.041208,
    39.486378,
    39.520333,
    39.781667,
    39.416206,
    39.441684,
    39.850438,
    39.596066,
    39.602718,
    39.597278,
    39.182043,
    39.447254,
    39.495455,
    40.956059,
    39.607598,
    39.390376,
    39.654005,
    42.664263,
    41.189361,
    41.477046,
    39.999369,
    39.384435,
    40.097935,
    39.13334,
    39.263186,
    42.246412,
    40.680258,
    39.36592,
    39.770245,
    41.143324,
    39.217109,
    39.59841,
    40.043152,
    39.413279,
    42.000988,
    39.308261,
    39.054641,
    39.231916,
    41.031603,
    39.949464,
    39.626774,
    41.222784,
    43.116529,
    39.391528,
    40.304245,
    39.131717,
    39.25492,
    39.110456,
    39.097432,
    39.636271,
    40.476081,
    41.961182,
    41.452228,
    39.579915,
    39.995071,
    39.100037,
    39.414542,
    40.160683,
    39.444158,
    39.352645,
    38.92772,
    39.211457,
    39.281319,
    40.436706,
    41.578989,
    42.366809,
    40.994602,
    41.171026,
    38.931307,
    39.222979,
    39.020285,
    38.476385,
    40.310738,
    39.309522,
    39.432415,
    42.746829,
    40.076083,
    39.151574,
    39.417918,
    41.432631,
    38.937289,
    40.299406
  ],
  "node_count": 128,
  "profile_repeats": 300,
  "profiled_wall_ms_mean": 40.33844469666666,
  "profiled_wall_ms_min": 39.304491,